Monitoring_ID,Patient_ID,Recorded_Date,Blood_Pressure,Blood_Glucose,Temperature_F,Heart_Rate
HM00001,P0435,2026-05-16,132/88,124.3,98.8,77
HM00002,P0346,2026-02-05,101/92,94.4,97.4,75
HM00003,P0133,2026-06-14,106/74,127.0,98.5,67
HM00004,P0310,2026-04-15,115/92,132.4,100.1,92
HM00005,P0406,2026-06-02,147/63,141.7,98.2,71
HM00006,P0970,2026-05-09,128/91,132.5,97.4,86
HM00007,P0669,2026-05-24,112/82,104.4,98.0,87
HM00008,P0565,2026-03-03,104/103,60.0,97.7,82
HM00009,P0138,2026-05-30,136/78,113.0,98.6,75
HM00010,P0462,2026-06-30,152/90,145.5,97.3,77
HM00011,P0250,2026-01-18,118/67,127.6,97.7,85
HM00012,P0955,2026-03-12,103/100,83.6,98.4,87
HM00013,P0011,2026-03-10,113/90,72.0,99.5,78
HM00014,P0401,2026-06-05,113/76,143.3,97.7,69
HM00015,P0263,2026-08-28,120/65,178.7,97.7,87
HM00016,P0397,2026-01-05,129/68,114.8,98.9,75
HM00017,P0084,2026-02-22,148/92,147.2,97.8,65
HM00018,P0001,2026-06-05,112/82,134.1,96.2,77
HM00019,P0778,2026-08-05,128/76,160.2,98.6,93
HM00020,P0782,2026-05-12,120/91,172.2,99.4,64
HM00021,P0836,2026-09-07,119/75,132.1,98.8,67
HM00022,P0811,2026-03-13,126/55,165.5,97.7,78
HM00023,P0989,2026-01-13,118/93,60.0,98.2,76
HM00024,P0173,2026-01-06,115/100,83.9,98.9,82
HM00025,P0496,2026-06-14,150/71,89.3,99.2,83
HM00026,P0763,2026-06-24,94/73,128.5,99.0,69
HM00027,P0636,2026-02-21,90/86,72.3,96.4,45
HM00028,P0267,2026-09-22,141/81,107.1,99.5,85
HM00029,P0468,2026-04-22,157/63,113.8,96.7,75
HM00030,P0182,2026-04-04,120/87,116.6,98.8,86
HM00031,P0882,2026-03-05,168/76,82.1,98.4,68
HM00032,P0720,2026-07-23,154/76,95.2,97.8,86
HM00033,P0329,2026-03-19,121/72,173.3,97.4,78
HM00034,P0060,2026-01-13,138/60,131.8,97.3,87
HM00035,P0753,2026-01-20,105/88,153.7,99.0,81
HM00036,P0265,2026-02-01,120/73,166.5,97.6,65
HM00037,P0467,2026-08-10,138/70,81.7,96.9,72
HM00038,P0748,2026-08-08,123/82,148.3,98.7,75
HM00039,P0499,2026-01-12,121/86,159.5,98.3,72
HM00040,P0260,2026-03-21,105/62,138.3,98.7,84
HM00041,P0397,2026-05-21,122/96,98.1,99.1,77
HM00042,P0846,2026-09-02,112/87,129.3,98.5,78
HM00043,P0882,2026-01-27,124/108,156.4,98.9,79
HM00044,P0384,2026-08-05,145/86,115.9,97.9,77
HM00045,P0521,2026-01-04,90/82,97.9,99.6,78
HM00046,P0400,2026-07-22,101/79,78.4,98.6,81
HM00047,P0288,2026-01-09,144/70,116.2,97.0,86
HM00048,P0042,2026-03-22,135/85,115.1,98.6,97
HM00049,P0835,2026-02-21,119/81,77.0,97.4,79
HM00050,P0941,2026-07-24,147/76,106.7,97.8,71
HM00051,P0786,2026-05-25,130/62,159.8,97.6,86
HM00052,P0180,2026-04-19,99/88,138.5,98.5,66
HM00053,P0428,2026-05-25,129/65,106.2,99.1,87
HM00054,P0730,2026-07-09,125/68,137.6,98.2,50
HM00055,P0373,2026-07-18,140/79,157.1,97.2,45
HM00056,P0159,2026-07-02,130/83,60.0,97.3,111
HM00057,P0891,2026-05-13,118/88,92.2,96.3,75
HM00058,P0140,2026-03-24,119/75,111.0,98.4,76
HM00059,P0405,2026-06-30,99/85,60.0,96.4,86
HM00060,P0933,2026-01-13,135/79,66.2,97.6,74
HM00061,P0979,2026-07-28,93/71,137.8,99.5,72
HM00062,P0228,2026-01-20,140/57,138.1,97.5,81
HM00063,P0311,2026-05-10,120/95,84.4,98.8,74
HM00064,P0096,2026-07-26,121/77,85.4,98.2,77
HM00065,P0860,2026-08-27,129/81,142.9,99.0,65
HM00066,P0949,2026-03-30,142/65,135.6,98.8,55
HM00067,P0532,2026-05-30,126/74,88.4,99.4,70
HM00068,P0597,2026-06-07,108/80,139.0,98.1,91
HM00069,P0350,2026-04-22,135/55,96.5,97.7,83
HM00070,P0808,2026-07-05,90/110,133.6,98.3,92
HM00071,P0658,2026-03-11,171/90,148.2,98.3,76
HM00072,P0643,2026-06-18,115/70,91.0,97.0,77
HM00073,P0418,2026-02-20,91/82,113.7,98.3,71
HM00074,P0034,2026-04-30,186/96,71.4,98.4,70
HM00075,P0386,2026-02-20,104/63,130.1,97.6,89
HM00076,P0984,2026-07-27,144/96,85.2,98.6,85
HM00077,P0822,2026-03-07,115/70,171.3,98.4,85
HM00078,P0525,2026-08-16,108/65,95.1,98.1,65
HM00079,P0353,2026-01-19,124/59,75.8,98.8,85
HM00080,P0679,2026-09-28,117/67,79.0,97.9,85
HM00081,P0857,2026-08-09,143/74,74.6,98.4,68
HM00082,P0881,2026-07-02,114/95,143.9,98.3,62
HM00083,P0695,2026-01-21,129/92,101.9,99.4,93
HM00084,P0423,2026-04-01,158/83,135.6,99.5,83
HM00085,P0604,2026-09-18,114/74,123.3,97.0,76
HM00086,P0331,2026-03-13,146/55,168.7,99.2,72
HM00087,P0215,2026-03-13,135/80,158.0,99.1,61
HM00088,P0982,2026-09-08,136/77,117.9,97.5,98
HM00089,P0382,2026-01-06,145/71,68.3,97.9,83
HM00090,P0820,2026-03-11,129/95,142.6,99.1,81
HM00091,P0605,2026-02-27,97/77,152.1,98.2,84
HM00092,P0002,2026-07-21,118/67,110.7,98.5,70
HM00093,P0618,2026-09-07,120/68,154.2,97.9,95
HM00094,P0272,2026-05-05,155/79,79.7,96.3,60
HM00095,P0419,2026-05-30,97/96,119.1,98.6,51
HM00096,P0592,2026-07-18,101/90,125.0,98.1,84
HM00097,P0474,2026-09-09,157/77,117.4,98.4,106
HM00098,P0870,2026-04-16,90/88,111.0,98.7,70
HM00099,P0085,2026-06-25,124/88,224.0,98.9,67
HM00100,P0975,2026-08-04,116/74,60.0,97.9,86
HM00101,P0559,2026-04-13,99/92,132.1,97.5,76
HM00102,P0156,2026-06-08,156/88,115.3,98.0,78
HM00103,P0033,2026-03-16,114/55,186.5,98.3,82
HM00104,P0075,2026-02-13,123/71,108.5,96.8,105
HM00105,P0198,2026-03-02,100/67,99.6,99.4,78
HM00106,P0332,2026-02-15,100/95,140.6,98.7,86
HM00107,P0375,2026-03-01,172/106,91.0,99.7,82
HM00108,P0789,2026-05-21,134/59,109.0,97.5,87
HM00109,P0510,2026-06-06,146/55,114.2,99.2,75
HM00110,P0746,2026-03-12,139/84,127.0,98.0,63
HM00111,P0830,2026-09-27,102/88,115.7,98.1,72
HM00112,P0531,2026-03-03,118/92,103.3,97.0,86
HM00113,P0041,2026-01-21,120/80,171.3,98.2,81
HM00114,P0906,2026-07-29,101/77,136.3,96.8,80
HM00115,P0255,2026-04-28,127/80,151.3,98.5,95
HM00116,P0950,2026-03-29,105/81,118.0,97.2,89
HM00117,P0050,2026-02-14,171/79,132.7,98.3,69
HM00118,P0175,2026-09-01,90/71,66.3,99.7,76
HM00119,P0491,2026-07-31,118/90,75.7,97.5,78
HM00120,P0782,2026-02-01,145/86,123.7,98.3,82
HM00121,P0151,2026-04-18,129/67,116.6,97.2,78
HM00122,P0269,2026-05-06,115/110,113.6,96.9,76
HM00123,P0702,2026-02-15,135/100,94.4,96.8,87
HM00124,P0353,2026-08-22,97/74,106.0,98.1,86
HM00125,P0348,2026-05-21,111/76,114.5,98.3,79
HM00126,P0356,2026-02-04,133/90,128.7,98.6,59
HM00127,P0087,2026-04-27,126/85,140.5,97.6,70
HM00128,P0279,2026-04-18,113/86,151.2,97.8,88
HM00129,P0387,2026-01-27,127/78,107.6,98.9,81
HM00130,P0726,2026-07-14,170/69,133.1,97.7,67
HM00131,P0010,2026-09-07,124/81,217.1,98.0,64
HM00132,P0483,2026-03-05,130/55,111.8,98.2,87
HM00133,P0212,2026-02-05,144/73,109.7,97.5,64
HM00134,P0234,2026-02-10,131/64,100.5,97.3,84
HM00135,P0259,2026-04-13,161/64,60.0,98.1,78
HM00136,P0485,2026-08-10,129/74,108.0,98.5,90
HM00137,P0220,2026-03-06,90/75,122.5,97.4,98
HM00138,P0341,2026-08-09,112/79,134.5,97.7,55
HM00139,P0759,2026-04-25,116/92,103.2,97.4,89
HM00140,P0769,2026-04-24,118/73,120.2,98.9,106
HM00141,P0833,2026-08-20,141/93,97.3,97.3,78
HM00142,P0760,2026-03-14,127/67,108.9,98.6,82
HM00143,P0670,2026-06-19,135/83,97.3,97.7,63
HM00144,P0749,2026-03-31,160/80,107.1,97.4,113
HM00145,P0840,2026-07-22,103/74,129.6,98.7,89
HM00146,P0438,2026-08-21,161/86,78.0,98.0,81
HM00147,P0363,2026-01-04,166/63,157.1,98.4,88
HM00148,P0209,2026-02-12,122/69,141.3,98.8,89
HM00149,P0977,2026-06-16,124/72,60.4,98.9,83
HM00150,P0082,2026-01-06,105/73,98.7,96.9,68
HM00151,P0227,2026-01-17,102/75,89.1,96.7,102
HM00152,P0870,2026-01-02,150/70,124.5,98.6,92
HM00153,P0985,2026-09-09,108/93,95.8,97.0,86
HM00154,P0423,2026-08-15,150/111,73.0,98.8,73
HM00155,P0159,2026-01-25,140/62,70.8,97.5,78
HM00156,P0813,2026-01-22,112/87,150.9,98.7,97
HM00157,P0017,2026-08-26,133/65,162.7,97.7,88
HM00158,P0199,2026-03-14,156/85,62.6,97.4,93
HM00159,P0511,2026-03-30,121/80,141.6,98.8,81
HM00160,P0243,2026-05-19,120/76,145.0,98.7,74
HM00161,P0130,2026-01-13,146/78,85.2,97.5,66
HM00162,P0211,2026-01-06,119/94,86.8,98.4,70
HM00163,P0999,2026-06-23,119/61,107.3,98.0,84
HM00164,P0654,2026-02-11,129/65,152.9,98.4,80
HM00165,P0137,2026-05-25,124/73,122.6,98.6,57
HM00166,P0474,2026-05-11,114/76,124.0,99.3,68
HM00167,P0090,2026-04-05,115/73,86.9,97.9,87
HM00168,P0496,2026-06-22,103/85,60.0,97.7,74
HM00169,P0720,2026-05-16,158/76,60.0,96.4,78
HM00170,P0241,2026-07-24,137/84,120.9,99.2,71
HM00171,P0384,2026-05-22,142/60,83.3,96.6,74
HM00172,P0182,2026-07-27,124/81,117.2,97.4,75
HM00173,P0604,2026-09-14,95/96,104.4,97.8,97
HM00174,P0257,2026-06-22,100/66,76.6,98.1,83
HM00175,P0001,2026-04-20,139/110,60.0,98.7,71
HM00176,P0479,2026-05-08,113/72,83.2,99.7,88
HM00177,P0652,2026-08-15,125/96,62.1,97.0,51
HM00178,P0435,2026-06-28,111/81,118.6,98.3,61
HM00179,P0954,2026-08-07,141/82,140.7,96.5,81
HM00180,P0021,2026-04-03,101/75,133.7,98.3,67
HM00181,P0304,2026-09-13,125/61,155.3,98.0,91
HM00182,P0271,2026-01-21,114/73,88.3,99.0,69
HM00183,P0110,2026-01-12,137/75,60.0,97.7,63
HM00184,P0057,2026-05-22,125/65,147.4,98.1,75
HM00185,P0186,2026-03-27,138/91,114.3,97.5,56
HM00186,P0002,2026-03-14,111/72,118.7,97.9,86
HM00187,P0123,2026-06-22,112/79,156.4,98.5,77
HM00188,P0526,2026-07-10,112/72,85.2,97.7,87
HM00189,P0788,2026-05-04,120/63,176.9,98.5,61
HM00190,P0422,2026-06-20,116/81,174.7,97.2,89
HM00191,P0859,2026-05-14,152/72,105.3,97.3,75
HM00192,P0258,2026-04-18,124/87,153.2,97.5,54
HM00193,P0340,2026-03-23,124/83,123.7,97.9,79
HM00194,P0892,2026-07-12,155/84,101.9,97.7,75
HM00195,P0368,2026-05-01,157/77,114.3,97.8,91
HM00196,P0638,2026-08-13,164/85,117.9,98.2,49
HM00197,P0751,2026-08-03,139/81,130.0,97.6,73
HM00198,P0986,2026-06-01,116/92,101.7,100.1,83
HM00199,P0145,2026-03-13,99/78,92.2,96.2,97
HM00200,P0686,2026-04-24,139/86,120.8,97.0,72
HM00201,P0888,2026-05-21,141/67,60.0,98.0,76
HM00202,P0106,2026-09-09,127/88,137.3,98.4,92
HM00203,P0265,2026-04-09,94/86,136.9,97.1,59
HM00204,P0580,2026-08-23,110/72,141.4,97.6,67
HM00205,P0121,2026-03-02,112/93,115.5,98.0,76
HM00206,P0779,2026-08-12,150/71,161.0,98.4,76
HM00207,P0697,2026-02-06,175/67,102.6,97.1,89
HM00208,P0108,2026-06-02,158/100,157.8,98.0,73
HM00209,P0204,2026-04-15,91/104,131.4,97.8,93
HM00210,P0727,2026-05-05,105/84,109.0,98.8,77
HM00211,P0670,2026-02-02,95/80,151.7,98.2,87
HM00212,P0843,2026-05-11,104/79,93.1,98.9,78
HM00213,P0804,2026-04-21,138/93,139.2,98.4,66
HM00214,P0292,2026-04-20,124/73,103.0,97.9,66
HM00215,P0599,2026-09-19,90/71,121.8,97.0,78
HM00216,P0221,2026-09-19,163/92,172.5,98.6,92
HM00217,P0562,2026-06-15,110/72,60.0,99.3,96
HM00218,P0202,2026-06-01,113/76,88.6,98.5,91
HM00219,P0155,2026-08-03,90/84,105.3,98.3,83
HM00220,P0196,2026-01-18,121/78,107.5,99.1,83
HM00221,P0095,2026-07-04,129/64,101.7,99.0,78
HM00222,P0455,2026-08-27,138/101,151.4,98.3,71
HM00223,P0595,2026-05-19,90/77,103.6,98.6,76
HM00224,P0031,2026-01-06,118/58,82.1,98.6,98
HM00225,P0333,2026-07-29,123/83,148.3,97.5,82
HM00226,P0611,2026-01-09,110/90,120.3,98.5,68
HM00227,P0226,2026-08-24,139/105,79.7,97.9,80
HM00228,P0069,2026-04-19,140/73,60.0,99.4,87
HM00229,P0751,2026-01-02,90/72,169.9,99.5,89
HM00230,P0483,2026-07-12,121/80,110.4,99.2,67
HM00231,P0516,2026-05-08,108/92,113.4,99.4,69
HM00232,P0560,2026-06-06,123/68,115.3,96.9,72
HM00233,P0102,2026-03-11,96/88,140.1,96.6,94
HM00234,P0709,2026-04-10,174/80,92.6,100.7,62
HM00235,P0416,2026-02-26,125/82,162.1,98.5,72
HM00236,P0670,2026-02-10,105/75,79.8,98.2,71
HM00237,P0117,2026-04-18,95/95,97.6,97.1,75
HM00238,P0440,2026-09-03,126/59,126.6,97.3,98
HM00239,P0587,2026-04-17,135/75,88.9,98.1,85
HM00240,P0575,2026-01-14,124/77,117.0,97.7,73
HM00241,P0846,2026-07-21,90/91,125.5,97.5,100
HM00242,P0753,2026-02-07,126/67,145.0,98.6,82
HM00243,P0858,2026-01-24,116/85,105.8,98.7,55
HM00244,P0097,2026-07-08,116/100,88.2,97.7,72
HM00245,P0799,2026-06-27,100/55,106.9,98.3,77
HM00246,P0920,2026-03-10,122/80,150.8,98.0,71
HM00247,P0344,2026-08-02,119/86,164.4,97.6,79
HM00248,P0313,2026-08-30,131/68,115.7,96.9,56
HM00249,P0446,2026-09-02,132/75,122.1,98.2,66
HM00250,P0308,2026-09-21,124/65,163.7,97.0,75
HM00251,P0527,2026-07-02,104/86,103.4,97.7,88
HM00252,P0273,2026-05-10,125/86,80.7,96.9,79
HM00253,P0154,2026-02-08,118/87,112.2,98.4,58
HM00254,P0205,2026-02-05,162/78,139.4,97.4,81
HM00255,P0468,2026-01-27,98/85,102.5,98.2,86
HM00256,P0375,2026-09-25,100/71,131.0,100.1,76
HM00257,P0598,2026-06-30,136/78,183.0,96.6,79
HM00258,P0227,2026-07-17,92/55,125.4,98.3,74
HM00259,P0444,2026-06-04,122/117,106.0,98.7,70
HM00260,P0367,2026-09-07,130/77,100.6,99.8,92
HM00261,P0459,2026-07-16,127/55,102.4,100.6,75
HM00262,P0765,2026-03-21,147/97,122.7,97.4,48
HM00263,P0240,2026-01-30,138/70,121.2,97.1,74
HM00264,P0381,2026-01-29,125/83,76.0,99.3,70
HM00265,P0193,2026-01-31,91/78,116.2,98.3,94
HM00266,P0341,2026-02-27,120/78,76.4,98.9,80
HM00267,P0055,2026-01-30,116/57,165.6,97.1,70
HM00268,P0766,2026-01-22,132/65,62.7,96.3,86
HM00269,P0079,2026-01-07,114/115,80.2,97.4,71
HM00270,P0744,2026-03-29,129/74,136.4,97.3,61
HM00271,P0327,2026-04-16,90/55,96.9,97.9,70
HM00272,P0182,2026-07-02,149/94,103.3,96.6,71
HM00273,P0550,2026-02-20,113/72,90.6,97.6,73
HM00274,P0241,2026-08-01,112/82,127.6,97.4,93
HM00275,P0857,2026-04-10,105/60,128.3,97.5,81
HM00276,P0951,2026-04-26,90/96,138.5,96.8,60
HM00277,P0104,2026-08-29,158/71,85.8,96.2,73
HM00278,P0772,2026-09-10,120/88,66.0,96.8,83
HM00279,P0771,2026-08-03,145/61,152.9,98.2,91
HM00280,P0226,2026-05-04,123/55,109.7,99.2,67
HM00281,P0094,2026-01-31,117/77,60.0,99.7,67
HM00282,P0642,2026-08-24,135/78,159.0,98.6,75
HM00283,P0767,2026-03-04,107/89,60.0,98.8,64
HM00284,P0685,2026-05-29,150/81,137.5,98.3,56
HM00285,P0405,2026-09-19,107/88,120.8,99.3,82
HM00286,P0201,2026-09-15,105/70,118.6,96.1,98
HM00287,P0710,2026-02-17,133/94,60.0,99.3,104
HM00288,P0590,2026-01-05,98/89,115.0,96.8,83
HM00289,P0138,2026-07-03,141/72,155.8,96.7,60
HM00290,P0296,2026-05-27,127/80,89.9,98.9,84
HM00291,P0866,2026-04-21,142/78,136.1,97.8,102
HM00292,P0052,2026-07-16,108/105,116.2,97.0,94
HM00293,P0184,2026-02-08,127/90,157.8,98.5,70
HM00294,P0473,2026-05-06,144/80,139.0,96.3,83
HM00295,P0674,2026-03-27,112/99,136.8,98.4,83
HM00296,P0706,2026-03-30,105/99,184.7,98.6,97
HM00297,P0240,2026-01-20,113/70,116.4,98.6,73
HM00298,P0444,2026-07-09,135/83,80.1,98.7,88
HM00299,P0068,2026-09-02,128/93,72.4,98.6,63
HM00300,P0833,2026-08-23,102/72,82.0,97.7,75
HM00301,P0578,2026-04-01,141/76,60.0,99.2,67
HM00302,P0302,2026-02-19,123/85,122.0,99.2,83
HM00303,P0089,2026-09-09,107/106,121.8,98.1,89
HM00304,P0052,2026-04-23,129/84,202.2,98.0,74
HM00305,P0535,2026-06-04,127/92,62.3,96.4,70
HM00306,P0554,2026-08-05,92/74,132.6,97.4,60
HM00307,P0653,2026-09-20,126/90,60.0,98.9,87
HM00308,P0928,2026-02-03,144/94,192.1,97.9,79
HM00309,P0497,2026-05-13,116/80,168.7,97.0,67
HM00310,P0805,2026-09-09,152/92,102.3,99.0,82
HM00311,P0779,2026-02-02,155/80,150.9,100.6,85
HM00312,P0272,2026-06-12,125/88,102.2,100.3,80
HM00313,P0189,2026-06-15,119/69,153.4,99.0,72
HM00314,P0867,2026-03-10,136/61,121.5,98.6,98
HM00315,P0795,2026-02-01,109/64,83.7,97.0,94
HM00316,P0683,2026-05-08,155/83,157.7,98.3,76
HM00317,P0916,2026-02-20,118/76,60.8,98.4,77
HM00318,P0584,2026-04-27,139/81,109.3,97.4,78
HM00319,P0874,2026-05-11,139/66,118.1,98.4,69
HM00320,P0729,2026-02-07,113/82,75.3,98.5,67
HM00321,P0834,2026-05-07,146/108,84.9,98.7,69
HM00322,P0361,2026-09-22,145/64,131.8,97.4,75
HM00323,P0119,2026-01-22,104/89,85.7,98.7,73
HM00324,P0759,2026-03-01,122/81,88.3,98.4,96
HM00325,P0470,2026-07-14,109/94,167.4,97.5,60
HM00326,P0272,2026-09-12,131/73,180.4,98.2,68
HM00327,P0115,2026-08-27,102/93,95.0,98.2,89
HM00328,P0617,2026-05-30,115/79,114.4,98.8,85
HM00329,P0266,2026-01-27,120/80,102.0,96.9,81
HM00330,P0347,2026-02-09,162/69,87.9,97.4,86
HM00331,P0300,2026-09-20,133/78,82.9,98.3,59
HM00332,P0661,2026-09-09,127/90,71.2,96.8,96
HM00333,P0961,2026-04-15,112/93,109.6,98.1,83
HM00334,P0379,2026-06-10,107/81,101.6,97.0,82
HM00335,P0917,2026-07-08,119/78,72.6,99.6,88
HM00336,P0165,2026-03-09,144/76,60.0,100.0,77
HM00337,P0698,2026-04-29,110/85,155.8,98.2,93
HM00338,P0189,2026-08-13,146/67,91.4,99.1,45
HM00339,P0316,2026-03-08,122/62,98.3,97.9,73
HM00340,P0373,2026-04-12,113/66,195.2,99.9,64
HM00341,P0903,2026-03-28,156/75,119.5,98.1,70
HM00342,P0292,2026-03-15,144/81,98.3,97.0,67
HM00343,P0649,2026-03-31,92/80,73.1,98.0,94
HM00344,P0956,2026-05-05,148/79,112.0,99.9,84
HM00345,P0940,2026-03-07,118/62,128.8,98.9,70
HM00346,P0051,2026-07-29,130/75,108.6,96.0,75
HM00347,P0604,2026-01-27,144/72,116.8,97.5,82
HM00348,P0411,2026-09-28,120/68,161.6,99.0,70
HM00349,P0438,2026-01-03,134/86,137.5,96.7,90
HM00350,P0058,2026-09-26,113/75,207.3,98.5,73
HM00351,P0796,2026-06-23,90/96,67.9,97.3,74
HM00352,P0046,2026-01-11,153/89,109.5,98.5,70
HM00353,P0827,2026-04-08,127/80,148.9,99.1,83
HM00354,P0688,2026-01-08,117/88,111.8,97.2,73
HM00355,P0109,2026-07-27,126/90,108.6,97.1,78
HM00356,P0943,2026-03-13,127/82,147.2,99.1,70
HM00357,P0012,2026-03-24,112/67,139.5,99.5,74
HM00358,P0694,2026-09-28,120/97,132.7,98.6,63
HM00359,P0303,2026-02-08,138/68,75.3,97.9,70
HM00360,P0549,2026-07-02,120/62,148.6,99.2,54
HM00361,P0844,2026-05-09,144/70,145.0,98.1,78
HM00362,P0132,2026-09-22,121/94,71.6,98.7,91
HM00363,P0126,2026-02-15,139/107,96.5,99.1,76
HM00364,P0572,2026-08-18,149/79,101.4,99.4,72
HM00365,P0142,2026-07-29,96/73,136.7,99.5,79
HM00366,P0634,2026-03-28,151/63,99.5,97.9,76
HM00367,P0486,2026-07-20,126/88,99.4,98.3,77
HM00368,P0703,2026-08-21,106/78,110.0,98.1,78
HM00369,P0161,2026-07-22,126/74,159.5,97.1,69
HM00370,P0278,2026-05-31,180/67,67.6,98.9,53
HM00371,P0049,2026-09-22,120/105,60.9,96.4,60
HM00372,P0746,2026-04-07,142/93,97.1,98.8,94
HM00373,P0413,2026-06-10,160/77,60.0,97.5,72
HM00374,P0394,2026-04-24,119/77,154.2,99.3,75
HM00375,P0230,2026-08-31,146/84,117.3,99.0,78
HM00376,P0658,2026-02-27,166/62,97.0,98.1,83
HM00377,P0893,2026-05-22,150/79,65.2,99.0,87
HM00378,P0308,2026-02-26,90/79,60.0,97.6,67
HM00379,P0087,2026-09-18,141/81,70.0,99.0,60
HM00380,P0999,2026-06-17,131/70,102.2,98.7,84
HM00381,P0433,2026-07-07,151/79,125.7,97.8,80
HM00382,P0633,2026-05-03,133/78,60.0,98.5,82
HM00383,P0032,2026-01-02,111/64,166.7,98.6,75
HM00384,P0379,2026-04-01,102/70,160.6,98.3,71
HM00385,P0741,2026-04-22,135/70,167.5,99.4,72
HM00386,P0245,2026-09-26,112/55,63.1,97.0,79
HM00387,P0298,2026-05-13,118/63,105.2,98.7,84
HM00388,P0245,2026-09-22,90/78,66.6,99.0,87
HM00389,P0910,2026-07-23,107/70,98.9,96.2,82
HM00390,P0232,2026-04-21,119/91,76.6,97.6,59
HM00391,P0257,2026-02-26,104/65,149.9,97.6,79
HM00392,P0898,2026-05-18,117/64,109.1,98.7,63
HM00393,P0867,2026-02-14,141/69,98.1,98.7,70
HM00394,P0885,2026-07-27,125/76,119.5,96.1,56
HM00395,P0774,2026-09-09,137/92,83.1,98.0,81
HM00396,P0439,2026-05-26,138/55,84.0,97.9,86
HM00397,P0366,2026-01-24,174/77,65.8,98.6,93
HM00398,P0801,2026-08-13,127/69,148.5,98.8,65
HM00399,P0547,2026-08-05,132/91,156.4,98.1,73
HM00400,P0274,2026-01-25,149/65,130.4,97.0,90
HM00401,P0623,2026-08-22,119/95,132.2,97.1,95
HM00402,P0504,2026-08-14,156/90,88.3,97.9,79
HM00403,P0473,2026-08-26,110/100,120.1,96.0,82
HM00404,P0806,2026-05-19,118/79,102.1,98.9,91
HM00405,P0501,2026-03-05,130/75,113.6,98.2,68
HM00406,P0698,2026-06-06,136/85,168.9,99.3,69
HM00407,P0832,2026-03-30,141/68,139.4,97.7,65
HM00408,P0131,2026-08-31,130/55,60.0,98.0,78
HM00409,P0680,2026-03-25,117/61,86.4,98.6,84
HM00410,P0285,2026-05-13,124/93,128.9,97.5,74
HM00411,P0921,2026-03-05,96/78,153.9,98.8,94
HM00412,P0081,2026-03-22,118/96,108.2,99.5,77
HM00413,P0389,2026-03-27,139/97,108.2,98.4,93
HM00414,P0830,2026-04-15,122/64,190.0,97.8,79
HM00415,P0019,2026-09-16,148/72,79.7,98.4,56
HM00416,P0112,2026-05-07,119/82,105.6,96.8,97
HM00417,P0409,2026-07-02,127/97,105.9,97.4,81
HM00418,P0844,2026-06-03,120/65,166.4,97.6,55
HM00419,P0428,2026-08-24,151/73,93.7,96.6,98
HM00420,P0709,2026-06-22,99/80,146.9,98.6,77
HM00421,P0494,2026-04-18,90/70,121.6,97.5,80
HM00422,P0623,2026-07-04,138/91,72.1,100.2,87
HM00423,P0691,2026-05-27,124/93,197.8,96.9,75
HM00424,P0982,2026-01-29,90/82,127.8,98.2,70
HM00425,P0846,2026-03-10,90/84,165.9,97.7,83
HM00426,P0503,2026-01-31,93/85,101.2,97.5,68
HM00427,P0790,2026-06-24,117/84,69.1,97.8,77
HM00428,P0123,2026-05-16,103/101,85.1,97.6,66
HM00429,P0845,2026-02-20,160/86,82.2,99.2,80
HM00430,P0739,2026-08-18,130/75,88.8,98.5,71
HM00431,P0786,2026-02-09,161/64,168.8,98.1,81
HM00432,P0438,2026-02-20,141/72,145.2,96.0,69
HM00433,P0893,2026-05-03,106/64,107.5,98.5,86
HM00434,P0141,2026-06-09,129/72,127.9,98.3,89
HM00435,P0624,2026-02-01,140/80,83.6,97.6,71
HM00436,P0399,2026-01-25,118/83,140.0,98.2,78
HM00437,P0496,2026-02-01,127/73,82.6,96.6,69
HM00438,P0645,2026-01-12,134/71,106.7,98.6,84
HM00439,P0131,2026-05-17,103/91,154.5,97.2,68
HM00440,P0689,2026-03-27,148/78,60.0,96.9,75
HM00441,P0696,2026-05-21,101/75,116.1,99.5,74
HM00442,P0333,2026-09-14,146/97,165.2,98.5,54
HM00443,P0809,2026-06-01,134/92,112.2,99.8,88
HM00444,P0455,2026-06-15,136/93,126.7,96.0,72
HM00445,P0024,2026-07-25,148/70,107.2,97.3,99
HM00446,P0776,2026-04-13,158/69,120.2,97.6,85
HM00447,P0109,2026-06-29,135/89,126.6,100.8,65
HM00448,P0565,2026-07-15,90/75,60.1,96.9,65
HM00449,P0857,2026-03-08,106/68,133.1,97.7,75
HM00450,P0540,2026-06-29,142/70,105.7,98.5,54
HM00451,P0731,2026-04-28,90/84,132.2,100.1,79
HM00452,P0172,2026-05-05,141/77,125.4,99.7,52
HM00453,P0222,2026-02-12,133/105,124.9,99.7,70
HM00454,P0962,2026-02-11,124/80,60.0,97.1,64
HM00455,P0410,2026-05-29,141/90,126.3,98.9,76
HM00456,P0961,2026-05-17,149/80,117.0,98.0,86
HM00457,P0446,2026-09-04,116/91,75.4,97.2,86
HM00458,P0740,2026-09-12,123/74,146.2,97.7,75
HM00459,P0404,2026-09-21,152/98,170.0,97.9,92
HM00460,P0180,2026-03-14,106/69,60.0,99.7,67
HM00461,P0257,2026-01-21,122/69,139.3,97.9,62
HM00462,P0398,2026-06-11,133/62,85.7,96.3,60
HM00463,P0895,2026-05-28,128/56,63.2,98.2,71
HM00464,P0172,2026-02-28,164/102,84.6,98.7,86
HM00465,P0931,2026-03-18,113/62,114.6,98.0,72
HM00466,P0909,2026-01-19,133/70,74.7,98.3,82
HM00467,P0167,2026-09-27,101/91,60.0,97.7,74
HM00468,P0323,2026-05-04,112/73,180.5,97.4,107
HM00469,P0221,2026-04-22,133/81,131.7,100.5,66
HM00470,P0547,2026-01-14,102/70,116.1,96.6,78
HM00471,P0205,2026-03-29,158/81,104.8,97.6,88
HM00472,P0271,2026-06-05,108/102,182.7,98.4,77
HM00473,P0744,2026-03-23,145/93,86.8,97.7,62
HM00474,P0351,2026-06-07,133/87,67.8,97.8,61
HM00475,P0815,2026-07-31,107/86,89.3,97.9,58
HM00476,P0401,2026-03-18,128/79,89.5,98.0,80
HM00477,P0780,2026-09-05,108/62,178.2,97.6,76
HM00478,P0530,2026-04-22,145/120,71.4,98.6,69
HM00479,P0114,2026-07-12,114/71,75.6,98.2,60
HM00480,P0980,2026-07-28,143/80,129.8,97.8,73
HM00481,P0990,2026-03-23,130/66,102.5,97.4,67
HM00482,P0746,2026-03-30,90/96,91.0,99.2,90
HM00483,P0265,2026-06-29,99/66,204.6,99.8,77
HM00484,P0834,2026-09-23,130/72,130.1,97.6,53
HM00485,P0741,2026-07-28,98/80,75.4,98.1,65
HM00486,P0941,2026-01-03,109/90,123.7,98.2,88
HM00487,P0277,2026-09-22,134/97,98.9,97.8,62
HM00488,P0538,2026-06-17,116/91,160.5,99.1,56
HM00489,P0758,2026-09-08,146/57,146.4,97.9,86
HM00490,P0467,2026-05-23,98/94,63.7,97.6,66
HM00491,P0887,2026-01-11,90/81,178.2,100.6,79
HM00492,P0704,2026-09-14,147/82,132.5,97.9,80
HM00493,P0302,2026-04-29,135/73,112.3,98.1,87
HM00494,P0971,2026-06-25,103/79,181.9,99.2,94
HM00495,P0120,2026-02-13,125/83,150.1,99.6,54
HM00496,P0834,2026-01-23,98/95,105.3,97.6,62
HM00497,P0617,2026-04-01,113/63,188.2,98.2,77
HM00498,P0823,2026-06-17,136/91,148.1,99.2,70
HM00499,P0614,2026-09-22,119/89,96.5,98.2,82
HM00500,P0639,2026-07-05,140/58,140.0,98.0,86
HM00501,P0416,2026-09-11,140/99,162.4,99.4,95
HM00502,P0751,2026-03-16,130/80,145.5,98.9,74
HM00503,P0160,2026-09-04,133/79,85.1,99.4,78
HM00504,P0717,2026-01-18,165/60,95.5,98.2,91
HM00505,P0600,2026-01-09,132/83,75.5,97.2,81
HM00506,P0757,2026-08-03,97/73,132.5,97.3,97
HM00507,P0887,2026-08-07,149/61,82.4,96.1,68
HM00508,P0005,2026-01-26,140/75,131.1,96.8,87
HM00509,P0355,2026-05-20,113/80,111.7,97.1,64
HM00510,P0946,2026-01-01,144/84,151.8,98.5,79
HM00511,P0923,2026-09-01,90/76,114.0,100.0,86
HM00512,P0375,2026-08-18,155/87,90.1,98.3,80
HM00513,P0437,2026-04-05,106/75,107.8,99.6,53
HM00514,P0494,2026-08-03,149/68,67.0,99.3,86
HM00515,P0669,2026-02-18,150/89,187.1,98.7,76
HM00516,P0117,2026-03-28,131/94,87.7,97.6,74
HM00517,P0557,2026-08-10,90/81,60.0,98.2,88
HM00518,P0602,2026-03-29,115/100,63.9,99.3,86
HM00519,P0143,2026-04-01,90/112,112.8,97.4,61
HM00520,P0162,2026-01-16,120/78,118.6,97.9,85
HM00521,P0511,2026-05-30,117/56,109.8,96.1,82
HM00522,P0150,2026-03-13,105/81,161.0,97.3,90
HM00523,P0770,2026-06-16,116/101,102.2,97.4,86
HM00524,P0497,2026-09-02,116/69,98.3,98.2,94
HM00525,P0568,2026-04-04,90/80,136.9,98.4,93
HM00526,P0764,2026-09-02,123/77,135.7,98.3,73
HM00527,P0427,2026-08-26,135/72,93.6,97.7,94
HM00528,P0502,2026-01-24,90/84,116.2,96.7,81
HM00529,P0459,2026-05-26,134/87,60.0,99.4,69
HM00530,P0917,2026-01-22,138/88,84.3,98.8,73
HM00531,P0801,2026-08-06,90/94,87.9,97.4,73
HM00532,P0972,2026-09-28,130/79,134.2,97.0,69
HM00533,P0076,2026-09-11,122/102,111.0,99.2,78
HM00534,P0257,2026-01-16,115/77,109.1,98.7,94
HM00535,P0791,2026-07-16,132/94,81.2,97.8,69
HM00536,P0233,2026-06-16,131/75,140.5,97.4,78
HM00537,P0991,2026-06-22,138/55,189.3,97.9,53
HM00538,P0138,2026-06-07,128/80,112.1,99.1,86
HM00539,P0321,2026-03-30,130/85,111.3,99.8,60
HM00540,P0958,2026-06-05,127/80,143.5,97.4,57
HM00541,P0109,2026-05-22,128/83,167.1,97.1,91
HM00542,P0103,2026-02-04,172/75,69.8,97.8,78
HM00543,P0476,2026-08-13,136/72,169.4,97.2,57
HM00544,P0697,2026-01-20,147/55,107.9,101.0,77
HM00545,P0916,2026-06-10,102/79,113.2,98.3,85
HM00546,P0605,2026-02-04,104/100,123.6,98.9,70
HM00547,P0735,2026-05-03,150/76,124.7,97.4,66
HM00548,P0835,2026-08-03,138/74,85.1,97.6,86
HM00549,P0126,2026-06-15,112/78,115.5,96.5,60
HM00550,P0393,2026-04-02,131/71,152.0,99.1,86
HM00551,P0836,2026-01-07,161/79,137.7,97.7,107
HM00552,P0096,2026-07-31,164/80,128.5,99.4,76
HM00553,P0102,2026-02-18,111/90,117.7,98.4,67
HM00554,P0305,2026-06-13,90/82,146.7,98.0,95
HM00555,P0120,2026-07-17,110/67,112.6,98.1,87
HM00556,P0796,2026-08-30,109/96,183.8,98.2,92
HM00557,P0133,2026-07-15,103/92,151.7,99.0,77
HM00558,P0712,2026-03-12,90/72,93.1,97.3,79
HM00559,P0426,2026-07-01,116/70,77.9,97.6,91
HM00560,P0941,2026-07-12,111/73,99.0,98.5,83
HM00561,P0115,2026-08-06,90/92,165.3,97.3,66
HM00562,P0208,2026-06-10,115/70,122.8,96.4,64
HM00563,P0054,2026-04-02,155/68,158.5,98.5,56
HM00564,P0231,2026-03-17,137/78,99.1,98.4,83
HM00565,P0219,2026-02-02,139/94,129.3,97.0,72
HM00566,P0268,2026-03-22,183/88,197.9,99.5,80
HM00567,P0157,2026-04-11,131/79,60.0,98.2,92
HM00568,P0357,2026-06-02,113/84,144.8,97.4,72
HM00569,P0547,2026-01-21,104/70,69.9,97.4,95
HM00570,P0657,2026-02-04,106/81,97.4,99.3,93
HM00571,P0276,2026-07-26,142/83,106.9,97.1,101
HM00572,P0039,2026-02-20,109/87,152.1,97.7,90
HM00573,P0704,2026-06-05,140/100,98.6,97.0,71
HM00574,P0259,2026-08-27,129/80,101.2,96.5,83
HM00575,P0534,2026-07-02,164/85,136.3,98.7,82
HM00576,P0224,2026-09-22,143/84,104.1,97.5,75
HM00577,P0014,2026-06-12,131/76,126.0,98.6,87
HM00578,P0679,2026-08-23,150/80,69.2,97.9,78
HM00579,P0635,2026-05-23,90/96,120.0,98.5,94
HM00580,P0067,2026-02-09,112/86,111.2,98.0,68
HM00581,P0817,2026-04-30,158/75,139.5,96.5,92
HM00582,P0233,2026-03-08,146/81,107.1,98.6,105
HM00583,P0958,2026-04-24,90/89,83.1,98.2,75
HM00584,P0275,2026-05-26,116/79,75.3,99.1,56
HM00585,P0113,2026-01-04,135/76,74.0,98.4,59
HM00586,P0595,2026-04-14,125/62,131.1,97.4,72
HM00587,P0887,2026-08-07,130/70,113.0,96.8,85
HM00588,P0795,2026-02-08,160/113,118.2,98.9,56
HM00589,P0550,2026-06-06,155/89,98.1,99.3,74
HM00590,P0541,2026-04-04,115/85,77.8,99.1,65
HM00591,P0915,2026-01-09,103/69,141.6,97.6,61
HM00592,P0125,2026-07-06,112/79,73.7,97.2,103
HM00593,P0430,2026-06-25,107/76,102.1,97.8,85
HM00594,P0795,2026-05-12,143/76,71.7,99.3,76
HM00595,P0366,2026-04-20,159/55,121.8,99.9,73
HM00596,P0933,2026-06-08,120/83,95.4,97.9,73
HM00597,P0164,2026-08-06,112/94,131.1,98.4,87
HM00598,P0159,2026-07-09,119/70,93.9,98.2,65
HM00599,P0888,2026-09-11,114/73,189.4,96.0,75
HM00600,P0756,2026-01-01,159/81,141.4,98.3,69
HM00601,P0762,2026-04-10,90/82,87.9,97.5,72
HM00602,P0759,2026-06-07,159/108,122.6,97.8,63
HM00603,P0960,2026-07-15,134/101,106.3,96.1,86
HM00604,P0158,2026-03-21,144/60,121.2,98.6,77
HM00605,P0919,2026-05-20,109/92,100.9,96.9,53
HM00606,P0301,2026-07-13,150/87,118.1,97.8,71
HM00607,P0385,2026-04-17,103/74,60.0,97.5,74
HM00608,P0077,2026-03-10,137/79,142.8,99.4,90
HM00609,P0645,2026-02-20,134/80,80.7,98.9,98
HM00610,P0933,2026-02-16,131/103,61.6,97.2,88
HM00611,P0680,2026-04-19,130/95,114.5,97.4,75
HM00612,P0960,2026-07-24,94/66,149.0,99.0,82
HM00613,P0587,2026-04-30,90/75,72.1,99.3,70
HM00614,P0125,2026-05-20,103/80,92.6,99.5,69
HM00615,P0959,2026-03-16,97/55,113.9,97.7,60
HM00616,P0800,2026-09-12,148/88,114.0,99.4,85
HM00617,P0481,2026-04-09,108/67,143.6,98.6,80
HM00618,P0690,2026-06-01,108/87,88.6,98.1,95
HM00619,P0604,2026-02-18,111/61,78.2,99.1,81
HM00620,P0007,2026-06-24,122/73,132.0,97.4,81
HM00621,P0896,2026-05-07,110/69,92.7,97.9,77
HM00622,P0312,2026-04-06,129/55,86.7,97.8,96
HM00623,P0094,2026-04-15,103/81,167.3,97.0,82
HM00624,P0185,2026-08-22,108/73,86.9,97.5,110
HM00625,P0809,2026-03-10,141/93,132.2,96.8,82
HM00626,P0442,2026-08-28,146/69,148.8,98.8,100
HM00627,P0603,2026-04-14,116/66,102.3,99.5,56
HM00628,P0294,2026-08-04,90/81,99.5,98.2,89
HM00629,P0563,2026-02-12,113/57,186.6,97.3,65
HM00630,P0288,2026-06-24,147/75,112.8,98.6,91
HM00631,P0625,2026-05-05,118/98,60.0,98.9,67
HM00632,P0108,2026-01-23,152/81,91.4,98.8,88
HM00633,P0022,2026-03-20,137/67,98.1,98.2,77
HM00634,P0187,2026-04-27,139/55,126.7,97.9,67
HM00635,P0788,2026-07-27,110/77,60.0,97.6,67
HM00636,P0026,2026-07-22,135/70,107.5,99.6,89
HM00637,P0351,2026-03-04,143/74,134.0,98.0,75
HM00638,P0560,2026-02-12,133/72,167.3,98.1,85
HM00639,P0256,2026-04-24,154/92,65.7,98.6,88
HM00640,P0529,2026-04-03,142/66,92.0,99.1,68
HM00641,P0840,2026-04-06,119/98,113.3,97.5,67
HM00642,P0642,2026-05-20,131/64,106.3,98.5,93
HM00643,P0282,2026-03-07,138/71,156.2,97.9,63
HM00644,P0733,2026-05-24,121/97,120.8,98.2,97
HM00645,P0958,2026-06-08,96/64,60.0,98.5,79
HM00646,P0767,2026-04-02,155/82,100.9,98.2,79
HM00647,P0294,2026-02-14,91/112,133.2,98.4,85
HM00648,P0580,2026-09-23,139/78,92.9,98.7,82
HM00649,P0267,2026-07-15,108/97,125.3,98.9,94
HM00650,P0949,2026-04-23,125/83,143.4,97.5,78
HM00651,P1000,2026-08-09,127/68,196.1,96.9,62
HM00652,P0930,2026-05-07,151/88,79.1,98.7,95
HM00653,P0488,2026-06-15,124/111,60.0,98.8,91
HM00654,P0421,2026-03-25,142/77,104.8,98.6,87
HM00655,P0864,2026-07-28,137/92,79.3,98.0,66
HM00656,P0666,2026-02-09,117/92,118.8,100.5,80
HM00657,P0185,2026-02-26,126/81,92.7,98.1,91
HM00658,P0841,2026-05-05,127/70,82.6,97.8,78
HM00659,P0422,2026-03-18,148/63,103.8,98.3,55
HM00660,P0644,2026-02-03,108/71,87.1,98.4,76
HM00661,P0087,2026-09-09,113/85,175.3,99.7,54
HM00662,P0553,2026-07-30,136/77,120.4,97.8,79
HM00663,P0303,2026-04-22,128/73,83.6,97.8,80
HM00664,P0309,2026-05-21,136/90,97.7,98.5,89
HM00665,P0481,2026-08-22,148/79,107.3,98.4,64
HM00666,P0155,2026-08-27,121/88,137.5,98.0,80
HM00667,P0984,2026-06-17,108/88,112.3,98.0,73
HM00668,P0642,2026-03-17,123/74,138.0,97.8,97
HM00669,P0724,2026-03-14,154/69,117.4,97.6,74
HM00670,P0567,2026-08-27,165/76,127.6,98.7,65
HM00671,P0230,2026-07-15,107/65,84.0,96.0,84
HM00672,P0201,2026-08-13,166/81,65.4,97.6,72
HM00673,P0595,2026-03-10,104/90,143.4,97.2,86
HM00674,P0813,2026-04-26,155/102,215.3,97.4,111
HM00675,P0949,2026-01-07,117/72,126.4,97.7,82
HM00676,P0756,2026-03-05,98/77,160.0,98.1,79
HM00677,P0224,2026-08-20,134/94,60.0,98.7,74
HM00678,P0447,2026-07-06,128/92,73.2,97.3,54
HM00679,P0570,2026-03-06,114/95,110.8,97.0,72
HM00680,P0156,2026-03-27,95/66,128.6,97.1,91
HM00681,P0366,2026-04-28,123/81,105.3,98.9,87
HM00682,P0291,2026-03-14,131/86,107.6,98.7,73
HM00683,P0206,2026-07-22,125/76,99.0,97.6,83
HM00684,P0838,2026-06-08,151/94,71.0,99.4,74
HM00685,P0843,2026-06-01,137/69,120.0,98.5,60
HM00686,P0429,2026-01-15,137/96,108.9,99.4,75
HM00687,P0661,2026-02-09,141/55,199.7,99.5,74
HM00688,P0082,2026-05-08,90/83,64.5,98.6,82
HM00689,P0642,2026-03-10,106/93,143.2,99.1,78
HM00690,P0981,2026-05-08,96/91,105.5,96.9,94
HM00691,P0334,2026-01-11,166/79,190.6,98.3,73
HM00692,P0179,2026-02-16,112/99,87.7,98.9,71
HM00693,P0221,2026-06-27,115/92,101.7,97.8,91
HM00694,P0101,2026-03-11,156/87,92.1,97.7,78
HM00695,P0309,2026-09-27,131/68,140.3,98.3,57
HM00696,P0685,2026-06-26,106/73,112.4,99.9,80
HM00697,P0894,2026-01-27,108/82,102.7,98.5,84
HM00698,P0179,2026-08-22,149/79,172.4,99.0,69
HM00699,P0824,2026-04-28,169/83,85.8,99.7,102
HM00700,P0679,2026-07-28,124/73,109.0,98.8,93
HM00701,P0464,2026-08-02,136/81,167.4,97.9,90
HM00702,P0968,2026-09-12,119/85,111.0,98.1,73
HM00703,P0824,2026-01-16,151/71,89.1,100.1,89
HM00704,P0908,2026-07-30,90/73,60.0,97.3,45
HM00705,P0970,2026-06-04,122/66,117.1,96.7,78
HM00706,P0182,2026-01-18,116/98,164.4,98.9,74
HM00707,P0396,2026-02-01,164/61,65.9,98.1,105
HM00708,P0142,2026-09-20,120/77,64.5,99.1,89
HM00709,P0145,2026-09-22,140/72,90.3,97.0,79
HM00710,P0494,2026-02-16,103/65,100.2,97.8,71
HM00711,P0020,2026-06-17,134/80,104.9,98.4,66
HM00712,P0240,2026-01-03,127/81,62.4,99.1,67
HM00713,P0211,2026-02-16,126/93,147.4,98.2,73
HM00714,P0398,2026-06-21,143/88,93.4,97.5,53
HM00715,P0875,2026-05-08,128/79,154.8,98.5,94
HM00716,P0636,2026-04-10,111/93,96.5,98.9,60
HM00717,P0681,2026-05-05,129/56,105.7,98.6,71
HM00718,P1000,2026-02-10,103/90,111.4,97.8,78
HM00719,P0786,2026-03-30,177/93,155.7,98.6,79
HM00720,P0089,2026-08-01,90/71,98.2,96.5,64
HM00721,P0703,2026-02-04,90/79,143.7,99.2,82
HM00722,P0221,2026-09-20,105/56,60.0,97.1,67
HM00723,P0860,2026-07-03,121/67,126.9,98.0,78
HM00724,P0202,2026-04-06,147/65,129.7,98.2,73
HM00725,P0777,2026-01-11,142/90,81.9,98.0,81
HM00726,P0520,2026-09-23,119/87,124.8,99.8,59
HM00727,P0535,2026-05-17,122/69,136.1,96.7,82
HM00728,P0374,2026-09-13,112/71,64.4,97.8,91
HM00729,P0634,2026-05-27,124/87,173.3,98.4,71
HM00730,P0506,2026-01-28,134/73,97.3,96.8,89
HM00731,P0399,2026-08-14,117/82,78.7,98.6,68
HM00732,P0005,2026-06-27,122/90,142.7,98.2,56
HM00733,P0002,2026-01-08,184/100,140.3,97.5,76
HM00734,P0393,2026-07-22,114/95,124.2,97.5,72
HM00735,P0715,2026-03-31,147/99,168.5,98.9,74
HM00736,P0460,2026-04-23,90/83,114.9,98.3,78
HM00737,P0510,2026-06-18,98/86,137.1,98.8,89
HM00738,P0691,2026-03-11,137/75,112.5,98.3,79
HM00739,P0001,2026-01-26,144/87,187.7,100.2,78
HM00740,P0426,2026-05-13,90/94,96.1,97.5,73
HM00741,P0079,2026-05-04,116/87,60.4,97.2,82
HM00742,P0666,2026-07-12,137/87,87.5,97.3,71
HM00743,P0502,2026-09-03,129/97,60.0,98.0,62
HM00744,P0339,2026-06-05,91/91,134.1,98.6,89
HM00745,P0060,2026-07-02,115/74,191.5,98.0,86
HM00746,P0198,2026-02-12,125/57,60.0,97.7,90
HM00747,P0625,2026-05-17,140/90,80.5,99.7,66
HM00748,P0039,2026-07-14,129/79,108.9,99.4,69
HM00749,P0474,2026-05-20,98/80,101.0,101.2,86
HM00750,P0618,2026-07-06,116/67,60.0,97.3,79
HM00751,P0605,2026-04-23,153/93,123.0,97.9,81
HM00752,P0413,2026-09-18,114/100,108.4,98.1,51
HM00753,P0756,2026-03-14,121/90,77.6,97.5,87
HM00754,P0288,2026-05-01,95/92,96.4,97.9,64
HM00755,P0296,2026-04-08,132/109,142.4,97.4,91
HM00756,P0106,2026-01-06,118/96,143.2,96.0,65
HM00757,P0183,2026-02-06,143/81,79.2,97.6,55
HM00758,P0725,2026-04-09,123/106,143.2,100.2,88
HM00759,P0024,2026-03-17,145/103,128.2,98.0,90
HM00760,P0329,2026-08-09,154/74,89.7,98.3,87
HM00761,P0447,2026-07-17,140/62,181.9,97.6,74
HM00762,P0725,2026-05-03,106/112,123.5,97.4,88
HM00763,P0097,2026-09-13,140/77,144.4,97.5,72
HM00764,P0688,2026-05-23,90/64,178.3,99.7,78
HM00765,P0264,2026-05-04,158/78,106.5,98.3,76
HM00766,P0570,2026-08-08,120/93,120.3,98.8,90
HM00767,P0047,2026-09-04,132/68,67.6,98.3,75
HM00768,P0896,2026-04-16,126/79,205.4,97.0,54
HM00769,P0043,2026-04-09,131/75,126.1,98.7,93
HM00770,P0118,2026-08-11,94/73,130.0,98.9,104
HM00771,P0238,2026-07-05,144/79,83.8,97.7,70
HM00772,P0604,2026-03-01,138/83,68.7,97.8,88
HM00773,P0111,2026-09-14,132/86,128.4,99.7,80
HM00774,P0640,2026-07-17,117/69,123.7,96.0,75
HM00775,P0089,2026-09-28,120/63,82.5,98.9,80
HM00776,P0312,2026-04-10,127/83,118.2,99.3,79
HM00777,P0215,2026-03-28,95/99,128.0,97.7,62
HM00778,P0511,2026-04-15,132/78,170.1,97.9,67
HM00779,P0940,2026-01-24,142/91,120.9,98.8,77
HM00780,P0504,2026-04-08,129/93,136.9,98.0,94
HM00781,P0045,2026-01-26,90/104,60.0,97.6,77
HM00782,P0448,2026-07-25,122/92,78.0,98.4,71
HM00783,P0365,2026-04-09,130/79,118.3,97.7,71
HM00784,P0226,2026-07-08,130/91,94.1,97.4,85
HM00785,P0399,2026-09-01,124/89,83.3,96.6,71
HM00786,P0150,2026-03-22,109/79,92.7,98.9,74
HM00787,P0299,2026-04-21,128/81,121.8,98.2,84
HM00788,P0547,2026-04-16,109/96,106.7,97.0,80
HM00789,P0638,2026-09-18,107/87,192.3,97.5,81
HM00790,P0964,2026-03-27,90/85,84.0,97.6,64
HM00791,P0975,2026-05-13,139/92,115.8,97.4,97
HM00792,P0056,2026-03-03,109/55,131.0,97.2,89
HM00793,P0126,2026-02-20,117/87,164.1,97.1,71
HM00794,P0763,2026-07-26,123/98,92.0,97.7,83
HM00795,P0016,2026-02-25,113/81,60.7,100.2,61
HM00796,P0906,2026-05-31,118/79,181.9,97.0,101
HM00797,P0355,2026-04-17,140/85,80.5,98.7,69
HM00798,P0013,2026-07-25,150/68,111.0,97.7,66
HM00799,P0359,2026-05-15,139/86,157.3,96.6,90
HM00800,P0197,2026-02-18,175/74,181.3,98.0,61
HM00801,P0741,2026-08-20,118/92,85.7,97.7,85
HM00802,P0327,2026-04-30,125/87,123.3,98.6,72
HM00803,P0720,2026-01-21,129/68,160.1,97.6,91
HM00804,P0345,2026-09-11,120/82,97.7,97.3,57
HM00805,P0505,2026-07-15,103/76,122.4,99.1,72
HM00806,P0617,2026-07-10,107/62,131.8,99.4,93
HM00807,P0960,2026-01-17,139/87,174.4,98.5,85
HM00808,P0870,2026-01-25,118/63,91.1,98.2,78
HM00809,P0705,2026-01-15,163/80,156.3,97.8,74
HM00810,P0472,2026-04-14,98/71,133.4,98.2,89
HM00811,P0366,2026-01-13,128/75,190.2,98.1,91
HM00812,P0026,2026-08-30,116/88,147.5,98.4,49
HM00813,P0311,2026-01-28,125/94,133.5,98.6,57
HM00814,P0799,2026-03-01,110/84,129.4,99.3,76
HM00815,P0653,2026-03-22,133/80,80.5,96.2,83
HM00816,P0234,2026-08-06,128/72,60.0,98.8,74
HM00817,P0394,2026-07-14,136/102,60.0,97.6,75
HM00818,P0978,2026-06-04,154/60,182.8,98.3,76
HM00819,P0872,2026-03-21,121/74,151.7,97.2,82
HM00820,P0466,2026-06-24,117/70,205.5,98.6,85
HM00821,P0844,2026-09-27,147/62,176.3,96.0,68
HM00822,P0177,2026-01-24,115/86,122.7,98.0,77
HM00823,P0984,2026-07-31,105/62,140.4,98.8,97
HM00824,P0249,2026-07-16,109/88,105.1,99.3,90
HM00825,P0429,2026-02-10,129/75,148.6,98.8,69
HM00826,P0990,2026-09-12,98/76,168.0,99.2,64
HM00827,P0079,2026-09-17,101/95,75.3,98.7,70
HM00828,P0459,2026-09-20,157/70,155.0,98.4,81
HM00829,P0585,2026-05-15,90/55,107.3,98.4,64
HM00830,P0393,2026-06-27,103/86,134.7,98.1,87
HM00831,P0176,2026-01-11,101/75,172.7,98.3,79
HM00832,P0305,2026-04-19,171/63,142.9,99.7,74
HM00833,P0435,2026-08-15,142/68,91.0,98.5,87
HM00834,P0570,2026-03-11,147/98,112.6,99.3,73
HM00835,P0059,2026-07-22,143/82,130.6,98.6,58
HM00836,P0086,2026-08-19,102/81,60.0,98.9,88
HM00837,P0864,2026-06-15,131/66,163.3,100.0,79
HM00838,P0926,2026-07-26,135/82,133.6,98.1,77
HM00839,P0663,2026-09-28,143/108,66.0,98.1,63
HM00840,P0476,2026-09-26,156/72,64.5,98.8,98
HM00841,P0430,2026-04-13,138/82,129.3,99.5,67
HM00842,P0411,2026-08-14,122/74,74.1,97.9,91
HM00843,P0992,2026-01-23,136/87,120.1,98.7,68
HM00844,P0466,2026-03-18,118/82,124.7,98.5,76
HM00845,P0319,2026-03-02,117/117,146.7,98.6,75
HM00846,P0195,2026-04-07,115/78,125.2,96.5,59
HM00847,P0309,2026-05-12,112/82,106.6,99.5,60
HM00848,P0665,2026-06-25,109/98,119.6,99.0,102
HM00849,P0206,2026-08-29,111/78,105.5,96.4,74
HM00850,P0423,2026-01-29,142/86,136.7,97.9,70
HM00851,P0484,2026-08-30,150/74,125.3,98.3,95
HM00852,P0338,2026-06-13,144/64,73.4,98.7,77
HM00853,P0808,2026-08-06,115/92,121.6,98.2,87
HM00854,P0928,2026-03-18,117/98,87.4,98.8,95
HM00855,P0177,2026-04-01,97/75,155.0,99.2,75
HM00856,P0214,2026-09-01,110/91,156.4,97.2,63
HM00857,P0376,2026-03-29,129/87,104.5,98.8,69
HM00858,P0968,2026-08-16,90/74,117.2,98.0,64
HM00859,P0987,2026-09-01,90/73,146.4,99.3,92
HM00860,P0629,2026-08-16,108/66,132.4,98.8,82
HM00861,P0778,2026-06-11,90/69,114.0,98.6,87
HM00862,P0538,2026-09-22,127/83,118.0,98.8,81
HM00863,P0481,2026-01-04,126/76,117.8,98.6,81
HM00864,P0444,2026-05-25,132/96,124.3,97.6,88
HM00865,P0797,2026-06-09,97/67,126.8,98.7,63
HM00866,P0618,2026-02-07,117/72,98.0,99.0,86
HM00867,P0762,2026-04-29,124/73,67.8,99.5,85
HM00868,P0169,2026-01-28,110/88,112.5,97.9,83
HM00869,P0805,2026-03-11,110/75,119.3,97.8,86
HM00870,P0745,2026-04-23,162/70,60.0,96.4,76
HM00871,P0501,2026-06-14,111/82,119.6,96.8,56
HM00872,P0656,2026-07-09,130/81,100.1,96.7,83
HM00873,P0865,2026-09-26,150/83,85.3,98.2,61
HM00874,P0459,2026-07-20,146/80,60.0,97.9,83
HM00875,P0779,2026-08-23,118/76,72.1,98.7,70
HM00876,P0396,2026-01-07,90/75,149.3,97.9,98
HM00877,P0117,2026-08-17,133/84,110.5,98.1,74
HM00878,P0904,2026-03-29,118/86,82.2,97.2,64
HM00879,P0642,2026-02-07,165/86,125.7,97.2,85
HM00880,P0630,2026-03-20,122/82,80.8,98.3,72
HM00881,P0074,2026-09-14,109/88,61.2,98.7,86
HM00882,P0209,2026-08-12,107/70,107.2,98.5,76
HM00883,P0810,2026-03-07,133/101,97.2,96.7,87
HM00884,P0870,2026-02-14,158/84,76.9,98.1,64
HM00885,P0993,2026-08-11,137/63,104.5,97.3,79
HM00886,P0349,2026-09-13,117/82,115.8,97.3,85
HM00887,P0877,2026-08-01,124/68,193.4,98.6,76
HM00888,P0516,2026-09-22,153/102,109.9,98.5,66
HM00889,P0637,2026-09-19,122/77,121.5,98.5,84
HM00890,P0912,2026-04-18,129/65,82.2,97.7,74
HM00891,P0698,2026-04-23,146/66,102.5,99.1,74
HM00892,P0870,2026-08-18,134/78,124.0,98.0,86
HM00893,P0368,2026-08-18,94/75,125.4,98.7,95
HM00894,P0768,2026-07-22,117/97,91.9,99.4,87
HM00895,P0641,2026-02-10,106/83,113.2,98.8,75
HM00896,P0112,2026-09-27,118/96,111.5,98.9,75
HM00897,P0177,2026-02-11,158/71,93.5,99.6,72
HM00898,P0695,2026-01-04,157/90,109.6,96.6,77
HM00899,P0683,2026-06-21,127/94,170.6,97.6,87
HM00900,P0631,2026-09-12,140/92,132.5,96.5,76
HM00901,P0981,2026-09-17,101/77,149.3,98.5,91
HM00902,P0071,2026-06-11,131/64,60.0,98.3,75
HM00903,P0842,2026-04-24,105/59,89.3,98.0,85
HM00904,P0847,2026-09-18,128/99,78.8,99.0,78
HM00905,P0746,2026-03-28,138/74,152.5,98.5,69
HM00906,P0381,2026-06-11,124/77,132.1,97.1,77
HM00907,P0231,2026-05-12,132/80,162.1,98.9,77
HM00908,P0793,2026-07-29,129/83,129.1,96.6,74
HM00909,P0802,2026-02-11,95/95,112.9,98.0,88
HM00910,P0649,2026-08-09,133/66,112.5,97.9,57
HM00911,P0605,2026-06-16,111/77,111.0,96.9,91
HM00912,P0034,2026-01-28,122/80,129.0,97.5,83
HM00913,P0347,2026-05-09,117/69,135.1,99.5,86
HM00914,P0833,2026-01-07,143/73,60.0,99.5,102
HM00915,P0180,2026-06-22,155/75,74.6,97.2,57
HM00916,P0144,2026-01-09,122/99,110.0,98.5,94
HM00917,P0314,2026-07-02,116/104,184.7,98.1,71
HM00918,P0473,2026-05-23,138/75,74.5,99.4,92
HM00919,P0468,2026-05-27,128/64,72.0,98.3,72
HM00920,P0648,2026-09-16,118/92,140.7,99.4,66
HM00921,P0831,2026-02-13,118/89,130.7,99.6,83
HM00922,P0906,2026-07-17,161/86,152.2,97.9,78
HM00923,P0962,2026-05-03,143/99,140.5,98.1,94
HM00924,P0406,2026-02-18,90/62,138.9,98.2,85
HM00925,P0449,2026-03-19,126/86,86.5,98.7,89
HM00926,P0991,2026-07-14,149/104,123.5,98.4,59
HM00927,P0861,2026-09-12,114/77,151.8,97.7,87
HM00928,P0075,2026-08-14,124/77,123.7,97.8,72
HM00929,P0854,2026-05-12,90/77,98.2,97.7,83
HM00930,P0359,2026-05-20,138/82,149.8,98.7,74
HM00931,P0617,2026-04-17,115/83,135.1,99.5,92
HM00932,P0634,2026-06-05,114/78,138.5,99.2,89
HM00933,P0294,2026-06-08,123/64,80.0,98.4,82
HM00934,P0821,2026-08-22,103/80,137.1,97.2,91
HM00935,P0489,2026-03-12,117/95,96.3,97.3,72
HM00936,P0264,2026-05-02,123/75,107.4,98.5,75
HM00937,P0209,2026-06-24,123/59,128.7,98.1,97
HM00938,P0280,2026-05-12,106/58,136.6,98.5,65
HM00939,P0530,2026-05-28,94/98,164.5,96.0,72
HM00940,P0983,2026-05-18,158/74,97.8,97.9,64
HM00941,P0771,2026-03-08,90/92,60.0,98.4,88
HM00942,P0237,2026-01-13,95/68,157.5,98.7,70
HM00943,P0867,2026-03-10,149/94,124.4,97.4,73
HM00944,P0813,2026-09-07,130/77,147.9,96.8,60
HM00945,P0581,2026-09-16,128/74,93.1,96.6,78
HM00946,P0361,2026-03-21,123/87,117.4,98.1,92
HM00947,P0425,2026-09-02,98/86,60.0,97.4,63
HM00948,P0980,2026-05-06,140/79,114.5,97.2,74
HM00949,P0444,2026-03-20,109/84,80.3,99.4,57
HM00950,P0625,2026-05-29,108/100,99.8,97.0,80
HM00951,P0137,2026-09-19,115/69,76.6,100.7,74
HM00952,P0638,2026-09-10,90/97,136.4,97.5,66
HM00953,P0076,2026-05-08,138/77,60.0,99.8,72
HM00954,P0302,2026-01-17,154/95,80.0,99.1,70
HM00955,P0225,2026-04-07,90/74,128.9,97.8,74
HM00956,P0358,2026-09-13,147/81,85.5,98.8,80
HM00957,P0689,2026-03-14,90/85,128.7,98.2,88
HM00958,P0673,2026-09-21,111/84,60.2,98.6,101
HM00959,P0261,2026-04-03,105/70,90.1,98.3,65
HM00960,P0494,2026-07-07,133/90,133.7,96.6,89
HM00961,P0380,2026-08-26,143/89,128.0,98.4,90
HM00962,P0112,2026-09-21,163/68,152.7,98.1,76
HM00963,P0269,2026-07-12,94/76,80.1,97.8,64
HM00964,P0904,2026-03-18,116/75,118.4,96.7,60
HM00965,P0039,2026-03-23,132/70,152.6,98.4,85
HM00966,P0984,2026-03-16,153/76,94.9,99.0,84
HM00967,P0341,2026-05-04,121/96,107.6,98.2,78
HM00968,P0263,2026-08-09,106/80,163.9,98.6,78
HM00969,P0866,2026-07-18,121/83,141.2,98.7,74
HM00970,P0301,2026-07-10,131/85,79.7,98.4,52
HM00971,P0090,2026-04-07,134/87,141.2,97.8,81
HM00972,P0578,2026-04-26,153/96,114.0,98.3,91
HM00973,P0048,2026-04-06,94/76,161.7,99.1,82
HM00974,P0472,2026-03-30,94/79,94.4,98.5,68
HM00975,P0565,2026-07-15,104/55,157.8,97.8,79
HM00976,P0011,2026-03-11,124/67,70.9,97.3,69
HM00977,P0473,2026-09-11,132/70,176.1,99.1,87
HM00978,P0193,2026-01-25,122/98,107.4,98.2,80
HM00979,P0329,2026-06-03,139/87,98.4,97.7,85
HM00980,P0439,2026-04-09,139/75,60.0,98.0,85
HM00981,P0615,2026-03-05,161/65,100.1,97.8,94
HM00982,P0434,2026-02-16,124/69,134.6,97.8,63
HM00983,P0605,2026-01-26,107/100,128.4,98.3,75
HM00984,P0365,2026-09-27,130/83,125.2,98.3,88
HM00985,P0125,2026-03-05,125/68,93.6,96.4,102
HM00986,P0197,2026-05-03,142/70,105.1,97.6,96
HM00987,P0498,2026-09-07,96/81,111.2,98.9,76
HM00988,P0274,2026-04-26,90/76,81.0,98.3,95
HM00989,P0024,2026-02-16,90/70,95.7,97.9,86
HM00990,P1000,2026-01-24,121/84,93.1,98.4,87
HM00991,P0257,2026-04-25,110/89,116.8,99.1,75
HM00992,P0106,2026-09-19,132/79,111.6,98.4,84
HM00993,P0712,2026-02-02,100/97,60.0,97.6,76
HM00994,P0148,2026-01-31,133/98,60.0,97.7,52
HM00995,P0712,2026-01-05,125/83,170.7,98.3,90
HM00996,P0781,2026-01-09,136/74,65.7,98.4,60
HM00997,P0754,2026-04-25,150/78,156.8,97.8,81
HM00998,P0486,2026-06-26,129/79,99.9,98.6,66
HM00999,P0999,2026-08-25,100/94,140.5,98.3,97
HM01000,P0030,2026-03-31,119/95,121.1,97.3,100
HM01001,P0748,2026-07-25,144/78,140.5,97.8,87
HM01002,P0204,2026-06-27,90/67,149.3,98.0,80
HM01003,P0660,2026-04-19,98/102,156.7,98.0,73
HM01004,P0970,2026-09-03,145/103,148.4,100.2,66
HM01005,P0774,2026-02-07,108/65,130.5,98.4,76
HM01006,P0472,2026-08-27,141/94,61.6,97.7,87
HM01007,P0321,2026-01-27,115/70,150.6,97.0,74
HM01008,P0105,2026-04-16,131/73,142.4,97.7,94
HM01009,P0924,2026-08-06,122/88,141.1,97.6,53
HM01010,P0215,2026-09-10,132/80,134.5,98.0,72
HM01011,P0760,2026-08-29,165/62,140.7,97.7,73
HM01012,P0131,2026-05-17,118/70,135.0,99.5,83
HM01013,P0560,2026-08-10,127/68,133.1,100.1,73
HM01014,P0336,2026-01-25,117/73,97.9,96.0,82
HM01015,P0687,2026-08-14,108/60,141.4,97.2,73
HM01016,P0227,2026-08-05,154/63,61.4,98.4,91
HM01017,P0224,2026-08-03,93/84,135.3,96.3,87
HM01018,P0119,2026-05-11,142/76,158.8,99.2,79
HM01019,P0002,2026-08-24,115/68,113.7,98.7,74
HM01020,P0175,2026-06-14,90/95,121.7,97.9,88
HM01021,P0153,2026-05-10,155/55,130.2,96.9,83
HM01022,P0839,2026-01-13,127/87,97.5,96.5,72
HM01023,P0644,2026-03-25,133/92,74.0,99.1,70
HM01024,P0898,2026-05-13,132/73,121.4,99.0,63
HM01025,P0092,2026-07-30,111/82,199.1,97.4,102
HM01026,P0579,2026-06-14,165/78,104.6,97.6,77
HM01027,P0100,2026-06-25,96/79,167.4,97.7,75
HM01028,P0237,2026-06-26,90/84,124.3,98.3,75
HM01029,P0235,2026-04-24,119/86,114.0,98.5,80
HM01030,P0710,2026-06-09,147/88,121.8,99.6,83
HM01031,P0957,2026-05-31,151/87,60.0,99.4,79
HM01032,P0493,2026-06-09,123/83,102.9,98.4,70
HM01033,P0909,2026-02-27,150/78,101.6,97.4,81
HM01034,P0251,2026-05-10,128/84,79.0,96.8,85
HM01035,P0092,2026-09-02,154/67,170.6,98.5,77
HM01036,P0666,2026-09-03,117/63,149.6,97.5,68
HM01037,P0273,2026-02-20,144/57,61.7,98.2,81
HM01038,P0090,2026-05-22,134/76,203.6,98.0,75
HM01039,P0185,2026-09-25,109/81,136.5,99.3,60
HM01040,P0821,2026-08-23,120/85,135.5,98.2,84
HM01041,P0842,2026-08-30,108/98,149.7,97.0,65
HM01042,P0930,2026-05-05,104/88,70.0,97.9,83
HM01043,P0554,2026-03-30,123/83,77.7,98.7,70
HM01044,P0291,2026-09-28,118/82,118.6,98.2,68
HM01045,P0456,2026-08-18,119/80,66.9,97.8,82
HM01046,P0878,2026-06-14,99/93,159.4,97.1,94
HM01047,P0210,2026-03-23,122/85,97.6,99.0,82
HM01048,P0029,2026-01-27,108/66,63.9,98.4,84
HM01049,P0011,2026-08-15,138/78,74.5,97.6,91
HM01050,P0114,2026-08-25,115/81,77.4,98.5,72
HM01051,P0560,2026-02-15,145/89,97.7,98.1,71
HM01052,P0698,2026-05-31,96/69,121.9,98.5,79
HM01053,P0492,2026-03-05,118/91,117.2,98.8,56
HM01054,P0944,2026-07-07,90/83,65.1,98.0,74
HM01055,P0944,2026-01-17,156/84,120.8,99.0,82
HM01056,P0495,2026-08-15,115/92,76.2,98.5,59
HM01057,P0195,2026-06-07,129/82,173.7,96.8,70
HM01058,P0608,2026-01-27,141/84,121.3,97.3,70
HM01059,P0140,2026-06-13,149/79,128.1,98.1,63
HM01060,P0049,2026-08-04,143/86,195.7,97.3,87
HM01061,P0163,2026-09-10,98/81,149.2,96.3,75
HM01062,P0754,2026-04-14,113/71,128.5,99.2,76
HM01063,P0478,2026-01-27,129/81,115.1,97.2,91
HM01064,P0394,2026-09-26,130/84,86.8,97.8,75
HM01065,P0372,2026-05-27,94/59,94.0,98.7,70
HM01066,P0022,2026-06-20,104/70,99.1,97.9,103
HM01067,P0647,2026-05-10,146/92,155.9,97.3,63
HM01068,P0966,2026-06-07,102/96,95.8,97.1,72
HM01069,P0717,2026-05-13,120/83,123.8,97.5,86
HM01070,P0366,2026-07-04,112/78,139.0,97.6,71
HM01071,P0210,2026-08-20,136/69,101.5,98.7,102
HM01072,P0197,2026-02-16,137/85,133.6,97.2,79
HM01073,P0212,2026-04-12,124/83,119.1,98.5,74
HM01074,P0646,2026-03-09,126/65,103.8,99.5,81
HM01075,P0144,2026-09-23,124/102,67.4,97.2,98
HM01076,P0625,2026-05-13,125/77,73.0,98.6,84
HM01077,P0083,2026-03-22,103/78,103.3,98.4,64
HM01078,P0632,2026-09-06,150/90,102.3,98.0,76
HM01079,P0767,2026-07-30,109/74,105.5,99.7,89
HM01080,P0873,2026-07-11,143/84,75.9,98.2,89
HM01081,P0752,2026-05-05,99/87,196.3,99.2,94
HM01082,P0339,2026-06-09,129/91,89.9,98.9,85
HM01083,P0512,2026-05-23,130/95,96.1,98.0,79
HM01084,P0521,2026-06-07,104/82,60.0,99.1,78
HM01085,P0720,2026-08-23,114/69,106.8,98.8,84
HM01086,P0730,2026-01-16,110/69,138.0,97.5,78
HM01087,P0790,2026-03-12,127/83,145.0,97.1,55
HM01088,P0094,2026-09-09,113/101,185.8,99.8,75
HM01089,P0485,2026-08-04,90/55,93.5,98.0,93
HM01090,P0130,2026-04-02,142/82,83.9,97.3,81
HM01091,P0677,2026-09-05,138/84,78.8,98.8,83
HM01092,P0656,2026-02-15,103/70,139.1,98.0,97
HM01093,P0371,2026-09-17,135/74,114.6,98.3,69
HM01094,P0071,2026-02-08,106/88,144.6,98.7,96
HM01095,P0665,2026-02-21,114/100,83.5,97.3,56
HM01096,P0992,2026-04-05,116/73,133.4,98.4,63
HM01097,P0829,2026-09-02,117/75,60.0,97.3,68
HM01098,P0497,2026-02-02,153/82,138.2,96.9,92
HM01099,P0025,2026-09-02,151/56,90.3,98.6,85
HM01100,P0061,2026-07-06,111/76,94.1,98.3,92
HM01101,P0465,2026-02-22,109/92,87.6,97.4,87
HM01102,P0295,2026-07-14,143/90,68.9,97.8,87
HM01103,P0890,2026-04-01,125/67,131.0,97.6,99
HM01104,P0809,2026-09-16,155/87,162.6,98.3,87
HM01105,P0112,2026-02-06,154/82,106.1,96.7,77
HM01106,P0902,2026-02-10,141/91,132.7,97.7,54
HM01107,P0565,2026-08-18,115/76,104.0,98.8,101
HM01108,P0694,2026-07-23,127/77,105.9,98.3,68
HM01109,P0885,2026-02-23,127/85,122.3,98.6,83
HM01110,P0636,2026-03-08,90/87,91.5,97.2,64
HM01111,P0005,2026-06-16,133/77,60.0,98.6,60
HM01112,P0020,2026-02-02,127/82,146.0,99.8,61
HM01113,P0046,2026-03-26,123/76,130.2,98.4,73
HM01114,P0648,2026-07-29,116/66,149.6,98.6,89
HM01115,P0692,2026-06-01,118/72,77.3,98.5,65
HM01116,P0774,2026-04-16,161/64,124.6,99.6,85
HM01117,P0623,2026-03-03,128/68,66.6,98.9,96
HM01118,P0341,2026-08-10,116/66,60.0,97.3,76
HM01119,P0903,2026-06-28,156/88,125.7,97.8,71
HM01120,P0798,2026-01-26,153/82,60.0,97.6,67
HM01121,P0824,2026-09-19,114/86,111.2,98.1,93
HM01122,P0997,2026-09-04,111/102,91.5,98.3,74
HM01123,P0768,2026-01-30,127/85,130.2,97.5,64
HM01124,P0467,2026-09-09,175/74,139.5,96.8,74
HM01125,P0510,2026-06-07,122/85,60.0,98.3,64
HM01126,P0685,2026-09-15,131/67,85.1,98.0,65
HM01127,P0841,2026-06-13,115/65,60.0,99.1,62
HM01128,P0305,2026-06-24,121/89,93.5,97.5,80
HM01129,P0895,2026-01-05,147/65,109.7,96.6,73
HM01130,P0970,2026-02-25,125/69,99.0,96.9,78
HM01131,P0468,2026-01-24,146/66,93.2,98.7,92
HM01132,P0785,2026-08-15,95/77,124.9,98.1,48
HM01133,P0663,2026-06-18,135/98,119.1,97.3,71
HM01134,P0926,2026-04-18,160/90,137.4,98.5,70
HM01135,P0300,2026-06-08,120/79,134.2,99.6,91
HM01136,P0886,2026-07-16,96/82,140.8,98.8,70
HM01137,P0753,2026-09-23,183/64,77.1,98.4,103
HM01138,P0155,2026-08-17,108/76,152.7,98.2,73
HM01139,P0455,2026-07-27,136/83,151.1,99.4,81
HM01140,P0991,2026-07-05,130/82,132.1,98.2,77
HM01141,P0268,2026-06-26,148/98,62.2,98.2,69
HM01142,P0977,2026-02-21,118/84,138.4,98.1,55
HM01143,P0783,2026-09-19,105/90,60.0,99.3,84
HM01144,P0226,2026-01-17,151/77,60.0,98.6,93
HM01145,P0923,2026-08-22,143/72,118.0,97.7,68
HM01146,P0969,2026-04-28,144/65,83.7,97.2,60
HM01147,P0388,2026-06-29,127/93,108.5,96.8,88
HM01148,P0101,2026-04-05,158/72,98.3,98.7,97
HM01149,P0706,2026-09-04,114/64,137.1,98.9,78
HM01150,P0696,2026-05-13,113/91,133.5,97.5,78
HM01151,P0533,2026-06-21,97/88,105.8,97.8,77
HM01152,P0760,2026-06-06,125/90,135.7,98.1,87
HM01153,P0299,2026-08-09,133/74,110.6,98.1,84
HM01154,P0988,2026-03-17,117/75,183.9,99.0,68
HM01155,P0710,2026-07-06,136/81,128.7,98.3,92
HM01156,P0364,2026-08-09,131/79,151.5,98.4,79
HM01157,P0841,2026-04-17,131/78,115.3,97.7,68
HM01158,P0354,2026-08-11,105/63,84.2,98.0,79
HM01159,P0329,2026-07-02,119/55,170.1,99.2,83
HM01160,P0549,2026-03-21,163/68,181.1,97.3,80
HM01161,P0290,2026-04-21,99/80,128.5,98.1,86
HM01162,P0022,2026-07-04,126/73,95.2,98.9,70
HM01163,P0940,2026-03-31,143/94,60.0,99.2,102
HM01164,P0809,2026-01-08,130/87,151.3,98.0,80
HM01165,P0916,2026-07-21,98/81,132.4,98.7,90
HM01166,P0658,2026-08-30,109/73,181.3,98.1,80
HM01167,P0250,2026-05-03,123/70,171.8,97.7,64
HM01168,P0850,2026-08-18,115/55,92.2,97.3,85
HM01169,P0824,2026-04-26,111/90,163.9,98.9,75
HM01170,P0198,2026-09-25,127/61,110.3,97.4,86
HM01171,P0536,2026-07-17,176/85,60.0,97.9,79
HM01172,P0807,2026-03-15,126/71,123.6,97.1,66
HM01173,P0087,2026-02-25,137/67,133.8,97.0,99
HM01174,P0073,2026-06-23,109/77,126.6,97.7,79
HM01175,P0380,2026-08-01,136/91,142.7,98.0,76
HM01176,P0984,2026-02-17,171/91,82.7,98.3,73
HM01177,P0822,2026-06-25,122/65,100.6,99.8,84
HM01178,P0209,2026-06-04,90/94,153.1,97.9,86
HM01179,P0268,2026-05-16,107/74,167.4,98.0,55
HM01180,P0790,2026-05-23,123/79,156.9,98.2,72
HM01181,P0467,2026-01-09,145/81,88.7,99.2,80
HM01182,P0710,2026-05-04,125/82,77.5,97.7,78
HM01183,P0857,2026-04-13,121/95,122.6,99.0,78
HM01184,P0689,2026-09-11,146/84,115.5,98.2,66
HM01185,P0992,2026-04-09,135/79,97.4,99.2,62
HM01186,P0014,2026-06-15,116/92,126.0,98.2,81
HM01187,P0150,2026-03-23,128/61,102.8,99.7,70
HM01188,P0139,2026-06-15,118/73,112.0,97.7,83
HM01189,P0153,2026-05-03,128/89,78.2,97.9,75
HM01190,P0311,2026-02-05,134/70,147.0,99.3,66
HM01191,P0244,2026-06-20,115/73,207.1,97.8,98
HM01192,P0026,2026-06-11,99/68,91.0,97.4,74
HM01193,P0421,2026-04-03,110/70,155.5,99.3,89
HM01194,P0419,2026-04-09,135/81,97.6,97.3,82
HM01195,P0890,2026-03-17,101/68,155.4,99.9,82
HM01196,P0992,2026-03-07,147/77,68.2,98.8,84
HM01197,P0798,2026-01-26,126/77,148.7,97.3,68
HM01198,P0471,2026-01-07,104/81,76.9,97.6,69
HM01199,P0406,2026-08-27,119/62,118.1,99.3,79
HM01200,P0948,2026-04-05,155/96,142.2,98.3,78
HM01201,P0050,2026-01-29,140/75,60.0,98.6,64
HM01202,P0020,2026-08-23,105/80,111.7,96.9,79
HM01203,P0564,2026-02-21,144/66,159.5,96.8,103
HM01204,P0393,2026-03-02,116/81,60.0,98.1,80
HM01205,P0082,2026-01-15,123/73,81.9,99.2,78
HM01206,P0753,2026-06-05,155/73,99.8,98.9,58
HM01207,P0569,2026-04-22,100/93,74.0,96.6,100
HM01208,P0481,2026-01-07,97/82,117.4,96.0,74
HM01209,P0730,2026-03-14,133/84,146.6,97.9,86
HM01210,P0968,2026-06-10,111/63,69.6,96.9,90
HM01211,P0163,2026-02-27,94/83,105.7,98.1,94
HM01212,P0132,2026-04-01,116/87,116.3,98.1,105
HM01213,P0657,2026-02-18,96/95,138.0,97.8,97
HM01214,P0888,2026-06-30,90/73,72.7,98.6,64
HM01215,P0622,2026-04-06,133/77,98.2,98.5,74
HM01216,P0759,2026-02-11,103/113,97.9,96.2,67
HM01217,P0284,2026-07-19,99/89,126.3,98.6,73
HM01218,P0334,2026-07-08,119/75,112.2,99.0,82
HM01219,P0543,2026-04-03,135/85,146.0,98.5,82
HM01220,P0427,2026-07-31,148/72,85.0,97.1,80
HM01221,P0163,2026-05-21,90/85,111.2,99.2,69
HM01222,P0958,2026-08-20,120/93,163.4,97.6,80
HM01223,P0019,2026-04-24,130/84,105.8,99.4,55
HM01224,P0067,2026-04-30,116/85,131.0,99.4,92
HM01225,P0151,2026-03-13,119/95,90.0,99.0,99
HM01226,P0651,2026-04-21,149/81,103.4,96.8,81
HM01227,P0897,2026-03-08,102/70,73.3,97.8,77
HM01228,P0279,2026-01-10,130/72,152.4,98.0,68
HM01229,P0602,2026-09-18,129/103,126.7,97.9,59
HM01230,P0340,2026-02-28,120/82,101.4,96.7,67
HM01231,P0979,2026-05-10,154/97,84.0,98.8,63
HM01232,P0245,2026-02-16,153/82,148.2,96.7,86
HM01233,P0397,2026-05-15,124/90,147.0,98.3,70
HM01234,P0868,2026-02-04,140/79,84.5,97.4,60
HM01235,P0250,2026-05-30,114/93,121.2,97.7,87
HM01236,P0285,2026-01-07,108/81,108.7,98.9,59
HM01237,P0310,2026-07-14,107/60,105.9,99.3,71
HM01238,P0202,2026-05-12,114/90,152.4,98.1,86
HM01239,P0117,2026-09-15,103/96,190.2,98.7,52
HM01240,P0413,2026-08-04,113/87,100.2,99.3,85
HM01241,P0959,2026-07-28,110/80,83.7,98.0,71
HM01242,P0512,2026-08-10,148/105,64.9,96.5,75
HM01243,P0256,2026-05-30,94/80,141.2,99.5,80
HM01244,P0278,2026-07-08,121/56,115.9,98.3,85
HM01245,P0182,2026-01-28,110/74,63.3,96.1,64
HM01246,P0691,2026-06-11,93/84,96.9,97.7,66
HM01247,P0453,2026-05-13,90/98,80.0,97.8,60
HM01248,P0097,2026-03-22,144/81,86.1,97.8,98
HM01249,P0320,2026-08-18,123/77,82.1,96.5,76
HM01250,P0410,2026-09-23,131/93,60.0,97.2,71
HM01251,P0506,2026-02-04,124/78,110.7,98.6,67
HM01252,P0661,2026-04-15,143/85,103.8,99.6,96
HM01253,P0625,2026-02-20,143/55,170.3,98.9,102
HM01254,P0379,2026-01-17,149/98,145.8,99.4,101
HM01255,P0733,2026-09-06,129/61,104.2,98.6,78
HM01256,P0393,2026-03-13,100/60,89.1,98.9,96
HM01257,P0811,2026-05-12,143/92,112.2,96.6,72
HM01258,P0385,2026-05-08,119/74,116.9,98.6,88
HM01259,P0444,2026-08-18,119/57,98.1,98.2,92
HM01260,P0484,2026-03-18,113/86,125.2,98.2,89
HM01261,P0472,2026-03-27,111/73,114.6,97.6,84
HM01262,P0140,2026-03-31,110/82,111.5,98.4,72
HM01263,P0422,2026-05-16,118/81,122.1,98.2,98
HM01264,P0631,2026-09-25,105/79,60.0,98.5,64
HM01265,P0902,2026-07-17,119/75,124.8,97.7,70
HM01266,P0917,2026-09-23,153/83,95.4,98.0,97
HM01267,P0219,2026-01-04,120/71,91.0,97.7,70
HM01268,P0925,2026-09-16,99/66,86.0,98.7,73
HM01269,P0353,2026-01-09,120/95,160.3,97.9,70
HM01270,P0385,2026-08-15,107/88,107.8,97.9,68
HM01271,P0157,2026-01-20,109/83,69.0,99.1,71
HM01272,P0594,2026-01-25,122/63,114.6,97.9,77
HM01273,P0073,2026-02-12,154/82,87.2,97.6,85
HM01274,P0610,2026-02-26,150/83,139.1,98.7,95
HM01275,P0202,2026-04-11,90/88,149.4,97.0,67
HM01276,P0470,2026-05-30,107/71,98.1,98.4,88
HM01277,P0196,2026-03-23,146/69,85.4,99.4,85
HM01278,P0747,2026-05-11,126/85,114.0,98.7,73
HM01279,P0525,2026-04-23,130/61,90.9,97.6,73
HM01280,P0898,2026-01-01,106/73,62.0,98.7,77
HM01281,P0189,2026-02-20,90/69,126.8,97.7,69
HM01282,P0008,2026-09-27,123/84,64.7,98.7,68
HM01283,P0461,2026-09-22,124/79,96.6,97.3,74
HM01284,P0451,2026-01-01,157/63,174.2,98.0,78
HM01285,P0291,2026-05-15,103/70,97.4,97.3,75
HM01286,P0734,2026-07-11,116/102,74.2,98.3,80
HM01287,P0906,2026-07-11,103/88,101.1,96.0,85
HM01288,P0633,2026-08-06,102/67,139.1,97.9,89
HM01289,P0682,2026-07-22,149/72,142.8,97.5,104
HM01290,P0847,2026-04-08,111/92,144.5,98.5,69
HM01291,P0254,2026-04-14,121/55,122.9,98.5,79
HM01292,P0546,2026-09-09,90/64,88.8,98.5,81
HM01293,P0279,2026-08-10,121/87,79.1,98.7,83
HM01294,P0623,2026-03-03,132/77,179.1,98.6,66
HM01295,P0666,2026-04-10,129/89,94.4,99.2,82
HM01296,P0032,2026-04-20,90/83,100.8,98.7,89
HM01297,P0095,2026-07-08,128/99,108.7,98.8,87
HM01298,P0533,2026-06-08,123/89,94.2,97.8,62
HM01299,P0791,2026-03-09,129/83,156.3,98.9,74
HM01300,P0349,2026-07-30,101/85,153.9,98.9,91
HM01301,P0068,2026-05-14,120/74,89.2,98.1,77
HM01302,P0153,2026-04-24,129/78,110.3,97.5,89
HM01303,P0567,2026-04-29,126/77,88.8,97.0,93
HM01304,P0115,2026-02-07,136/60,141.7,99.0,79
HM01305,P0323,2026-04-01,156/82,65.4,98.5,80
HM01306,P0286,2026-08-31,112/86,60.0,99.1,67
HM01307,P0038,2026-02-16,105/78,130.2,98.3,69
HM01308,P0333,2026-09-27,114/66,107.1,99.2,77
HM01309,P0051,2026-08-20,142/97,94.4,98.0,104
HM01310,P0192,2026-09-26,153/59,128.6,98.2,87
HM01311,P0349,2026-06-03,110/69,91.3,97.7,87
HM01312,P0780,2026-08-18,101/72,60.0,99.1,93
HM01313,P0957,2026-09-25,118/76,130.9,99.5,82
HM01314,P0782,2026-06-09,111/60,76.0,98.3,70
HM01315,P0074,2026-01-13,128/73,78.0,97.1,96
HM01316,P0891,2026-09-04,142/100,133.9,97.8,93
HM01317,P0506,2026-03-13,124/82,113.5,96.0,97
HM01318,P0880,2026-08-31,134/83,112.8,98.3,70
HM01319,P0085,2026-04-29,137/64,121.5,98.7,75
HM01320,P0012,2026-07-22,132/68,81.2,98.4,86
HM01321,P0672,2026-07-21,90/86,96.0,98.0,61
HM01322,P0431,2026-08-27,107/91,116.2,97.9,76
HM01323,P0711,2026-03-02,134/85,112.4,99.2,89
HM01324,P0178,2026-08-03,133/80,138.0,98.5,90
HM01325,P0483,2026-06-26,142/67,77.0,97.6,89
HM01326,P0872,2026-03-20,93/84,127.7,99.2,80
HM01327,P0694,2026-03-22,98/68,73.6,97.7,75
HM01328,P0637,2026-08-30,101/97,68.6,99.4,92
HM01329,P0823,2026-02-10,142/71,127.0,97.1,88
HM01330,P0442,2026-01-26,123/75,72.2,96.0,65
HM01331,P0538,2026-08-25,147/75,109.1,98.8,99
HM01332,P0461,2026-07-18,151/68,60.0,100.3,105
HM01333,P0552,2026-08-12,128/64,148.7,98.1,76
HM01334,P0863,2026-06-23,142/84,73.5,97.9,85
HM01335,P0689,2026-06-09,135/83,147.7,97.9,80
HM01336,P0517,2026-07-23,90/74,141.7,97.8,72
HM01337,P0423,2026-03-17,104/92,134.2,98.9,57
HM01338,P0624,2026-09-24,121/76,105.2,97.6,73
HM01339,P0930,2026-02-03,141/57,177.2,98.6,77
HM01340,P0528,2026-02-18,143/62,91.7,98.1,94
HM01341,P0338,2026-04-01,124/85,94.4,98.6,98
HM01342,P0392,2026-03-15,144/79,138.6,98.7,84
HM01343,P0299,2026-04-22,147/93,110.5,98.8,73
HM01344,P0616,2026-04-27,106/76,112.3,96.7,88
HM01345,P0322,2026-06-02,90/112,167.6,98.0,78
HM01346,P0088,2026-01-26,131/72,121.7,98.1,76
HM01347,P0605,2026-01-18,128/64,116.4,98.3,79
HM01348,P0537,2026-04-16,120/93,102.6,98.4,93
HM01349,P0687,2026-09-01,123/82,111.6,99.3,74
HM01350,P0504,2026-08-20,150/78,84.9,98.8,74
HM01351,P0328,2026-06-15,137/55,115.2,97.8,65
HM01352,P0857,2026-08-16,113/73,113.3,97.0,81
HM01353,P0592,2026-04-27,152/83,143.3,99.2,92
HM01354,P0683,2026-07-19,162/74,89.9,98.9,86
HM01355,P0983,2026-09-18,140/102,115.4,98.6,66
HM01356,P0230,2026-05-01,167/75,104.2,97.9,70
HM01357,P0021,2026-04-08,110/73,67.2,97.5,101
HM01358,P0228,2026-07-03,139/91,156.2,99.9,56
HM01359,P0233,2026-03-30,100/70,98.6,97.9,72
HM01360,P0587,2026-07-16,129/80,89.7,96.2,66
HM01361,P0106,2026-02-01,114/77,75.5,97.8,64
HM01362,P0975,2026-02-11,122/67,85.3,97.0,76
HM01363,P0642,2026-08-29,107/90,129.2,98.1,68
HM01364,P0665,2026-06-30,132/88,120.0,99.6,83
HM01365,P0686,2026-04-21,143/81,138.6,97.5,72
HM01366,P0213,2026-09-08,131/84,132.8,99.2,60
HM01367,P0208,2026-09-16,105/82,89.6,101.2,84
HM01368,P0733,2026-04-29,123/73,98.2,98.2,79
HM01369,P0008,2026-09-23,115/76,162.0,99.4,81
HM01370,P0180,2026-09-10,98/86,169.4,99.4,86
HM01371,P0429,2026-05-20,153/80,137.0,97.6,81
HM01372,P0809,2026-02-02,151/72,84.8,98.3,75
HM01373,P0887,2026-04-06,137/74,175.1,97.0,93
HM01374,P0509,2026-08-29,109/58,123.3,98.0,64
HM01375,P0521,2026-02-04,91/79,149.2,98.7,78
HM01376,P0711,2026-06-13,134/79,65.0,96.9,75
HM01377,P0674,2026-08-22,121/90,141.5,98.7,74
HM01378,P0723,2026-06-28,97/84,133.4,96.1,67
HM01379,P0603,2026-04-01,111/81,86.9,98.2,75
HM01380,P0064,2026-09-20,121/71,92.6,97.2,82
HM01381,P0909,2026-06-20,136/70,168.2,97.9,96
HM01382,P0648,2026-03-24,112/55,129.1,98.4,78
HM01383,P0931,2026-01-29,112/79,97.1,97.9,88
HM01384,P0191,2026-09-10,128/87,106.9,97.9,64
HM01385,P0626,2026-01-05,117/55,94.3,98.1,84
HM01386,P0181,2026-04-11,119/84,60.0,98.1,57
HM01387,P0131,2026-07-12,100/77,159.7,98.5,78
HM01388,P0112,2026-03-14,124/71,96.0,98.6,61
HM01389,P0331,2026-02-12,136/75,143.9,99.1,57
HM01390,P0045,2026-05-08,113/69,60.0,97.3,107
HM01391,P0075,2026-07-28,137/103,144.0,97.5,73
HM01392,P0469,2026-01-14,136/85,94.8,96.8,117
HM01393,P0556,2026-07-28,122/76,119.0,98.0,79
HM01394,P0125,2026-09-25,150/78,74.3,98.1,72
HM01395,P0614,2026-01-27,153/94,118.8,97.0,63
HM01396,P0488,2026-08-25,125/84,101.9,97.8,70
HM01397,P0470,2026-02-23,124/55,76.5,97.6,92
HM01398,P0596,2026-06-10,108/82,122.9,99.4,93
HM01399,P0554,2026-08-07,123/74,91.8,98.0,72
HM01400,P0672,2026-08-05,136/85,135.7,99.3,100
HM01401,P0078,2026-07-11,127/93,102.7,99.3,90
HM01402,P0902,2026-05-12,145/81,91.6,96.9,77
HM01403,P0371,2026-07-01,155/76,142.5,99.0,74
HM01404,P0039,2026-06-10,151/55,72.2,97.4,68
HM01405,P0640,2026-06-16,131/83,128.8,98.7,66
HM01406,P0321,2026-01-14,100/84,92.9,96.8,89
HM01407,P0093,2026-08-21,152/98,121.5,98.8,94
HM01408,P0443,2026-06-12,112/93,124.6,99.0,80
HM01409,P0506,2026-09-18,150/82,63.1,99.5,66
HM01410,P0706,2026-05-29,150/78,156.2,99.2,83
HM01411,P0649,2026-07-18,135/85,60.0,98.3,64
HM01412,P0781,2026-08-18,128/66,73.5,99.6,90
HM01413,P0600,2026-04-23,124/82,106.3,98.7,69
HM01414,P0747,2026-07-16,144/76,100.3,98.2,70
HM01415,P0524,2026-09-09,131/73,131.4,99.3,69
HM01416,P0172,2026-09-18,122/85,99.7,98.6,84
HM01417,P0471,2026-09-15,146/72,82.0,97.9,66
HM01418,P0847,2026-08-23,136/66,196.7,99.4,78
HM01419,P0276,2026-07-15,142/60,203.3,97.7,76
HM01420,P0302,2026-05-07,90/85,76.3,98.3,71
HM01421,P0681,2026-01-11,103/70,122.9,97.0,69
HM01422,P0875,2026-09-12,138/111,131.7,97.4,73
HM01423,P0082,2026-05-15,125/75,146.6,98.4,88
HM01424,P0007,2026-06-20,118/95,109.2,97.3,104
HM01425,P0444,2026-09-05,90/71,93.1,100.5,99
HM01426,P0418,2026-05-16,154/76,199.9,98.5,89
HM01427,P0872,2026-09-04,128/79,106.2,98.0,85
HM01428,P0472,2026-02-04,132/79,167.8,96.0,84
HM01429,P0791,2026-07-31,139/93,112.7,98.4,89
HM01430,P0998,2026-02-16,154/76,124.3,99.7,52
HM01431,P0322,2026-02-05,111/97,153.2,98.7,72
HM01432,P0235,2026-04-21,107/72,169.2,97.6,79
HM01433,P0373,2026-05-20,109/90,96.1,98.1,57
HM01434,P0846,2026-07-21,92/80,68.6,100.1,53
HM01435,P0502,2026-07-11,108/80,102.2,97.2,66
HM01436,P0416,2026-03-29,105/76,183.3,98.3,92
HM01437,P0366,2026-06-18,135/93,60.0,97.9,93
HM01438,P0977,2026-03-15,113/101,166.9,97.8,71
HM01439,P0864,2026-09-26,104/72,71.9,98.6,60
HM01440,P0909,2026-09-02,137/87,60.0,99.6,84
HM01441,P0856,2026-06-16,139/70,136.8,99.2,76
HM01442,P0192,2026-09-24,165/80,154.9,98.5,85
HM01443,P0931,2026-09-13,91/84,89.3,97.4,98
HM01444,P0526,2026-09-05,120/67,102.4,97.0,95
HM01445,P0284,2026-08-30,111/86,162.5,97.7,84
HM01446,P0194,2026-03-18,104/109,147.8,98.0,68
HM01447,P0841,2026-07-13,122/75,183.4,97.1,79
HM01448,P0270,2026-04-14,124/78,111.2,98.1,88
HM01449,P0365,2026-04-29,137/85,60.0,98.5,58
HM01450,P0310,2026-09-09,137/97,82.6,98.0,70
HM01451,P0087,2026-05-03,149/81,175.5,98.6,80
HM01452,P0494,2026-02-16,126/89,60.0,98.3,77
HM01453,P0658,2026-06-14,139/77,78.6,98.2,65
HM01454,P0126,2026-02-19,90/88,135.3,98.6,93
HM01455,P0188,2026-06-07,111/62,112.5,97.9,67
HM01456,P0412,2026-04-26,123/72,60.0,97.8,64
HM01457,P0360,2026-04-28,129/72,153.9,99.6,86
HM01458,P0098,2026-05-10,93/98,170.2,98.2,93
HM01459,P0728,2026-09-10,113/57,88.4,99.8,60
HM01460,P0064,2026-05-25,124/80,97.0,97.8,78
HM01461,P0962,2026-04-04,113/62,122.5,99.2,88
HM01462,P0661,2026-05-30,108/64,105.1,99.6,85
HM01463,P0578,2026-04-07,139/90,129.7,98.3,85
HM01464,P0085,2026-09-02,114/63,140.3,99.3,64
HM01465,P0836,2026-02-01,141/100,114.9,97.5,79
HM01466,P0003,2026-02-25,113/72,130.2,96.8,60
HM01467,P0225,2026-04-17,125/79,127.0,99.9,79
HM01468,P0526,2026-02-12,136/68,141.9,97.7,78
HM01469,P0371,2026-02-09,122/92,69.2,96.1,75
HM01470,P0814,2026-01-13,134/81,158.1,98.6,71
HM01471,P0435,2026-08-04,90/77,151.0,97.8,78
HM01472,P0558,2026-06-08,133/67,136.8,99.7,75
HM01473,P0295,2026-02-07,102/79,60.0,98.5,83
HM01474,P0122,2026-08-16,158/77,129.3,97.4,73
HM01475,P0628,2026-02-02,94/77,104.3,98.5,70
HM01476,P0458,2026-03-08,126/75,103.4,98.3,78
HM01477,P0035,2026-04-02,140/78,102.8,98.0,69
HM01478,P0604,2026-03-10,117/104,83.1,97.9,73
HM01479,P0497,2026-06-30,120/76,124.8,96.7,90
HM01480,P0594,2026-07-30,137/65,60.0,97.3,75
HM01481,P0043,2026-03-06,176/86,60.0,97.6,77
HM01482,P0294,2026-07-04,130/64,110.3,97.6,64
HM01483,P0059,2026-04-28,130/89,144.4,98.7,72
HM01484,P0646,2026-09-16,139/83,119.7,97.6,72
HM01485,P0623,2026-07-02,126/109,125.5,97.6,68
HM01486,P0191,2026-01-23,115/106,101.0,99.0,73
HM01487,P0454,2026-09-20,130/89,95.0,97.6,97
HM01488,P0942,2026-02-03,144/89,142.6,98.6,102
HM01489,P0136,2026-08-03,125/86,64.2,97.5,63
HM01490,P0753,2026-05-23,150/55,100.9,96.0,68
HM01491,P0240,2026-04-13,115/96,128.9,97.5,90
HM01492,P0376,2026-09-05,125/80,72.9,97.3,68
HM01493,P0062,2026-06-16,125/80,169.0,98.5,45
HM01494,P0104,2026-02-11,130/62,81.2,97.5,70
HM01495,P0329,2026-08-26,97/82,65.6,98.5,104
HM01496,P0792,2026-03-27,98/76,60.0,97.9,85
HM01497,P0249,2026-03-02,139/80,146.1,100.5,98
HM01498,P0761,2026-05-03,114/62,100.8,97.3,83
HM01499,P0917,2026-09-01,101/79,144.3,98.1,66
HM01500,P0829,2026-04-04,148/57,103.5,98.2,78
HM01501,P0603,2026-01-12,128/87,113.8,97.9,73
HM01502,P0469,2026-01-23,112/89,92.4,99.0,78
HM01503,P0381,2026-02-09,114/87,89.5,98.8,80
HM01504,P0039,2026-01-15,113/86,134.1,99.2,89
HM01505,P0437,2026-06-03,134/66,200.7,96.9,89
HM01506,P0079,2026-07-08,133/65,110.6,98.1,93
HM01507,P0708,2026-01-06,110/76,60.0,99.8,65
HM01508,P0749,2026-04-26,131/78,111.6,98.9,98
HM01509,P0860,2026-04-20,130/87,126.5,99.1,72
HM01510,P0165,2026-01-21,146/93,152.9,97.6,75
HM01511,P0185,2026-04-13,129/63,170.8,98.2,81
HM01512,P0484,2026-09-28,113/64,93.9,98.4,86
HM01513,P0882,2026-08-08,128/84,103.2,98.6,95
HM01514,P0252,2026-01-03,139/89,125.3,96.8,65
HM01515,P0115,2026-05-30,134/79,130.4,99.7,86
HM01516,P0184,2026-02-08,150/81,86.7,98.1,68
HM01517,P0645,2026-02-18,156/89,133.2,99.3,53
HM01518,P0957,2026-09-04,136/64,114.7,97.9,85
HM01519,P0490,2026-04-20,129/96,93.9,98.8,79
HM01520,P0276,2026-09-16,92/68,109.8,99.2,83
HM01521,P0668,2026-05-14,101/78,185.6,98.3,74
HM01522,P0760,2026-06-19,134/89,99.0,98.7,74
HM01523,P0279,2026-01-10,139/82,131.9,97.5,68
HM01524,P0620,2026-09-19,143/79,125.0,97.9,88
HM01525,P0007,2026-09-08,112/78,142.5,99.3,71
HM01526,P0106,2026-06-25,164/83,78.5,98.5,73
HM01527,P0173,2026-05-22,133/79,117.6,97.4,89
HM01528,P0069,2026-01-06,101/66,127.9,99.6,73
HM01529,P0383,2026-01-25,139/92,143.5,97.9,64
HM01530,P0260,2026-08-15,90/76,156.2,97.2,86
HM01531,P0657,2026-05-19,105/81,139.8,97.6,80
HM01532,P0301,2026-02-27,116/88,123.2,98.3,96
HM01533,P0007,2026-08-22,138/71,112.0,98.1,78
HM01534,P0711,2026-06-23,175/84,60.0,97.7,54
HM01535,P0941,2026-01-06,118/56,84.5,96.8,82
HM01536,P0584,2026-03-09,125/83,111.3,96.9,84
HM01537,P0015,2026-07-29,163/84,100.1,96.9,67
HM01538,P0855,2026-09-19,134/92,124.1,98.9,86
HM01539,P0803,2026-07-14,135/72,121.1,97.4,78
HM01540,P0919,2026-01-26,131/100,69.2,98.6,95
HM01541,P0463,2026-07-10,140/89,135.6,99.4,64
HM01542,P0154,2026-08-14,97/79,60.0,99.3,92
HM01543,P0473,2026-07-18,116/75,112.5,98.2,79
HM01544,P0139,2026-01-14,136/77,148.0,98.6,70
HM01545,P0060,2026-01-17,151/63,111.8,99.1,69
HM01546,P0821,2026-02-01,131/86,84.9,98.1,76
HM01547,P0251,2026-07-16,113/107,88.3,99.1,73
HM01548,P0435,2026-01-28,103/81,137.7,99.0,96
HM01549,P0190,2026-08-31,183/83,91.8,98.6,74
HM01550,P0774,2026-05-16,143/64,197.9,99.0,57
HM01551,P0656,2026-07-18,110/89,156.2,97.1,86
HM01552,P0286,2026-05-29,90/78,153.9,97.7,59
HM01553,P0588,2026-02-06,127/72,137.0,97.4,68
HM01554,P0858,2026-09-26,90/82,109.4,97.1,80
HM01555,P0506,2026-08-06,145/77,124.4,98.4,63
HM01556,P0150,2026-08-26,166/74,138.0,98.9,76
HM01557,P0947,2026-07-07,137/82,65.4,97.9,70
HM01558,P0785,2026-08-09,115/64,154.4,99.6,89
HM01559,P0099,2026-04-19,150/75,92.7,97.5,85
HM01560,P0914,2026-09-25,129/79,160.3,98.6,67
HM01561,P0260,2026-05-15,111/88,151.5,98.7,100
HM01562,P0748,2026-07-12,157/85,85.6,97.0,73
HM01563,P0241,2026-08-30,140/101,129.6,99.3,75
HM01564,P0821,2026-08-03,137/89,60.0,97.8,89
HM01565,P0390,2026-07-18,130/65,60.0,97.9,77
HM01566,P0927,2026-04-22,107/81,132.7,98.8,49
HM01567,P0639,2026-03-03,98/76,135.0,98.6,83
HM01568,P0083,2026-03-31,117/76,89.5,98.9,66
HM01569,P0122,2026-05-12,142/82,113.4,97.6,61
HM01570,P0831,2026-05-30,112/76,60.0,98.0,89
HM01571,P0468,2026-08-24,136/74,116.6,97.7,79
HM01572,P0378,2026-03-24,155/91,133.2,97.8,86
HM01573,P0673,2026-01-29,91/76,135.4,98.9,86
HM01574,P0289,2026-08-27,130/77,133.8,97.3,67
HM01575,P0673,2026-06-03,126/82,60.0,98.6,87
HM01576,P0746,2026-08-21,123/108,91.1,97.9,73
HM01577,P0053,2026-04-30,123/76,65.8,97.7,76
HM01578,P0189,2026-05-27,149/106,161.7,97.5,69
HM01579,P0130,2026-08-08,121/101,109.2,97.0,71
HM01580,P0289,2026-05-24,140/88,108.0,98.8,50
HM01581,P0742,2026-09-24,127/90,85.8,97.4,55
HM01582,P0509,2026-08-06,156/71,123.4,98.7,96
HM01583,P0884,2026-07-13,121/73,121.1,99.4,75
HM01584,P0286,2026-09-03,105/61,72.3,99.0,74
HM01585,P0419,2026-04-20,112/71,118.0,98.0,74
HM01586,P0406,2026-03-11,151/98,60.0,98.5,68
HM01587,P0956,2026-08-03,120/83,107.6,98.4,86
HM01588,P0820,2026-06-05,130/72,93.0,96.9,67
HM01589,P0085,2026-06-07,164/70,73.2,98.5,76
HM01590,P0066,2026-04-02,121/96,134.2,97.7,72
HM01591,P0266,2026-08-10,114/90,104.2,96.6,77
HM01592,P0457,2026-07-13,94/106,81.2,98.1,81
HM01593,P0689,2026-06-24,119/76,129.8,99.6,87
HM01594,P0971,2026-05-08,154/67,126.1,98.3,82
HM01595,P0355,2026-04-16,152/77,100.8,98.7,56
HM01596,P0538,2026-01-08,120/78,82.8,99.2,65
HM01597,P0723,2026-03-19,122/83,162.4,98.2,89
HM01598,P0382,2026-05-24,139/81,76.9,96.9,79
HM01599,P0950,2026-01-31,114/91,141.1,98.0,64
HM01600,P0288,2026-04-15,135/67,88.5,97.3,76
HM01601,P0863,2026-09-07,148/79,99.5,96.8,84
HM01602,P0567,2026-06-09,109/81,102.6,99.0,76
HM01603,P0190,2026-01-03,123/85,188.7,99.0,76
HM01604,P0450,2026-07-24,125/73,81.8,97.7,68
HM01605,P0044,2026-05-16,138/67,161.7,98.9,78
HM01606,P0636,2026-08-22,125/73,124.5,99.2,69
HM01607,P0534,2026-04-13,94/88,126.4,97.2,69
HM01608,P0414,2026-03-15,107/71,103.7,98.0,70
HM01609,P0960,2026-07-18,109/77,120.9,97.9,91
HM01610,P0491,2026-05-18,135/60,133.3,98.7,72
HM01611,P0655,2026-07-05,95/80,114.7,97.2,60
HM01612,P0909,2026-07-06,123/77,100.4,98.1,64
HM01613,P0790,2026-04-11,116/86,102.8,96.7,72
HM01614,P0398,2026-05-08,103/83,126.2,96.7,87
HM01615,P0710,2026-03-02,102/98,113.3,97.1,64
HM01616,P0517,2026-03-14,131/75,111.6,99.7,69
HM01617,P0690,2026-05-15,126/97,124.5,96.8,84
HM01618,P0925,2026-03-10,101/96,86.2,100.9,95
HM01619,P0888,2026-06-26,109/80,141.4,98.9,83
HM01620,P0778,2026-01-26,150/78,102.2,97.9,88
HM01621,P0754,2026-07-06,132/83,142.8,96.4,81
HM01622,P0338,2026-03-16,129/100,61.5,99.6,78
HM01623,P0438,2026-02-07,134/100,134.6,98.6,80
HM01624,P0091,2026-05-09,115/79,90.0,98.2,49
HM01625,P0208,2026-04-23,133/78,103.2,98.4,60
HM01626,P0616,2026-08-29,163/78,109.9,97.3,78
HM01627,P0172,2026-06-12,152/92,144.9,98.7,73
HM01628,P0383,2026-03-27,95/77,106.7,99.1,81
HM01629,P0675,2026-01-18,157/94,99.0,96.6,94
HM01630,P0414,2026-01-12,152/63,167.8,98.5,79
HM01631,P0918,2026-07-19,157/96,137.8,98.6,85
HM01632,P0637,2026-09-01,116/79,83.4,97.9,73
HM01633,P0689,2026-03-11,112/81,103.7,98.7,58
HM01634,P0335,2026-03-17,122/81,104.1,98.0,58
HM01635,P0865,2026-08-26,132/87,132.3,99.1,80
HM01636,P0234,2026-05-11,134/81,139.1,96.8,67
HM01637,P0857,2026-01-16,156/55,110.1,99.3,76
HM01638,P0048,2026-07-08,116/81,102.6,98.2,69
HM01639,P0359,2026-02-06,147/97,110.3,97.0,71
HM01640,P0884,2026-07-09,121/86,79.7,97.5,84
HM01641,P0059,2026-02-21,143/72,68.3,101.2,87
HM01642,P0224,2026-02-24,119/90,110.6,99.0,79
HM01643,P0813,2026-03-07,126/78,64.3,99.9,66
HM01644,P0014,2026-09-26,97/77,81.3,98.2,86
HM01645,P0080,2026-04-09,144/89,104.3,98.2,82
HM01646,P0940,2026-01-13,90/86,64.0,100.0,73
HM01647,P0338,2026-05-23,121/70,93.0,100.2,89
HM01648,P0396,2026-06-23,94/98,156.8,97.9,81
HM01649,P0285,2026-03-15,124/103,87.1,98.3,72
HM01650,P0185,2026-08-08,96/106,73.6,98.4,57
HM01651,P0609,2026-06-29,117/85,86.1,98.7,74
HM01652,P0476,2026-06-15,148/96,94.5,98.3,80
HM01653,P0448,2026-06-17,137/80,121.7,98.0,79
HM01654,P0492,2026-06-18,150/87,139.5,98.9,76
HM01655,P0582,2026-07-19,131/66,159.4,96.0,76
HM01656,P0281,2026-06-11,147/63,129.0,97.6,73
HM01657,P0729,2026-01-22,143/82,60.0,97.3,89
HM01658,P0077,2026-06-21,133/100,173.9,97.9,108
HM01659,P0793,2026-05-08,125/68,92.8,96.2,97
HM01660,P0745,2026-09-28,156/67,107.0,98.3,66
HM01661,P0860,2026-09-03,90/77,103.8,97.9,80
HM01662,P0209,2026-09-04,153/76,121.0,98.9,84
HM01663,P0922,2026-07-18,112/81,134.2,97.2,93
HM01664,P0220,2026-08-23,153/71,121.8,98.8,71
HM01665,P0625,2026-09-11,134/81,63.6,98.6,64
HM01666,P0330,2026-09-20,143/71,109.4,99.4,83
HM01667,P0831,2026-08-23,103/67,94.0,98.6,82
HM01668,P0209,2026-06-30,108/65,124.9,98.0,103
HM01669,P0165,2026-08-26,125/101,74.0,96.8,64
HM01670,P0618,2026-05-30,148/101,87.6,97.8,63
HM01671,P0060,2026-09-07,90/88,122.8,98.2,61
HM01672,P0820,2026-01-15,157/73,133.7,96.9,75
HM01673,P0625,2026-01-10,130/83,120.4,98.6,64
HM01674,P0554,2026-04-21,128/81,123.1,98.3,62
HM01675,P0387,2026-03-28,98/55,143.6,98.9,88
HM01676,P0771,2026-09-09,131/55,79.1,98.4,79
HM01677,P0377,2026-05-31,120/84,115.4,98.3,70
HM01678,P0203,2026-05-29,144/74,68.4,97.5,73
HM01679,P0815,2026-07-07,144/79,108.5,97.1,87
HM01680,P0255,2026-08-24,111/78,166.8,98.7,58
HM01681,P0898,2026-03-22,90/79,72.6,98.8,78
HM01682,P0458,2026-09-08,128/71,175.9,100.8,74
HM01683,P0637,2026-07-04,132/81,105.9,97.5,64
HM01684,P0559,2026-05-08,102/84,96.8,96.0,83
HM01685,P0248,2026-08-13,124/96,128.1,96.9,51
HM01686,P0972,2026-03-28,110/72,148.0,98.2,91
HM01687,P0402,2026-02-16,98/91,140.2,96.4,93
HM01688,P0890,2026-05-19,126/84,84.7,99.3,63
HM01689,P0406,2026-08-30,141/89,80.9,100.0,80
HM01690,P0936,2026-02-19,138/61,189.1,97.1,90
HM01691,P0823,2026-06-01,105/72,142.6,99.1,62
HM01692,P0385,2026-05-07,146/92,82.2,99.6,60
HM01693,P0461,2026-01-22,112/85,85.1,98.4,80
HM01694,P0467,2026-04-23,121/89,107.0,98.4,91
HM01695,P0867,2026-02-05,140/89,74.8,98.7,67
HM01696,P0378,2026-01-13,99/79,83.3,98.9,87
HM01697,P0905,2026-07-27,90/70,63.9,97.8,83
HM01698,P0823,2026-02-22,120/72,160.5,96.1,92
HM01699,P0519,2026-03-10,114/79,96.5,99.6,63
HM01700,P0016,2026-01-29,125/86,60.0,97.4,76
HM01701,P0546,2026-03-06,107/70,102.8,98.8,73
HM01702,P0259,2026-03-19,146/68,71.2,99.9,70
HM01703,P0465,2026-09-10,98/59,152.6,97.9,74
HM01704,P0475,2026-02-12,121/92,108.7,100.3,79
HM01705,P0112,2026-08-28,146/89,113.7,97.7,81
HM01706,P0194,2026-09-12,135/73,120.8,99.3,102
HM01707,P0073,2026-04-05,142/102,93.0,98.8,94
HM01708,P0225,2026-05-02,107/74,175.8,97.3,61
HM01709,P0593,2026-02-22,155/94,130.1,98.2,72
HM01710,P0826,2026-09-21,130/98,123.3,100.2,67
HM01711,P0007,2026-09-24,124/75,77.0,98.1,83
HM01712,P0061,2026-05-20,135/106,131.3,99.2,78
HM01713,P0409,2026-02-21,158/108,133.6,97.3,71
HM01714,P0637,2026-01-25,130/85,139.4,98.6,78
HM01715,P0338,2026-01-31,112/84,179.9,99.1,84
HM01716,P0997,2026-06-27,145/75,97.2,97.5,76
HM01717,P0214,2026-08-11,116/94,98.4,97.5,101
HM01718,P0403,2026-06-09,115/81,130.8,97.2,92
HM01719,P0186,2026-08-15,137/98,91.2,98.3,78
HM01720,P0734,2026-09-09,130/62,118.9,96.9,82
HM01721,P0281,2026-03-24,90/57,143.6,97.7,66
HM01722,P0077,2026-06-28,150/83,145.5,98.1,110
HM01723,P0656,2026-03-08,112/100,112.9,96.7,83
HM01724,P0879,2026-03-20,131/67,82.7,98.2,82
HM01725,P0593,2026-06-19,90/92,97.7,97.0,89
HM01726,P0465,2026-03-23,124/94,130.3,98.2,76
HM01727,P0065,2026-07-24,134/75,85.2,98.7,76
HM01728,P0052,2026-02-10,125/93,111.0,98.2,70
HM01729,P0525,2026-02-01,133/84,146.5,97.7,72
HM01730,P0173,2026-02-18,140/83,83.3,99.4,57
HM01731,P0109,2026-03-05,140/64,181.0,96.8,91
HM01732,P0225,2026-06-14,123/75,121.5,98.8,67
HM01733,P0295,2026-09-15,108/87,60.0,97.7,114
HM01734,P0800,2026-03-15,105/93,94.5,98.7,85
HM01735,P0671,2026-04-18,147/77,184.6,97.7,80
HM01736,P0749,2026-07-29,129/66,105.0,98.3,72
HM01737,P0739,2026-04-22,173/69,156.3,99.0,77
HM01738,P0049,2026-02-20,107/70,96.9,96.6,65
HM01739,P0779,2026-07-25,95/96,136.6,98.9,85
HM01740,P0258,2026-03-15,128/97,93.6,98.3,86
HM01741,P0863,2026-06-27,98/117,116.0,98.3,93
HM01742,P0629,2026-09-19,143/80,119.6,96.8,71
HM01743,P0225,2026-06-06,135/85,157.7,98.1,61
HM01744,P0172,2026-09-10,146/97,146.4,98.1,90
HM01745,P0487,2026-06-15,190/81,69.1,97.7,85
HM01746,P0391,2026-04-14,92/82,128.3,99.6,93
HM01747,P0720,2026-09-04,142/55,147.2,98.8,81
HM01748,P0347,2026-05-30,90/70,74.2,96.4,77
HM01749,P0045,2026-08-12,109/111,109.1,99.4,59
HM01750,P0534,2026-03-08,114/81,83.2,97.8,75
HM01751,P0288,2026-08-03,120/102,128.2,98.6,84
HM01752,P0256,2026-05-12,137/79,103.8,98.4,91
HM01753,P0381,2026-06-07,147/77,141.9,98.0,78
HM01754,P0321,2026-07-31,115/77,161.9,98.3,79
HM01755,P0327,2026-02-10,96/76,106.6,97.5,78
HM01756,P0307,2026-08-09,116/80,119.3,97.3,73
HM01757,P0524,2026-03-15,126/94,124.0,97.6,82
HM01758,P0618,2026-09-18,159/91,134.2,98.9,95
HM01759,P0562,2026-07-20,146/86,152.4,97.2,59
HM01760,P0338,2026-06-26,128/80,96.0,98.9,55
HM01761,P0710,2026-05-07,114/74,60.0,99.5,61
HM01762,P0207,2026-05-19,113/90,137.6,97.2,86
HM01763,P0306,2026-02-18,130/107,129.1,98.1,67
HM01764,P0186,2026-06-25,110/70,163.0,98.2,84
HM01765,P0509,2026-08-21,155/55,159.8,98.2,83
HM01766,P0633,2026-03-02,108/70,132.1,100.3,90
HM01767,P0102,2026-04-19,150/77,94.0,97.5,72
HM01768,P0452,2026-01-11,90/71,95.4,98.0,79
HM01769,P0551,2026-07-27,132/79,94.6,96.4,71
HM01770,P0891,2026-05-16,105/85,146.8,99.0,87
HM01771,P0665,2026-01-30,122/73,88.9,96.8,89
HM01772,P0178,2026-06-20,121/65,86.1,97.4,78
HM01773,P0584,2026-08-16,146/75,60.0,98.0,76
HM01774,P0857,2026-08-31,120/72,122.6,98.3,77
HM01775,P0864,2026-01-25,133/74,98.0,99.4,84
HM01776,P0443,2026-06-22,141/94,133.4,99.0,59
HM01777,P0947,2026-01-03,129/77,173.7,99.0,70
HM01778,P0545,2026-06-15,132/82,130.9,97.3,82
HM01779,P0958,2026-06-13,120/83,89.6,97.7,92
HM01780,P0701,2026-06-08,103/68,113.2,97.5,67
HM01781,P0093,2026-02-12,127/61,79.7,100.0,83
HM01782,P0271,2026-06-14,110/85,134.9,99.1,76
HM01783,P0131,2026-09-13,144/55,78.0,98.3,81
HM01784,P0235,2026-02-06,106/83,93.2,98.0,90
HM01785,P0568,2026-04-05,143/68,78.0,97.8,77
HM01786,P0722,2026-05-31,111/92,127.2,98.6,62
HM01787,P0199,2026-04-23,148/55,144.2,99.0,72
HM01788,P0653,2026-05-24,150/79,117.2,98.5,116
HM01789,P0366,2026-05-12,151/88,83.1,98.3,68
HM01790,P0136,2026-02-18,141/81,75.6,98.3,67
HM01791,P0085,2026-08-07,128/69,116.0,98.9,77
HM01792,P0287,2026-05-15,117/82,139.4,97.2,81
HM01793,P0426,2026-02-19,151/86,117.0,98.8,83
HM01794,P0884,2026-08-02,140/55,60.6,99.1,59
HM01795,P0853,2026-03-31,133/75,80.1,98.5,80
HM01796,P0398,2026-04-30,167/72,165.4,98.5,70
HM01797,P0226,2026-02-03,140/86,116.3,98.4,70
HM01798,P0700,2026-03-11,108/89,107.2,98.1,81
HM01799,P0413,2026-06-25,130/62,160.0,98.3,75
HM01800,P0469,2026-09-23,133/82,141.8,98.7,86
HM01801,P0348,2026-03-17,152/90,109.4,97.2,98
HM01802,P0347,2026-04-13,120/74,60.0,98.5,79
HM01803,P0658,2026-03-01,94/85,97.6,100.6,71
HM01804,P0161,2026-06-06,116/69,159.7,97.9,69
HM01805,P0004,2026-02-18,139/63,136.9,99.8,84
HM01806,P0094,2026-03-02,137/90,174.8,99.3,83
HM01807,P0506,2026-03-04,143/69,142.2,97.3,73
HM01808,P0867,2026-05-25,90/84,92.5,99.2,82
HM01809,P0850,2026-09-16,147/66,151.3,100.1,87
HM01810,P0492,2026-03-16,140/82,96.6,98.9,59
HM01811,P0640,2026-03-18,116/58,90.4,98.8,84
HM01812,P0833,2026-08-14,126/82,60.0,97.9,69
HM01813,P0698,2026-08-12,111/87,84.9,97.7,52
HM01814,P0077,2026-09-27,119/66,117.8,97.3,79
HM01815,P0616,2026-04-30,122/100,132.4,96.5,62
HM01816,P0451,2026-09-03,126/68,60.0,99.4,86
HM01817,P0326,2026-09-16,135/72,130.0,97.6,80
HM01818,P0526,2026-07-27,106/98,60.0,99.3,78
HM01819,P0316,2026-03-09,115/82,140.7,99.4,81
HM01820,P0170,2026-05-05,107/80,178.6,99.4,88
HM01821,P0116,2026-03-13,140/88,155.6,97.8,61
HM01822,P0770,2026-04-07,126/70,78.1,97.6,107
HM01823,P0812,2026-07-30,127/84,72.2,96.5,68
HM01824,P0457,2026-06-26,153/84,136.0,98.9,70
HM01825,P0422,2026-08-16,152/72,164.2,98.6,56
HM01826,P0206,2026-02-25,110/58,155.7,98.2,51
HM01827,P0398,2026-04-19,132/73,63.1,99.7,79
HM01828,P0468,2026-02-24,119/75,62.0,97.0,93
HM01829,P0267,2026-01-27,115/80,60.0,97.0,85
HM01830,P0117,2026-03-30,132/101,162.0,98.0,83
HM01831,P0992,2026-08-13,118/104,155.2,98.4,80
HM01832,P0518,2026-05-24,153/86,169.6,96.2,83
HM01833,P0781,2026-02-23,114/101,169.1,98.2,96
HM01834,P0039,2026-06-08,160/80,201.5,98.2,75
HM01835,P0919,2026-07-25,142/75,118.0,99.5,78
HM01836,P0475,2026-06-21,91/84,90.6,99.0,86
HM01837,P0990,2026-07-07,154/90,153.2,97.6,87
HM01838,P0428,2026-04-17,164/71,178.0,97.7,67
HM01839,P0093,2026-04-20,130/88,146.9,97.3,83
HM01840,P0356,2026-02-03,111/62,82.5,97.5,84
HM01841,P0616,2026-02-03,148/62,127.3,97.1,85
HM01842,P0236,2026-03-10,112/67,143.0,97.7,74
HM01843,P0239,2026-07-14,90/91,143.7,98.2,59
HM01844,P0869,2026-05-12,149/72,99.1,100.3,69
HM01845,P0176,2026-01-26,139/86,128.7,98.5,82
HM01846,P0841,2026-08-21,130/79,167.9,97.0,90
HM01847,P0666,2026-03-19,141/88,154.1,98.1,55
HM01848,P0291,2026-01-23,123/68,89.4,97.1,72
HM01849,P0644,2026-07-25,113/55,139.5,100.2,85
HM01850,P0268,2026-08-22,120/79,100.3,98.3,77
HM01851,P0414,2026-05-16,108/100,62.9,98.8,76
HM01852,P0800,2026-08-29,163/84,102.4,98.0,78
HM01853,P0490,2026-04-27,102/70,60.0,97.4,79
HM01854,P0653,2026-03-02,131/56,110.2,98.7,76
HM01855,P0832,2026-03-02,112/75,96.1,97.6,80
HM01856,P0464,2026-02-16,171/71,103.9,98.2,69
HM01857,P0914,2026-03-29,146/55,96.4,98.9,74
HM01858,P0348,2026-02-13,108/85,146.7,98.4,68
HM01859,P0924,2026-09-25,134/75,141.1,99.5,46
HM01860,P0115,2026-02-25,127/59,200.5,97.8,86
HM01861,P0610,2026-09-18,124/70,82.7,99.6,89
HM01862,P0865,2026-08-18,163/80,125.1,98.0,74
HM01863,P0766,2026-08-09,104/81,87.4,98.6,80
HM01864,P0977,2026-02-25,130/100,113.7,98.9,102
HM01865,P0557,2026-07-19,151/93,104.3,98.4,62
HM01866,P0139,2026-06-03,134/83,115.8,99.1,63
HM01867,P0241,2026-02-16,157/90,112.5,98.1,83
HM01868,P0194,2026-09-18,155/81,120.0,98.2,99
HM01869,P0665,2026-08-20,117/79,166.2,98.3,91
HM01870,P0892,2026-03-29,106/77,167.0,97.6,76
HM01871,P0098,2026-07-15,130/68,100.5,98.3,78
HM01872,P0485,2026-08-23,150/98,85.0,98.3,86
HM01873,P0122,2026-06-15,155/88,125.2,98.8,86
HM01874,P0720,2026-01-26,106/82,166.1,98.0,79
HM01875,P0715,2026-01-01,120/55,115.7,98.5,71
HM01876,P0810,2026-03-21,101/69,141.7,100.0,94
HM01877,P0694,2026-02-15,98/90,91.8,97.7,72
HM01878,P0068,2026-01-08,139/91,111.6,98.1,83
HM01879,P0990,2026-02-07,136/94,70.0,98.2,65
HM01880,P0967,2026-04-13,123/77,113.4,97.5,60
HM01881,P0674,2026-04-17,90/78,99.9,97.6,93
HM01882,P0628,2026-05-24,107/97,171.8,96.4,79
HM01883,P0664,2026-05-12,117/55,64.4,98.9,102
HM01884,P0192,2026-04-13,143/83,114.3,99.7,103
HM01885,P0695,2026-09-27,113/56,60.0,99.4,77
HM01886,P0972,2026-07-30,128/58,88.6,97.9,80
HM01887,P0963,2026-08-30,117/67,87.5,99.3,80
HM01888,P0109,2026-05-12,137/69,60.0,97.7,67
HM01889,P0147,2026-06-20,131/119,139.3,100.7,84
HM01890,P0314,2026-09-12,112/84,177.3,99.8,71
HM01891,P0054,2026-07-13,130/62,143.9,99.6,78
HM01892,P0954,2026-08-26,111/84,129.6,98.3,80
HM01893,P0394,2026-01-31,121/91,140.8,97.3,65
HM01894,P0892,2026-09-28,119/88,120.2,97.6,81
HM01895,P0397,2026-01-14,118/90,126.7,97.9,80
HM01896,P0106,2026-02-03,151/73,129.1,98.1,83
HM01897,P0852,2026-01-12,111/81,153.8,97.4,62
HM01898,P0458,2026-05-04,99/65,135.8,96.9,74
HM01899,P0479,2026-07-23,137/84,101.5,98.4,79
HM01900,P0277,2026-02-05,120/77,193.2,98.9,107
HM01901,P0161,2026-05-09,115/78,68.4,97.5,100
HM01902,P0339,2026-07-27,114/103,71.5,97.3,73
HM01903,P0707,2026-03-29,123/91,130.8,97.8,76
HM01904,P0788,2026-09-28,118/69,83.9,99.1,56
HM01905,P0431,2026-03-25,157/75,88.0,98.9,95
HM01906,P0548,2026-08-25,147/86,153.0,96.7,71
HM01907,P0888,2026-07-11,106/94,101.6,99.0,84
HM01908,P0407,2026-05-01,107/72,160.3,97.5,79
HM01909,P0790,2026-03-09,109/76,113.4,97.5,66
HM01910,P0640,2026-05-05,130/69,86.6,97.4,77
HM01911,P0584,2026-01-06,143/98,89.6,100.1,65
HM01912,P0352,2026-09-28,146/71,84.5,97.5,77
HM01913,P0069,2026-03-10,136/88,82.0,97.3,67
HM01914,P0074,2026-02-27,122/77,81.7,98.4,105
HM01915,P0300,2026-03-08,114/74,134.6,97.7,86
HM01916,P0746,2026-04-04,110/101,127.1,97.6,70
HM01917,P0284,2026-03-20,114/96,70.6,97.6,71
HM01918,P0633,2026-09-23,124/76,62.8,97.8,76
HM01919,P0094,2026-02-13,112/88,147.2,98.1,80
HM01920,P0952,2026-05-19,90/74,150.2,97.8,69
HM01921,P0300,2026-02-13,170/101,131.4,99.2,51
HM01922,P0174,2026-09-20,109/74,106.7,97.8,47
HM01923,P0759,2026-05-29,132/86,171.1,97.5,67
HM01924,P0474,2026-03-27,90/76,146.5,97.6,103
HM01925,P0002,2026-08-05,119/81,67.3,98.5,54
HM01926,P0149,2026-01-09,138/88,162.6,97.3,79
HM01927,P0290,2026-03-26,136/85,84.7,96.0,82
HM01928,P0953,2026-07-01,121/73,141.7,98.2,62
HM01929,P0090,2026-09-04,90/66,198.8,98.9,80
HM01930,P0297,2026-05-17,121/77,155.9,97.8,84
HM01931,P0276,2026-07-14,118/103,141.0,99.3,70
HM01932,P0856,2026-05-04,146/76,118.9,99.7,65
HM01933,P0433,2026-09-24,129/85,133.2,97.8,103
HM01934,P0656,2026-04-01,99/97,157.5,99.9,58
HM01935,P0272,2026-06-08,107/97,60.0,96.8,72
HM01936,P0338,2026-03-22,128/99,108.5,97.7,81
HM01937,P0417,2026-09-13,134/85,108.8,96.4,66
HM01938,P0519,2026-06-27,153/82,103.7,99.2,64
HM01939,P0348,2026-04-26,120/81,99.6,98.3,75
HM01940,P0709,2026-09-25,97/82,68.5,98.3,94
HM01941,P0226,2026-04-29,119/65,110.6,97.5,85
HM01942,P0313,2026-04-03,122/100,155.7,98.1,86
HM01943,P0167,2026-06-23,117/80,102.3,98.9,95
HM01944,P0241,2026-04-01,140/91,147.3,98.7,64
HM01945,P0064,2026-05-17,159/101,106.8,97.9,85
HM01946,P0070,2026-09-07,136/77,71.2,98.5,84
HM01947,P0545,2026-09-18,139/84,105.5,99.1,78
HM01948,P0092,2026-01-06,115/77,60.0,98.0,86
HM01949,P0371,2026-04-04,131/98,105.8,98.6,87
HM01950,P0309,2026-01-02,171/81,78.5,99.0,100
HM01951,P0276,2026-04-19,118/90,158.0,99.1,79
HM01952,P0965,2026-05-29,111/79,131.1,99.0,82
HM01953,P0493,2026-03-29,117/86,145.1,98.5,67
HM01954,P0963,2026-07-15,121/91,66.6,96.3,96
HM01955,P0965,2026-06-07,135/87,77.3,98.9,81
HM01956,P0360,2026-09-09,93/97,120.6,97.8,73
HM01957,P0513,2026-08-29,90/87,124.2,98.0,93
HM01958,P0800,2026-05-17,97/72,85.2,97.9,78
HM01959,P0177,2026-01-12,133/75,84.3,99.7,106
HM01960,P0114,2026-05-12,127/70,166.6,96.9,73
HM01961,P0885,2026-02-19,111/66,105.2,97.4,78
HM01962,P0205,2026-09-01,125/72,102.0,98.0,87
HM01963,P0155,2026-04-15,122/89,135.5,98.7,94
HM01964,P0711,2026-03-20,102/74,176.7,98.0,45
HM01965,P0580,2026-01-24,120/81,60.0,99.4,69
HM01966,P0041,2026-09-03,131/77,69.9,97.2,66
HM01967,P0144,2026-02-23,146/78,96.7,97.4,92
HM01968,P0210,2026-08-13,154/94,132.2,98.5,63
HM01969,P0521,2026-09-11,120/71,60.0,99.2,69
HM01970,P0033,2026-04-09,148/90,134.5,98.8,70
HM01971,P0125,2026-04-12,162/80,125.6,97.6,66
HM01972,P0623,2026-09-14,134/82,87.4,96.9,62
HM01973,P0804,2026-03-03,148/72,103.1,99.5,64
HM01974,P0410,2026-09-13,110/70,171.6,100.0,87
HM01975,P0231,2026-05-13,140/73,183.2,98.4,88
HM01976,P0251,2026-06-28,122/76,173.2,98.7,95
HM01977,P0722,2026-02-13,130/69,94.6,98.3,70
HM01978,P0571,2026-01-24,102/94,95.9,98.3,81
HM01979,P0756,2026-06-01,113/97,75.9,98.4,80
HM01980,P0785,2026-05-20,123/64,145.5,98.9,69
HM01981,P0530,2026-09-13,139/84,70.2,97.4,91
HM01982,P0855,2026-05-16,131/73,85.0,97.7,72
HM01983,P0127,2026-09-27,108/59,154.9,99.1,62
HM01984,P0800,2026-08-12,127/69,105.8,97.9,72
HM01985,P0697,2026-06-11,165/74,86.7,97.5,90
HM01986,P0869,2026-03-25,91/70,165.6,98.4,80
HM01987,P0035,2026-09-17,167/82,90.2,97.9,64
HM01988,P0684,2026-04-16,150/86,154.4,99.3,73
HM01989,P0346,2026-02-12,106/79,84.5,98.3,91
HM01990,P0679,2026-04-06,121/81,111.7,98.9,69
HM01991,P0135,2026-04-06,90/85,149.6,98.6,70
HM01992,P0407,2026-09-22,102/85,120.0,98.1,99
HM01993,P0028,2026-09-24,106/101,116.1,96.5,75
HM01994,P0931,2026-05-15,144/75,63.4,98.1,67
HM01995,P0552,2026-05-22,134/89,78.0,97.6,87
HM01996,P0002,2026-06-23,107/67,73.7,98.5,81
HM01997,P0924,2026-07-14,111/80,168.4,97.3,54
HM01998,P0024,2026-07-22,134/78,90.1,98.8,88
HM01999,P0533,2026-07-17,90/72,196.1,98.7,86
HM02000,P0268,2026-04-02,148/80,142.9,98.8,84
HM02001,P0239,2026-06-08,118/82,94.4,98.2,63
HM02002,P0647,2026-09-19,109/76,82.0,97.7,76
HM02003,P0739,2026-03-17,133/91,98.8,99.4,89
HM02004,P0796,2026-05-04,135/81,126.2,99.3,92
HM02005,P0201,2026-06-11,151/80,134.4,99.4,70
HM02006,P0532,2026-07-21,118/80,146.5,99.0,75
HM02007,P0404,2026-08-02,94/82,82.9,96.9,62
HM02008,P0294,2026-05-14,131/96,116.4,98.4,92
HM02009,P0202,2026-03-04,94/86,114.6,98.7,72
HM02010,P0291,2026-02-08,108/81,172.7,99.0,71
HM02011,P1000,2026-09-19,98/59,161.1,97.3,74
HM02012,P0097,2026-06-16,151/60,167.2,98.0,64
HM02013,P0987,2026-08-10,120/71,130.4,97.6,55
HM02014,P0397,2026-09-08,120/63,122.2,97.1,72
HM02015,P0385,2026-07-25,128/77,123.8,98.8,64
HM02016,P0696,2026-08-03,123/55,123.7,97.9,66
HM02017,P0288,2026-02-28,131/94,98.3,97.3,79
HM02018,P0236,2026-07-29,98/72,157.8,98.3,55
HM02019,P0483,2026-09-08,90/81,145.2,96.7,83
HM02020,P0772,2026-03-13,151/102,126.6,98.7,52
HM02021,P0427,2026-03-22,166/73,82.3,98.0,96
HM02022,P0971,2026-04-23,169/81,149.9,98.2,65
HM02023,P0657,2026-04-26,154/72,168.7,99.4,85
HM02024,P0501,2026-03-08,161/106,108.9,97.5,55
HM02025,P0796,2026-05-20,169/74,154.7,97.5,96
HM02026,P0041,2026-07-15,110/65,107.7,97.7,85
HM02027,P0336,2026-06-29,123/87,104.8,97.6,70
HM02028,P0630,2026-07-27,165/82,60.0,97.7,79
HM02029,P0829,2026-09-09,161/92,82.7,100.4,77
HM02030,P0136,2026-08-18,149/66,60.0,96.9,45
HM02031,P0415,2026-02-13,167/82,82.6,98.6,80
HM02032,P0608,2026-04-01,137/94,104.9,97.4,87
HM02033,P0955,2026-03-07,141/81,191.2,97.8,67
HM02034,P0606,2026-07-02,133/71,132.3,97.5,73
HM02035,P0270,2026-04-01,162/75,87.0,99.3,65
HM02036,P0571,2026-01-17,111/86,147.8,99.3,69
HM02037,P0608,2026-09-19,136/74,93.8,99.3,71
HM02038,P0530,2026-05-01,130/81,77.5,99.1,84
HM02039,P0476,2026-09-13,90/83,87.9,99.2,60
HM02040,P0534,2026-06-23,117/84,116.9,98.9,59
HM02041,P0274,2026-06-26,158/86,162.6,99.0,77
HM02042,P0702,2026-07-07,99/73,170.6,99.4,70
HM02043,P0021,2026-03-22,90/77,104.9,98.0,84
HM02044,P0168,2026-04-13,142/91,130.6,96.6,73
HM02045,P0035,2026-07-13,171/84,127.9,98.5,82
HM02046,P0250,2026-08-03,90/77,113.7,99.4,78
HM02047,P0947,2026-01-18,92/85,86.9,97.1,67
HM02048,P0309,2026-02-20,135/95,131.9,98.8,83
HM02049,P0852,2026-05-29,127/88,60.0,98.3,65
HM02050,P0890,2026-06-05,148/78,116.1,96.8,90
HM02051,P0593,2026-03-27,137/86,86.5,97.5,80
HM02052,P0895,2026-01-23,111/85,60.0,97.8,99
HM02053,P0036,2026-06-04,133/82,184.5,96.1,68
HM02054,P0235,2026-07-01,116/90,145.6,97.4,89
HM02055,P0494,2026-04-28,116/94,78.9,98.1,72
HM02056,P0579,2026-03-24,146/73,113.5,98.7,84
HM02057,P0656,2026-06-21,142/82,100.4,97.9,78
HM02058,P0229,2026-08-08,129/78,115.7,96.8,86
HM02059,P0660,2026-04-19,128/92,115.0,96.6,73
HM02060,P0605,2026-03-30,121/88,60.0,98.2,84
HM02061,P0162,2026-09-22,111/80,93.1,97.5,73
HM02062,P0439,2026-04-06,110/88,89.3,97.4,99
HM02063,P0562,2026-06-15,144/57,88.2,98.4,81
HM02064,P0548,2026-06-20,95/93,143.9,98.6,94
HM02065,P0229,2026-05-17,134/85,169.5,99.2,67
HM02066,P0619,2026-06-02,137/72,132.6,98.6,61
HM02067,P0876,2026-09-19,122/83,99.7,98.5,87
HM02068,P0790,2026-05-22,124/82,163.4,98.6,80
HM02069,P0091,2026-04-10,105/88,126.6,99.4,78
HM02070,P0324,2026-03-17,90/59,140.7,97.7,83
HM02071,P0601,2026-08-11,127/77,111.6,97.4,77
HM02072,P0430,2026-05-21,113/75,103.7,98.0,89
HM02073,P0666,2026-02-12,122/92,168.8,99.0,84
HM02074,P0291,2026-07-14,131/90,118.1,99.1,85
HM02075,P0475,2026-06-06,117/90,118.2,98.1,72
HM02076,P0899,2026-02-25,128/91,146.1,98.5,85
HM02077,P0100,2026-02-08,150/78,76.0,99.4,71
HM02078,P0786,2026-07-01,111/58,135.0,96.7,68
HM02079,P0396,2026-07-25,136/88,92.2,98.1,67
HM02080,P0857,2026-02-27,114/83,97.4,98.0,60
HM02081,P0336,2026-04-16,147/86,142.8,99.4,68
HM02082,P0315,2026-05-09,117/57,224.9,98.1,90
HM02083,P0671,2026-03-05,100/91,180.0,98.1,65
HM02084,P0748,2026-06-05,122/55,113.7,98.9,77
HM02085,P0247,2026-08-16,119/86,136.1,96.7,79
HM02086,P0933,2026-03-06,173/63,112.0,99.9,91
HM02087,P0984,2026-04-21,114/82,114.9,97.5,77
HM02088,P0914,2026-06-12,119/81,88.8,97.1,77
HM02089,P0389,2026-08-14,159/80,103.4,98.9,76
HM02090,P0444,2026-05-21,162/79,139.5,97.5,84
HM02091,P0044,2026-04-15,130/79,97.4,97.6,81
HM02092,P0761,2026-09-02,137/78,125.1,98.2,79
HM02093,P0083,2026-05-19,120/80,209.4,98.5,85
HM02094,P0085,2026-09-12,133/76,160.3,97.9,90
HM02095,P0579,2026-01-11,118/68,127.8,97.2,84
HM02096,P0512,2026-04-07,101/76,64.9,100.7,58
HM02097,P0820,2026-05-14,125/93,151.3,99.0,74
HM02098,P0517,2026-07-23,152/90,122.4,98.4,74
HM02099,P0148,2026-04-25,106/94,160.9,97.4,76
HM02100,P0203,2026-09-25,122/79,117.3,99.1,69
HM02101,P0548,2026-09-10,108/94,98.8,97.1,72
HM02102,P0880,2026-01-23,118/98,147.4,99.2,87
HM02103,P0890,2026-06-02,143/71,108.0,97.3,75
HM02104,P0061,2026-08-09,138/81,160.9,97.2,84
HM02105,P0068,2026-01-09,100/81,140.9,98.0,84
HM02106,P0712,2026-03-22,105/60,134.5,99.8,66
HM02107,P0884,2026-04-02,149/80,68.3,97.2,78
HM02108,P0868,2026-02-04,116/64,60.0,97.4,80
HM02109,P0504,2026-08-13,124/73,122.1,99.1,82
HM02110,P0495,2026-08-10,122/91,81.4,98.0,75
HM02111,P0625,2026-06-16,100/74,60.0,99.9,66
HM02112,P0448,2026-05-22,156/80,134.8,97.8,80
HM02113,P0751,2026-05-10,138/87,142.1,97.9,72
HM02114,P0710,2026-09-05,93/86,152.9,99.7,81
HM02115,P0681,2026-04-07,109/59,151.5,96.6,73
HM02116,P0846,2026-08-16,120/79,116.3,98.3,49
HM02117,P0025,2026-07-19,125/55,140.6,97.7,52
HM02118,P0239,2026-07-10,108/73,156.7,98.4,82
HM02119,P0394,2026-07-31,148/78,141.4,98.8,62
HM02120,P0048,2026-07-30,154/62,147.1,96.8,85
HM02121,P0667,2026-05-12,162/77,106.0,98.7,74
HM02122,P0977,2026-01-25,161/82,103.8,97.7,66
HM02123,P0268,2026-02-26,112/75,97.9,97.6,103
HM02124,P0816,2026-06-29,104/81,135.7,98.8,77
HM02125,P0221,2026-08-08,120/85,124.3,98.0,59
HM02126,P0361,2026-01-13,115/66,91.6,98.2,82
HM02127,P0303,2026-01-12,160/73,142.1,98.5,93
HM02128,P0487,2026-02-25,136/67,60.0,98.5,71
HM02129,P0375,2026-06-05,105/64,120.6,99.6,73
HM02130,P0161,2026-06-17,136/78,69.9,98.9,64
HM02131,P0752,2026-02-02,125/75,146.3,97.2,82
HM02132,P0818,2026-09-17,108/73,60.0,100.1,84
HM02133,P0767,2026-08-13,109/66,97.7,98.8,55
HM02134,P0117,2026-05-30,122/101,75.3,98.3,104
HM02135,P0615,2026-08-15,137/81,132.7,97.8,93
HM02136,P0479,2026-09-03,117/56,101.3,97.3,74
HM02137,P0605,2026-03-13,119/94,139.3,98.4,77
HM02138,P0607,2026-07-14,103/55,119.0,98.9,76
HM02139,P0080,2026-05-03,114/85,112.1,99.7,92
HM02140,P0959,2026-02-15,144/89,69.8,98.8,82
HM02141,P0245,2026-09-12,137/85,130.8,100.6,77
HM02142,P0085,2026-01-27,143/74,142.7,99.0,82
HM02143,P0789,2026-03-03,158/69,97.9,98.4,88
HM02144,P0957,2026-01-31,128/95,91.8,97.2,81
HM02145,P0944,2026-08-31,123/86,114.0,97.9,77
HM02146,P0332,2026-07-13,125/76,107.9,97.8,88
HM02147,P0934,2026-03-21,128/107,120.6,97.7,110
HM02148,P0274,2026-03-30,133/91,135.7,98.8,84
HM02149,P0479,2026-06-27,102/84,68.6,98.0,69
HM02150,P0038,2026-03-25,132/84,131.8,98.5,70
HM02151,P0299,2026-09-04,119/91,152.4,97.2,59
HM02152,P0035,2026-03-19,110/92,157.5,97.4,81
HM02153,P0003,2026-09-19,161/84,164.8,99.1,67
HM02154,P0323,2026-09-28,121/80,118.6,99.0,82
HM02155,P0641,2026-03-09,90/64,60.0,98.4,80
HM02156,P0453,2026-04-22,130/68,138.6,98.8,62
HM02157,P0274,2026-08-01,95/79,177.7,99.7,84
HM02158,P0322,2026-08-12,110/90,99.2,97.5,52
HM02159,P0320,2026-02-11,127/72,118.4,96.1,80
HM02160,P0159,2026-04-01,90/93,133.3,97.9,84
HM02161,P0093,2026-07-27,105/80,142.8,96.0,72
HM02162,P0360,2026-04-11,124/77,166.0,97.2,70
HM02163,P0240,2026-07-30,90/98,106.4,97.8,77
HM02164,P0207,2026-01-25,137/84,207.7,98.6,72
HM02165,P0638,2026-06-21,113/75,62.4,98.2,87
HM02166,P0504,2026-09-14,112/70,168.1,96.9,53
HM02167,P0338,2026-05-12,101/61,128.5,97.9,75
HM02168,P0794,2026-02-22,148/71,142.1,99.6,72
HM02169,P0251,2026-09-23,139/77,147.3,96.8,58
HM02170,P0536,2026-08-30,117/69,96.9,98.0,86
HM02171,P0037,2026-04-18,116/70,102.7,97.5,66
HM02172,P0045,2026-06-12,92/80,95.1,99.1,60
HM02173,P0702,2026-04-23,114/101,82.1,98.0,63
HM02174,P0655,2026-04-12,98/98,121.0,98.3,57
HM02175,P0237,2026-03-05,132/93,155.2,98.8,64
HM02176,P0766,2026-03-06,131/88,60.0,97.2,88
HM02177,P0998,2026-02-17,142/61,142.8,98.3,87
HM02178,P0854,2026-01-07,112/87,144.5,97.9,78
HM02179,P0300,2026-06-08,112/99,110.8,97.4,69
HM02180,P0012,2026-05-01,127/89,68.2,99.9,81
HM02181,P0130,2026-05-23,134/78,115.7,98.1,90
HM02182,P0559,2026-01-02,124/89,99.8,98.4,68
HM02183,P0055,2026-06-18,149/69,103.6,97.9,73
HM02184,P0407,2026-04-06,139/76,163.8,97.5,80
HM02185,P0683,2026-06-27,109/85,114.4,98.1,92
HM02186,P0763,2026-07-28,111/87,88.1,98.3,63
HM02187,P0089,2026-03-22,111/79,178.5,98.3,97
HM02188,P0024,2026-08-29,129/75,168.9,98.6,70
HM02189,P0219,2026-04-09,134/76,60.0,99.0,91
HM02190,P0179,2026-02-03,161/85,106.3,99.0,88
HM02191,P0822,2026-08-22,157/79,109.2,97.6,84
HM02192,P0993,2026-05-19,94/89,135.6,98.7,79
HM02193,P0029,2026-07-30,155/90,93.8,97.7,67
HM02194,P0833,2026-06-25,136/67,152.9,99.4,67
HM02195,P0454,2026-06-25,121/80,145.9,99.6,57
HM02196,P0428,2026-02-24,118/76,66.0,97.8,83
HM02197,P0996,2026-07-26,119/61,215.6,98.4,79
HM02198,P0941,2026-09-11,103/83,109.3,96.5,65
HM02199,P0999,2026-04-21,140/103,127.9,99.2,76
HM02200,P0926,2026-03-11,123/93,173.2,99.4,65
HM02201,P0180,2026-08-23,123/83,105.9,98.5,87
HM02202,P0895,2026-02-19,145/100,103.5,97.0,82
HM02203,P0713,2026-06-16,162/74,139.0,98.8,80
HM02204,P0849,2026-06-08,125/68,60.0,97.2,73
HM02205,P0514,2026-06-07,146/78,96.8,97.4,85
HM02206,P0118,2026-02-02,152/92,136.2,96.9,73
HM02207,P0917,2026-04-09,163/93,61.2,98.1,82
HM02208,P0711,2026-01-07,109/55,118.5,97.5,68
HM02209,P0144,2026-04-29,117/78,114.7,97.4,75
HM02210,P0252,2026-03-17,90/83,60.0,97.9,89
HM02211,P0622,2026-07-08,103/88,155.5,96.0,76
HM02212,P0801,2026-03-20,90/78,114.7,96.0,101
HM02213,P0702,2026-09-13,130/69,166.3,96.6,63
HM02214,P0572,2026-09-21,90/101,126.6,98.8,81
HM02215,P0724,2026-02-28,136/80,124.5,98.3,70
HM02216,P0636,2026-02-20,124/83,118.9,96.9,61
HM02217,P0127,2026-06-25,146/76,135.5,97.2,60
HM02218,P0321,2026-02-23,108/77,91.7,99.4,80
HM02219,P0987,2026-03-17,161/84,60.0,99.2,59
HM02220,P0948,2026-06-26,129/70,190.0,99.5,69
HM02221,P0054,2026-02-19,122/82,145.2,98.2,65
HM02222,P0502,2026-03-04,110/79,158.2,98.6,68
HM02223,P0371,2026-07-30,137/75,146.2,100.5,73
HM02224,P0453,2026-06-17,141/71,111.1,98.2,75
HM02225,P0098,2026-08-17,174/76,135.5,96.5,83
HM02226,P0251,2026-06-28,147/73,60.0,98.2,78
HM02227,P0625,2026-03-30,139/104,101.7,97.4,63
HM02228,P0476,2026-03-11,128/85,95.9,98.9,83
HM02229,P0378,2026-08-29,125/69,98.1,96.0,80
HM02230,P0711,2026-04-22,125/82,132.7,98.5,76
HM02231,P0889,2026-02-23,125/63,94.6,98.2,69
HM02232,P0032,2026-01-26,142/72,122.6,98.3,86
HM02233,P0626,2026-06-13,143/88,60.0,99.3,96
HM02234,P0334,2026-01-20,115/82,83.8,96.4,69
HM02235,P0216,2026-05-28,114/75,81.4,97.5,77
HM02236,P0626,2026-01-12,109/86,138.9,100.3,91
HM02237,P0163,2026-09-14,129/72,125.3,98.5,71
HM02238,P0002,2026-06-10,140/63,106.4,98.7,74
HM02239,P0423,2026-08-14,120/78,85.8,99.3,65
HM02240,P0897,2026-04-14,131/84,81.8,98.3,67
HM02241,P0436,2026-03-20,152/66,92.1,97.1,61
HM02242,P0675,2026-08-08,156/86,119.9,97.6,88
HM02243,P0102,2026-09-02,108/89,84.5,97.6,87
HM02244,P0094,2026-04-09,142/87,78.3,97.8,79
HM02245,P0078,2026-06-21,108/96,60.0,97.5,71
HM02246,P0896,2026-02-28,90/63,136.9,98.2,96
HM02247,P0434,2026-07-21,155/85,126.0,98.3,46
HM02248,P0315,2026-01-12,97/81,136.6,98.5,67
HM02249,P0399,2026-05-11,143/97,147.8,99.1,71
HM02250,P0089,2026-04-12,146/81,132.9,98.5,76
HM02251,P0212,2026-08-02,107/79,149.5,97.8,88
HM02252,P0999,2026-08-30,139/76,163.6,97.9,96
HM02253,P0634,2026-08-24,133/79,83.9,98.1,75
HM02254,P0188,2026-09-06,99/77,86.9,98.7,93
HM02255,P0708,2026-05-26,100/100,110.5,97.3,87
HM02256,P0221,2026-07-02,116/79,100.9,97.5,86
HM02257,P0971,2026-02-09,119/62,134.3,97.1,64
HM02258,P0867,2026-02-13,148/65,60.0,98.8,74
HM02259,P0239,2026-03-05,120/76,123.1,97.5,95
HM02260,P0924,2026-01-13,95/85,137.5,97.5,65
HM02261,P0718,2026-08-06,145/68,93.8,99.0,78
HM02262,P0159,2026-05-21,90/100,96.4,97.8,81
HM02263,P0318,2026-01-01,137/103,60.0,98.9,86
HM02264,P0866,2026-05-22,122/89,147.7,97.0,98
HM02265,P0243,2026-08-22,93/66,105.8,99.9,74
HM02266,P0232,2026-02-18,124/97,104.5,97.1,72
HM02267,P0506,2026-09-20,152/80,182.6,98.9,70
HM02268,P0250,2026-08-27,126/69,91.6,102.2,90
HM02269,P0188,2026-08-16,142/72,169.9,99.2,100
HM02270,P0647,2026-01-28,161/62,76.2,97.3,66
HM02271,P0293,2026-05-24,131/73,187.5,99.9,77
HM02272,P0506,2026-03-14,164/97,99.2,96.4,75
HM02273,P0966,2026-02-18,112/82,118.1,98.3,84
HM02274,P0029,2026-02-10,100/84,99.6,98.4,89
HM02275,P0277,2026-04-17,100/76,110.9,97.7,88
HM02276,P0573,2026-01-07,110/73,90.2,99.2,72
HM02277,P0026,2026-01-09,134/103,112.4,99.2,98
HM02278,P0724,2026-07-16,145/79,137.5,97.0,68
HM02279,P0837,2026-07-31,112/106,86.6,97.5,65
HM02280,P0001,2026-08-10,136/81,153.0,98.8,61
HM02281,P0839,2026-06-30,108/96,107.9,99.3,76
HM02282,P0860,2026-09-10,105/76,81.1,97.7,80
HM02283,P0699,2026-01-08,135/60,114.4,97.7,70
HM02284,P0539,2026-09-27,127/73,163.4,99.3,92
HM02285,P0823,2026-05-11,115/68,117.9,98.1,70
HM02286,P0112,2026-04-09,101/79,100.9,98.8,85
HM02287,P0661,2026-07-13,147/64,129.0,97.5,63
HM02288,P0101,2026-01-27,116/92,102.0,99.6,84
HM02289,P0365,2026-01-15,117/93,130.6,97.4,100
HM02290,P0147,2026-09-28,130/80,85.1,99.3,84
HM02291,P0024,2026-03-18,137/73,144.2,99.0,69
HM02292,P0991,2026-05-17,96/86,60.0,98.3,72
HM02293,P0041,2026-02-19,149/75,153.8,97.7,89
HM02294,P0597,2026-06-24,166/67,125.2,100.7,78
HM02295,P0125,2026-06-15,126/89,116.4,96.7,91
HM02296,P0528,2026-03-02,90/74,157.3,97.9,69
HM02297,P0609,2026-05-23,142/69,72.2,98.4,75
HM02298,P0967,2026-07-31,100/87,131.3,97.9,74
HM02299,P0482,2026-07-12,134/94,105.1,98.8,84
HM02300,P0812,2026-06-13,142/80,83.1,97.8,82
HM02301,P0064,2026-07-29,161/74,143.2,97.9,79
HM02302,P0214,2026-09-10,155/89,71.6,97.7,93
HM02303,P0756,2026-06-27,127/66,86.3,98.8,89
HM02304,P0828,2026-03-23,125/109,143.8,98.0,68
HM02305,P0343,2026-03-10,105/84,97.9,99.7,95
HM02306,P0791,2026-09-05,137/65,91.5,99.3,71
HM02307,P0397,2026-09-11,147/85,116.8,97.6,76
HM02308,P0161,2026-02-09,128/92,84.0,98.0,78
HM02309,P0820,2026-01-10,138/69,68.9,98.8,59
HM02310,P0403,2026-07-11,150/78,60.8,97.8,82
HM02311,P0285,2026-04-30,114/80,140.9,98.0,66
HM02312,P0447,2026-03-31,119/96,174.0,96.4,91
HM02313,P0981,2026-05-25,130/91,95.7,96.6,85
HM02314,P0485,2026-04-14,106/63,68.9,98.7,79
HM02315,P0282,2026-06-20,140/88,100.3,98.1,71
HM02316,P0029,2026-05-15,120/68,128.7,99.2,68
HM02317,P0913,2026-03-03,150/81,123.4,96.7,56
HM02318,P0916,2026-01-31,127/89,91.5,99.7,86
HM02319,P0241,2026-04-01,106/80,201.7,97.1,84
HM02320,P0602,2026-04-11,118/88,159.4,97.9,91
HM02321,P0272,2026-03-13,169/80,142.5,97.7,78
HM02322,P0844,2026-04-26,121/89,157.2,98.1,96
HM02323,P0838,2026-04-21,155/90,96.9,97.6,68
HM02324,P0378,2026-07-05,143/65,138.7,97.2,87
HM02325,P0686,2026-02-17,125/96,155.0,99.5,95
HM02326,P0579,2026-08-18,127/66,78.2,96.3,64
HM02327,P0442,2026-09-04,126/73,108.7,98.6,74
HM02328,P0240,2026-07-08,102/79,83.6,98.0,94
HM02329,P0708,2026-01-23,119/101,165.1,97.7,64
HM02330,P0243,2026-06-11,123/93,97.8,99.0,92
HM02331,P0778,2026-09-19,109/71,139.9,98.3,69
HM02332,P0970,2026-02-12,117/79,60.2,98.9,72
HM02333,P0330,2026-07-04,90/79,89.0,99.7,70
HM02334,P0202,2026-06-20,103/86,91.9,97.5,84
HM02335,P0312,2026-06-28,104/62,175.4,98.7,74
HM02336,P0912,2026-09-19,124/86,149.1,97.5,82
HM02337,P0457,2026-08-13,114/77,120.6,98.2,86
HM02338,P0085,2026-01-30,134/61,67.5,97.9,99
HM02339,P0288,2026-05-31,107/77,96.2,97.7,80
HM02340,P0634,2026-08-21,153/85,86.9,100.7,78
HM02341,P0583,2026-06-21,113/96,98.6,99.7,67
HM02342,P0943,2026-03-12,153/82,160.2,99.9,64
HM02343,P0187,2026-06-29,150/63,78.3,97.5,84
HM02344,P0769,2026-07-11,125/77,120.1,98.7,86
HM02345,P0371,2026-04-11,146/101,114.3,97.7,85
HM02346,P0130,2026-01-26,102/71,150.0,98.1,63
HM02347,P0557,2026-07-15,95/80,155.0,99.2,79
HM02348,P0394,2026-01-16,165/78,110.2,96.0,72
HM02349,P0790,2026-03-05,142/98,85.9,98.6,90
HM02350,P0166,2026-06-18,125/55,123.7,98.9,66
HM02351,P0574,2026-02-06,119/66,60.0,99.1,77
HM02352,P0981,2026-08-12,156/90,102.6,98.1,84
HM02353,P0011,2026-06-16,144/83,153.7,97.9,66
HM02354,P0896,2026-07-03,123/82,72.9,97.0,83
HM02355,P0653,2026-05-17,116/78,102.4,99.6,93
HM02356,P0380,2026-08-26,100/73,144.8,98.7,77
HM02357,P0278,2026-07-23,102/71,96.9,98.4,98
HM02358,P0328,2026-06-23,111/67,111.2,99.1,60
HM02359,P0873,2026-07-16,154/77,89.3,96.8,86
HM02360,P0465,2026-08-26,121/82,83.5,97.9,72
HM02361,P0521,2026-08-26,122/71,61.3,100.7,61
HM02362,P0606,2026-07-02,128/58,60.0,98.3,80
HM02363,P0585,2026-04-09,150/84,109.8,97.3,95
HM02364,P0275,2026-04-02,143/65,116.3,98.3,73
HM02365,P0046,2026-08-23,140/89,108.3,97.9,95
HM02366,P0845,2026-09-21,143/80,60.0,98.5,86
HM02367,P0147,2026-05-15,90/83,100.4,98.0,67
HM02368,P0639,2026-01-30,122/96,99.4,99.1,68
HM02369,P0311,2026-04-07,140/80,127.3,98.2,85
HM02370,P0296,2026-04-17,90/62,129.6,96.4,71
HM02371,P0328,2026-01-21,123/70,90.8,98.4,90
HM02372,P0177,2026-03-28,105/73,89.4,96.0,79
HM02373,P0928,2026-01-06,143/92,84.5,97.1,78
HM02374,P0592,2026-08-07,141/81,125.1,99.2,69
HM02375,P0267,2026-02-17,120/99,108.1,97.1,69
HM02376,P0540,2026-08-03,106/84,83.6,98.4,69
HM02377,P0988,2026-05-01,90/83,120.2,98.7,69
HM02378,P0409,2026-08-19,109/84,168.2,98.2,83
HM02379,P0827,2026-04-15,118/61,148.9,99.0,86
HM02380,P0449,2026-08-14,121/87,146.3,99.7,89
HM02381,P0588,2026-04-12,126/64,120.4,98.4,86
HM02382,P0359,2026-05-29,152/78,188.5,96.6,83
HM02383,P0558,2026-05-08,109/57,107.9,96.9,76
HM02384,P0018,2026-09-08,125/93,62.2,99.0,79
HM02385,P0020,2026-01-05,145/74,68.4,97.1,62
HM02386,P0846,2026-01-01,134/97,95.2,98.8,59
HM02387,P0911,2026-06-05,128/88,64.3,98.0,86
HM02388,P0611,2026-03-01,90/96,127.4,98.8,73
HM02389,P0177,2026-05-17,90/86,112.1,98.2,91
HM02390,P0116,2026-03-21,140/103,120.4,97.6,75
HM02391,P0654,2026-09-26,133/92,63.7,98.2,97
HM02392,P0049,2026-05-19,120/91,132.3,99.1,68
HM02393,P0884,2026-06-18,108/80,61.4,98.0,81
HM02394,P0908,2026-08-28,160/84,136.9,99.2,66
HM02395,P0536,2026-05-07,121/109,112.2,99.2,89
HM02396,P0126,2026-07-21,95/83,120.1,98.5,68
HM02397,P0607,2026-08-25,102/74,111.6,99.3,99
HM02398,P0587,2026-03-11,152/90,79.8,97.8,80
HM02399,P0173,2026-05-07,112/86,140.2,98.7,90
HM02400,P0006,2026-09-13,106/91,90.7,97.4,84
HM02401,P0346,2026-03-20,149/85,115.7,98.5,79
HM02402,P0815,2026-08-12,102/65,112.2,98.3,78
HM02403,P0349,2026-09-17,138/77,134.7,98.1,99
HM02404,P0139,2026-03-10,126/108,127.3,98.0,67
HM02405,P0672,2026-09-24,96/68,84.2,98.6,71
HM02406,P0046,2026-08-07,128/95,111.9,100.1,63
HM02407,P0724,2026-05-26,121/73,147.8,96.2,60
HM02408,P0894,2026-03-24,122/98,122.9,97.0,63
HM02409,P0023,2026-06-09,158/72,82.0,99.5,90
HM02410,P0815,2026-04-09,150/68,61.6,98.3,82
HM02411,P0256,2026-08-11,132/97,60.0,99.0,64
HM02412,P0942,2026-03-19,142/74,86.5,97.7,60
HM02413,P0144,2026-02-22,125/70,142.5,98.8,98
HM02414,P0284,2026-05-28,132/86,164.0,97.6,60
HM02415,P0039,2026-08-10,129/62,200.9,99.5,103
HM02416,P0606,2026-09-22,126/86,98.9,99.0,63
HM02417,P0906,2026-04-26,90/70,64.1,99.5,99
HM02418,P0355,2026-03-06,96/95,148.3,96.8,73
HM02419,P0010,2026-01-13,113/88,72.0,98.1,69
HM02420,P0702,2026-08-25,134/77,96.3,98.0,102
HM02421,P0559,2026-07-14,116/67,135.4,98.1,61
HM02422,P0530,2026-09-05,169/75,101.8,98.3,98
HM02423,P0839,2026-04-03,91/83,188.1,98.3,63
HM02424,P0877,2026-01-19,112/82,161.6,97.9,87
HM02425,P0232,2026-03-27,96/62,98.1,99.5,78
HM02426,P0958,2026-02-18,130/83,153.8,97.7,86
HM02427,P0288,2026-05-08,108/103,87.0,97.4,84
HM02428,P0689,2026-07-04,126/83,123.0,97.2,97
HM02429,P0645,2026-06-20,142/96,96.5,98.6,80
HM02430,P0896,2026-06-25,147/93,121.8,96.8,99
HM02431,P0079,2026-03-11,136/72,129.2,96.8,90
HM02432,P0131,2026-02-02,95/77,123.6,99.1,79
HM02433,P0702,2026-08-06,137/79,113.9,98.3,75
HM02434,P0913,2026-09-13,91/70,123.6,98.0,76
HM02435,P0812,2026-04-02,118/69,97.7,97.9,78
HM02436,P0416,2026-04-10,132/77,79.0,96.9,109
HM02437,P0972,2026-03-19,102/73,133.1,98.5,84
HM02438,P0803,2026-06-14,116/82,117.1,97.9,80
HM02439,P0059,2026-04-07,146/79,114.5,99.2,89
HM02440,P0175,2026-06-10,156/58,146.7,98.7,67
HM02441,P0026,2026-09-06,130/92,86.0,98.6,88
HM02442,P0184,2026-09-07,103/78,125.5,97.5,67
HM02443,P0076,2026-09-27,122/89,137.5,97.4,85
HM02444,P0036,2026-09-28,108/60,102.1,99.2,85
HM02445,P0263,2026-08-03,124/74,101.4,98.3,65
HM02446,P0666,2026-09-09,118/77,67.7,97.4,82
HM02447,P0947,2026-04-14,125/76,83.1,99.6,67
HM02448,P0631,2026-03-16,130/74,116.3,98.6,61
HM02449,P0854,2026-01-23,124/94,176.7,98.1,78
HM02450,P0171,2026-06-18,169/93,93.4,97.6,89
HM02451,P0425,2026-03-10,104/93,126.7,98.7,74
HM02452,P0861,2026-07-24,112/97,106.4,97.8,77
HM02453,P0130,2026-04-27,128/67,95.2,97.6,88
HM02454,P0736,2026-08-15,107/58,60.0,96.9,94
HM02455,P0407,2026-03-22,125/86,133.8,98.3,77
HM02456,P0970,2026-07-12,145/81,164.0,98.8,70
HM02457,P0853,2026-06-15,115/71,157.6,97.8,68
HM02458,P0829,2026-06-12,131/78,125.3,99.9,88
HM02459,P0537,2026-02-12,125/63,97.5,98.8,63
HM02460,P0962,2026-09-12,167/80,116.7,97.6,83
HM02461,P0296,2026-03-20,101/105,161.1,99.1,61
HM02462,P0954,2026-05-20,129/94,135.8,97.3,70
HM02463,P0984,2026-05-14,115/72,168.5,96.5,85
HM02464,P0119,2026-07-25,99/68,60.0,97.7,96
HM02465,P0375,2026-09-16,130/65,150.6,99.3,79
HM02466,P0392,2026-05-07,165/89,138.9,97.5,85
HM02467,P0751,2026-06-06,129/86,91.0,98.3,68
HM02468,P0279,2026-09-08,90/91,62.4,98.3,81
HM02469,P0757,2026-05-07,131/76,124.5,98.6,86
HM02470,P0185,2026-07-27,159/82,117.2,97.4,83
HM02471,P0688,2026-03-29,138/77,134.1,97.9,86
HM02472,P0266,2026-02-02,143/90,119.1,97.3,70
HM02473,P0313,2026-05-10,136/109,103.1,98.6,71
HM02474,P0197,2026-01-31,105/71,60.0,99.4,51
HM02475,P0079,2026-06-07,119/65,84.0,99.4,80
HM02476,P0839,2026-04-09,105/72,88.2,98.2,80
HM02477,P0568,2026-09-11,162/57,113.8,97.9,89
HM02478,P0869,2026-08-02,132/87,127.1,97.4,92
HM02479,P0228,2026-07-24,140/90,159.2,98.6,95
HM02480,P0849,2026-06-05,132/77,114.8,98.2,71
HM02481,P0471,2026-08-04,157/83,118.3,98.5,113
HM02482,P0316,2026-05-04,102/69,66.7,98.0,80
HM02483,P0798,2026-01-07,115/73,120.0,97.7,81
HM02484,P0339,2026-09-09,147/88,145.8,99.2,81
HM02485,P0320,2026-05-24,121/70,101.3,97.7,86
HM02486,P0354,2026-04-02,131/88,74.4,99.5,72
HM02487,P0196,2026-04-20,102/74,201.9,97.9,74
HM02488,P0233,2026-08-12,121/78,87.6,98.3,90
HM02489,P0712,2026-05-09,131/66,102.9,97.7,78
HM02490,P0755,2026-02-11,151/78,111.9,99.8,88
HM02491,P0606,2026-01-20,136/103,132.1,96.4,87
HM02492,P0622,2026-04-17,93/85,60.0,97.8,73
HM02493,P0468,2026-01-02,109/75,151.1,97.6,84
HM02494,P0254,2026-01-03,105/77,126.3,97.3,62
HM02495,P0354,2026-01-05,134/93,112.2,97.8,79
HM02496,P0086,2026-01-21,126/82,60.0,97.2,67
HM02497,P0402,2026-02-07,128/82,137.3,98.4,62
HM02498,P0101,2026-04-01,153/95,71.0,98.5,70
HM02499,P0549,2026-06-20,127/92,189.6,98.9,81
HM02500,P0097,2026-07-12,118/82,162.6,98.2,67
HM02501,P0586,2026-08-23,92/86,123.7,97.6,90
HM02502,P0534,2026-02-19,116/78,114.4,97.9,80
HM02503,P0444,2026-09-18,148/66,132.1,98.4,79
HM02504,P0424,2026-05-25,142/80,131.8,98.8,71
HM02505,P0478,2026-03-10,130/76,110.4,97.9,83
HM02506,P0048,2026-02-09,126/84,114.4,96.8,78
HM02507,P0470,2026-03-06,126/82,94.2,97.1,85
HM02508,P0140,2026-03-27,119/82,105.1,98.2,72
HM02509,P0977,2026-04-16,105/85,93.9,98.3,82
HM02510,P0095,2026-07-07,113/65,199.9,97.7,85
HM02511,P0766,2026-07-13,163/89,104.5,98.1,68
HM02512,P0530,2026-08-30,142/86,97.0,97.3,62
HM02513,P0311,2026-03-06,144/81,122.5,97.5,60
HM02514,P0207,2026-03-12,144/80,146.8,97.9,75
HM02515,P0557,2026-02-28,139/88,142.9,97.9,85
HM02516,P0136,2026-09-25,147/78,97.0,99.4,70
HM02517,P0194,2026-02-23,137/79,60.0,99.2,45
HM02518,P0840,2026-09-15,90/86,133.4,97.6,79
HM02519,P0271,2026-06-01,90/88,123.7,98.2,78
HM02520,P0323,2026-07-15,134/79,60.0,100.2,92
HM02521,P0824,2026-05-25,99/75,106.7,99.2,52
HM02522,P0147,2026-07-07,115/58,105.0,97.8,78
HM02523,P0800,2026-09-16,112/70,136.7,98.6,84
HM02524,P0187,2026-03-06,121/73,110.8,98.7,51
HM02525,P0682,2026-07-13,132/83,117.2,98.1,47
HM02526,P0317,2026-08-28,116/101,115.5,97.9,78
HM02527,P0876,2026-02-08,132/87,107.0,98.6,98
HM02528,P0876,2026-01-02,145/108,92.0,99.7,68
HM02529,P0689,2026-08-17,132/88,97.1,98.3,88
HM02530,P0084,2026-06-02,110/100,66.5,99.9,90
HM02531,P0182,2026-03-01,123/75,97.3,98.1,77
HM02532,P0479,2026-03-02,150/103,122.0,97.4,71
HM02533,P0771,2026-09-20,121/67,73.7,100.1,81
HM02534,P0667,2026-02-23,108/89,73.8,97.2,68
HM02535,P0838,2026-07-05,158/76,60.0,99.3,74
HM02536,P0154,2026-02-01,90/76,133.2,98.6,99
HM02537,P0717,2026-05-25,107/80,90.5,96.8,88
HM02538,P0076,2026-02-04,134/83,129.9,97.6,65
HM02539,P0526,2026-05-10,125/93,171.3,98.9,78
HM02540,P0467,2026-08-06,130/80,79.1,98.2,61
HM02541,P0146,2026-02-25,122/99,143.8,97.4,77
HM02542,P0522,2026-01-16,108/79,151.4,98.8,107
HM02543,P0213,2026-07-03,148/82,138.7,98.0,64
HM02544,P0987,2026-04-13,151/92,106.6,98.4,92
HM02545,P0052,2026-07-30,141/62,123.5,98.0,91
HM02546,P0557,2026-03-31,145/95,75.9,97.5,91
HM02547,P0377,2026-09-03,113/61,133.6,97.7,99
HM02548,P0349,2026-04-26,130/81,102.1,99.6,82
HM02549,P0216,2026-08-12,116/70,112.4,97.3,90
HM02550,P0351,2026-07-14,90/78,136.4,98.5,69
HM02551,P0676,2026-07-31,138/69,114.2,98.8,83
HM02552,P0959,2026-03-19,111/94,118.0,98.9,96
HM02553,P0115,2026-01-16,147/93,121.7,98.9,80
HM02554,P0908,2026-02-14,100/83,124.0,98.7,76
HM02555,P0128,2026-05-11,109/87,69.0,99.5,75
HM02556,P0165,2026-09-06,129/86,135.7,96.9,87
HM02557,P0301,2026-08-29,131/72,88.8,97.9,62
HM02558,P0957,2026-08-12,159/97,130.8,98.0,75
HM02559,P0238,2026-09-07,140/101,95.0,97.2,96
HM02560,P0406,2026-01-02,90/67,106.4,96.8,91
HM02561,P0674,2026-04-01,142/73,159.8,99.5,76
HM02562,P0293,2026-04-19,115/107,140.2,98.4,94
HM02563,P0709,2026-03-09,131/73,117.8,99.1,54
HM02564,P0553,2026-03-17,119/96,97.1,99.6,94
HM02565,P0985,2026-09-23,123/73,104.9,100.6,100
HM02566,P0640,2026-01-31,127/72,119.1,98.4,63
HM02567,P0889,2026-06-23,126/95,60.0,98.9,94
HM02568,P0501,2026-05-10,113/100,90.8,98.6,74
HM02569,P0286,2026-04-16,118/72,139.5,99.0,77
HM02570,P0035,2026-05-27,97/84,129.8,98.0,100
HM02571,P0589,2026-02-15,93/55,89.4,98.8,65
HM02572,P0369,2026-07-14,105/91,131.2,98.5,87
HM02573,P0807,2026-01-31,116/75,143.3,97.0,52
HM02574,P0526,2026-08-14,116/91,123.9,99.0,53
HM02575,P0181,2026-06-20,131/87,67.7,99.0,76
HM02576,P0497,2026-07-09,186/55,162.9,97.8,58
HM02577,P0368,2026-01-15,114/83,151.3,99.7,95
HM02578,P0271,2026-05-10,105/93,128.7,97.6,75
HM02579,P0813,2026-02-12,110/80,89.5,97.3,83
HM02580,P0661,2026-01-21,137/77,162.9,98.0,74
HM02581,P0822,2026-05-17,138/78,118.0,96.0,78
HM02582,P0888,2026-06-25,90/65,68.3,97.3,71
HM02583,P0179,2026-06-05,115/87,122.8,96.5,78
HM02584,P0939,2026-03-16,131/76,112.9,98.4,87
HM02585,P0470,2026-09-27,93/77,167.8,99.5,88
HM02586,P0303,2026-03-02,135/99,182.1,98.1,66
HM02587,P0580,2026-03-27,119/117,60.1,97.8,61
HM02588,P0526,2026-07-09,127/65,111.2,96.4,85
HM02589,P0667,2026-06-30,149/75,110.3,98.1,80
HM02590,P0848,2026-05-25,124/89,158.2,97.5,74
HM02591,P0848,2026-06-21,143/62,60.0,98.4,83
HM02592,P0233,2026-05-13,110/73,88.4,97.4,86
HM02593,P0905,2026-08-18,101/76,83.3,96.9,88
HM02594,P0183,2026-03-13,114/82,62.2,97.5,87
HM02595,P0495,2026-08-16,176/56,108.0,98.6,70
HM02596,P0979,2026-07-04,141/69,120.4,97.7,92
HM02597,P0864,2026-05-28,111/75,148.1,97.3,78
HM02598,P0141,2026-01-18,90/66,128.4,97.3,71
HM02599,P0148,2026-07-08,134/73,143.8,98.4,83
HM02600,P0785,2026-05-15,149/83,168.9,99.0,71
HM02601,P0627,2026-06-29,150/83,101.2,98.5,91
HM02602,P0366,2026-08-27,134/101,153.0,98.7,65
HM02603,P0774,2026-03-24,121/80,139.4,98.8,80
HM02604,P0254,2026-03-22,127/88,84.9,99.7,53
HM02605,P0921,2026-06-17,154/79,150.1,98.5,82
HM02606,P0367,2026-01-01,136/89,103.5,99.1,64
HM02607,P0670,2026-08-27,124/90,149.8,98.6,73
HM02608,P0348,2026-04-17,142/71,176.3,98.1,59
HM02609,P0157,2026-06-06,101/80,119.9,100.0,65
HM02610,P0753,2026-03-26,125/67,97.8,99.7,64
HM02611,P0303,2026-05-31,136/84,114.2,98.7,64
HM02612,P0749,2026-03-14,158/103,116.6,100.4,73
HM02613,P0784,2026-01-02,133/97,98.9,97.0,58
HM02614,P0653,2026-08-04,166/73,108.5,97.2,89
HM02615,P0167,2026-06-16,109/74,125.5,97.2,75
HM02616,P0478,2026-09-13,153/85,119.6,98.4,73
HM02617,P0647,2026-05-07,164/70,122.4,98.3,90
HM02618,P0341,2026-03-25,147/79,125.2,98.5,50
HM02619,P0259,2026-02-10,93/72,95.3,97.1,86
HM02620,P0213,2026-02-14,125/77,71.0,98.2,46
HM02621,P0752,2026-07-07,121/80,123.5,96.8,80
HM02622,P0600,2026-07-25,104/70,140.1,100.0,78
HM02623,P0386,2026-08-02,108/82,147.9,98.8,110
HM02624,P0450,2026-05-09,110/83,169.2,99.5,54
HM02625,P0447,2026-02-04,124/97,216.2,98.8,73
HM02626,P0581,2026-08-03,104/106,140.5,97.4,75
HM02627,P0947,2026-07-23,131/86,83.5,97.6,58
HM02628,P0202,2026-09-13,145/75,131.3,99.5,80
HM02629,P0846,2026-04-25,122/82,117.2,99.3,81
HM02630,P0137,2026-09-19,114/92,158.1,97.0,96
HM02631,P0522,2026-09-16,132/83,150.2,97.7,89
HM02632,P0719,2026-07-23,117/62,80.1,98.7,66
HM02633,P0158,2026-06-30,157/94,161.7,98.3,81
HM02634,P0513,2026-06-06,101/91,128.3,98.7,98
HM02635,P0136,2026-01-03,112/78,126.4,97.4,75
HM02636,P0803,2026-04-01,134/76,160.8,96.8,91
HM02637,P0195,2026-05-11,138/73,82.6,96.3,68
HM02638,P0131,2026-06-08,145/79,155.7,97.6,86
HM02639,P0857,2026-06-08,110/68,111.3,97.6,59
HM02640,P0141,2026-03-24,121/81,159.4,99.0,92
HM02641,P0721,2026-02-20,139/83,72.0,98.3,85
HM02642,P0942,2026-08-22,154/88,158.4,97.3,74
HM02643,P0129,2026-05-29,133/93,109.9,98.1,86
HM02644,P0888,2026-05-28,102/99,84.2,96.5,78
HM02645,P0027,2026-02-04,158/87,141.3,98.2,76
HM02646,P0927,2026-05-18,94/55,121.9,99.4,82
HM02647,P0911,2026-09-13,137/99,126.5,98.1,68
HM02648,P0154,2026-03-14,165/86,82.0,97.1,93
HM02649,P0887,2026-03-11,104/102,60.0,99.5,83
HM02650,P0998,2026-04-01,127/77,181.2,98.8,67
HM02651,P0744,2026-06-02,90/82,115.0,96.8,77
HM02652,P0890,2026-04-24,113/80,140.4,99.5,88
HM02653,P0646,2026-01-08,110/84,117.2,97.0,82
HM02654,P0319,2026-06-13,162/80,60.0,98.2,63
HM02655,P0609,2026-02-20,142/86,109.0,97.9,75
HM02656,P0549,2026-02-18,125/70,66.4,99.2,73
HM02657,P0377,2026-01-31,128/83,126.3,97.1,57
HM02658,P0784,2026-05-31,113/84,89.5,97.9,103
HM02659,P0672,2026-09-01,90/70,181.4,98.2,69
HM02660,P0673,2026-02-18,148/80,102.8,98.4,70
HM02661,P0252,2026-05-18,104/78,79.6,98.2,82
HM02662,P0396,2026-02-06,142/93,100.8,98.6,83
HM02663,P0557,2026-06-21,131/74,79.0,98.7,57
HM02664,P0495,2026-03-15,119/55,68.2,97.4,91
HM02665,P0888,2026-05-26,138/73,140.5,99.0,76
HM02666,P0536,2026-08-13,97/77,111.6,97.1,82
HM02667,P0178,2026-04-23,130/85,124.8,98.9,75
HM02668,P0639,2026-06-10,129/75,94.5,99.4,53
HM02669,P0473,2026-05-24,142/72,88.7,98.4,60
HM02670,P0173,2026-01-15,108/69,107.3,97.5,97
HM02671,P0094,2026-07-28,160/55,134.1,99.0,84
HM02672,P0248,2026-03-01,111/77,88.8,97.8,63
HM02673,P0369,2026-02-20,122/61,108.0,97.1,80
HM02674,P0725,2026-01-20,111/83,152.9,99.6,47
HM02675,P0986,2026-01-19,108/76,131.1,96.7,66
HM02676,P0422,2026-07-03,127/81,128.2,98.6,82
HM02677,P0226,2026-02-15,128/80,138.3,96.2,96
HM02678,P0405,2026-08-25,90/67,107.1,98.8,45
HM02679,P0678,2026-07-09,124/89,149.8,97.6,74
HM02680,P0805,2026-03-24,112/75,78.9,97.4,83
HM02681,P0560,2026-09-11,127/85,122.5,98.8,88
HM02682,P0490,2026-08-30,90/69,106.9,98.2,69
HM02683,P0524,2026-05-27,143/103,121.5,98.3,88
HM02684,P0363,2026-02-18,90/80,149.3,97.6,63
HM02685,P0016,2026-02-01,121/79,83.2,100.1,72
HM02686,P0468,2026-05-30,101/78,146.8,98.2,83
HM02687,P0950,2026-08-18,107/97,134.7,99.1,82
HM02688,P0100,2026-07-18,141/69,97.8,99.4,96
HM02689,P0791,2026-05-18,102/82,99.9,97.6,81
HM02690,P0453,2026-01-07,147/85,103.8,98.7,73
HM02691,P0197,2026-05-26,133/96,60.0,98.9,59
HM02692,P0833,2026-02-02,149/72,72.4,98.8,82
HM02693,P0293,2026-03-06,105/64,108.4,97.1,65
HM02694,P0735,2026-06-07,127/68,129.9,99.5,76
HM02695,P0469,2026-04-22,127/104,73.4,99.3,90
HM02696,P0689,2026-07-02,142/95,124.8,97.7,91
HM02697,P0942,2026-08-01,147/93,116.6,97.6,80
HM02698,P0125,2026-07-23,143/92,100.0,98.5,62
HM02699,P0488,2026-09-07,144/70,142.5,97.2,90
HM02700,P0338,2026-06-30,131/70,139.2,97.7,86
HM02701,P0627,2026-05-09,119/59,80.6,97.8,94
HM02702,P0601,2026-06-19,143/99,172.9,97.7,75
HM02703,P0557,2026-04-15,116/71,60.0,98.2,62
HM02704,P0227,2026-01-10,124/105,97.2,98.4,88
HM02705,P0628,2026-02-19,130/83,102.3,98.0,66
HM02706,P0274,2026-04-24,141/59,149.0,96.9,89
HM02707,P0238,2026-02-18,117/65,135.3,99.0,72
HM02708,P0546,2026-08-26,139/55,68.8,99.4,75
HM02709,P0345,2026-04-13,90/71,82.7,98.1,73
HM02710,P0339,2026-08-30,128/79,162.6,98.6,83
HM02711,P0010,2026-03-26,148/75,70.8,99.3,79
HM02712,P0164,2026-07-30,127/72,93.4,99.0,89
HM02713,P0449,2026-09-15,140/89,134.9,98.3,75
HM02714,P0908,2026-04-05,149/75,127.9,97.5,70
HM02715,P0289,2026-05-14,120/70,142.9,97.0,79
HM02716,P0195,2026-06-03,127/58,99.6,98.4,83
HM02717,P0460,2026-01-09,120/88,111.2,98.2,81
HM02718,P0687,2026-08-06,143/71,98.0,97.6,74
HM02719,P0450,2026-05-09,153/86,75.4,97.7,82
HM02720,P0853,2026-09-01,106/71,162.1,97.6,89
HM02721,P0945,2026-02-27,150/71,83.9,98.0,64
HM02722,P0935,2026-08-11,127/77,127.6,99.5,87
HM02723,P0626,2026-06-25,134/56,130.5,99.8,45
HM02724,P0895,2026-08-10,138/78,85.3,98.9,98
HM02725,P0999,2026-08-03,140/75,82.0,98.3,88
HM02726,P0056,2026-02-19,117/76,213.8,99.2,91
HM02727,P0507,2026-08-25,95/71,117.6,97.3,97
HM02728,P0560,2026-06-25,153/73,177.4,98.2,109
HM02729,P0002,2026-09-07,127/86,164.0,99.3,84
HM02730,P0967,2026-09-12,122/86,86.4,98.3,64
HM02731,P0265,2026-03-08,90/80,159.2,99.0,77
HM02732,P0891,2026-03-05,159/73,60.0,96.2,63
HM02733,P0339,2026-08-10,141/72,131.1,99.7,64
HM02734,P0456,2026-05-06,134/86,84.9,99.4,74
HM02735,P0871,2026-07-10,117/105,133.3,99.0,94
HM02736,P0154,2026-08-09,111/94,97.4,97.7,74
HM02737,P0985,2026-01-08,112/89,124.4,97.8,86
HM02738,P0551,2026-03-27,119/76,116.7,98.6,82
HM02739,P0210,2026-01-14,117/90,107.2,97.6,60
HM02740,P0707,2026-01-27,144/80,122.4,99.1,72
HM02741,P0482,2026-06-04,97/80,125.8,98.0,95
HM02742,P0746,2026-07-17,90/93,142.7,98.6,45
HM02743,P0764,2026-03-06,150/67,97.2,98.0,82
HM02744,P0619,2026-03-29,137/90,143.6,98.4,82
HM02745,P0389,2026-05-15,103/70,146.3,99.0,86
HM02746,P0010,2026-07-23,114/90,74.4,99.2,74
HM02747,P0111,2026-06-06,158/61,176.7,97.9,73
HM02748,P0905,2026-03-08,128/71,112.5,97.5,69
HM02749,P0869,2026-05-13,134/69,88.1,97.0,71
HM02750,P0153,2026-03-01,151/69,89.4,98.4,73
HM02751,P0770,2026-05-14,169/78,126.7,99.0,89
HM02752,P0415,2026-07-31,129/78,185.8,98.1,72
HM02753,P0361,2026-02-20,112/59,143.8,96.1,77
HM02754,P0826,2026-03-16,120/106,60.0,97.4,76
HM02755,P0737,2026-03-13,121/73,112.2,97.1,82
HM02756,P0748,2026-03-27,90/79,94.0,99.1,99
HM02757,P0784,2026-03-31,118/96,103.9,97.3,98
HM02758,P0435,2026-02-06,135/80,139.1,98.4,77
HM02759,P0365,2026-08-21,98/76,136.8,98.1,88
HM02760,P0433,2026-07-27,132/69,68.8,98.1,71
HM02761,P0028,2026-05-27,131/71,93.5,99.1,79
HM02762,P0731,2026-07-02,110/80,163.3,98.5,85
HM02763,P0130,2026-03-20,109/92,196.1,97.5,63
HM02764,P0352,2026-05-14,128/90,111.8,97.3,76
HM02765,P0108,2026-08-26,136/75,136.3,99.2,80
HM02766,P0645,2026-01-15,124/89,85.0,97.3,74
HM02767,P0978,2026-06-01,115/70,179.1,100.2,73
HM02768,P0793,2026-01-08,126/77,153.8,99.4,56
HM02769,P0574,2026-05-13,134/64,176.5,98.6,68
HM02770,P0204,2026-03-15,120/76,133.4,99.1,64
HM02771,P0252,2026-09-03,161/99,84.4,98.3,98
HM02772,P0984,2026-06-12,149/75,143.5,100.9,79
HM02773,P0192,2026-05-07,112/82,123.6,97.7,83
HM02774,P0074,2026-06-24,99/72,141.5,96.6,88
HM02775,P0201,2026-02-24,90/59,97.5,98.5,93
HM02776,P0636,2026-03-31,126/77,135.3,97.4,79
HM02777,P0794,2026-02-21,101/80,110.5,97.5,79
HM02778,P0732,2026-01-20,128/94,60.0,98.1,68
HM02779,P0430,2026-06-08,142/89,132.8,97.6,88
HM02780,P0192,2026-08-08,94/59,70.3,98.2,86
HM02781,P0348,2026-09-14,90/95,119.6,96.8,79
HM02782,P0077,2026-08-20,146/87,153.5,97.0,73
HM02783,P0122,2026-09-03,106/100,137.4,100.8,72
HM02784,P0464,2026-01-22,110/78,163.2,97.9,79
HM02785,P0375,2026-04-20,126/80,92.2,98.1,75
HM02786,P0047,2026-05-14,124/91,176.6,97.4,73
HM02787,P0946,2026-04-29,108/82,96.2,98.4,91
HM02788,P0947,2026-01-13,90/85,98.9,98.6,67
HM02789,P0027,2026-05-17,148/90,134.9,98.9,69
HM02790,P0107,2026-02-24,112/89,88.1,99.5,74
HM02791,P0583,2026-06-17,135/105,90.3,98.3,90
HM02792,P0448,2026-06-24,144/76,96.9,98.0,95
HM02793,P0973,2026-09-28,119/80,100.1,98.8,79
HM02794,P0026,2026-07-24,104/68,60.0,97.5,87
HM02795,P0332,2026-03-18,151/88,134.4,98.1,87
HM02796,P0425,2026-08-18,130/101,111.6,99.4,88
HM02797,P0279,2026-09-09,139/55,147.5,98.1,72
HM02798,P0913,2026-07-15,95/79,116.2,97.0,60
HM02799,P0051,2026-04-16,134/90,121.7,99.2,76
HM02800,P0948,2026-06-06,123/68,60.4,99.9,91
HM02801,P0122,2026-07-12,97/81,111.5,98.0,73
HM02802,P0444,2026-08-20,132/89,129.1,98.1,76
HM02803,P0134,2026-01-18,143/85,117.5,98.2,82
HM02804,P0079,2026-08-30,115/89,77.3,97.8,85
HM02805,P0867,2026-01-12,102/61,117.2,96.7,62
HM02806,P0492,2026-07-28,140/77,160.0,97.1,76
HM02807,P0712,2026-01-17,132/65,151.1,98.7,58
HM02808,P0722,2026-03-02,124/84,94.3,96.9,81
HM02809,P0803,2026-08-15,169/75,169.9,97.5,80
HM02810,P0130,2026-05-23,140/79,104.6,98.9,100
HM02811,P0087,2026-01-21,131/73,108.4,100.5,79
HM02812,P0899,2026-03-27,113/66,60.0,98.5,85
HM02813,P0851,2026-09-19,117/79,74.0,98.3,83
HM02814,P0355,2026-07-31,114/100,85.7,98.5,88
HM02815,P0211,2026-01-25,123/77,65.0,99.4,75
HM02816,P0449,2026-02-21,135/88,93.0,98.0,94
HM02817,P0238,2026-05-12,102/105,88.9,97.1,79
HM02818,P0418,2026-04-01,169/57,110.1,98.6,78
HM02819,P0822,2026-06-20,132/71,94.0,98.1,64
HM02820,P0532,2026-01-30,124/75,98.5,98.5,56
HM02821,P0660,2026-03-01,120/107,77.0,99.4,78
HM02822,P0612,2026-06-08,112/64,119.9,99.5,73
HM02823,P0080,2026-08-02,123/92,126.9,96.8,79
HM02824,P0718,2026-07-17,155/79,60.0,98.5,75
HM02825,P0463,2026-09-04,90/59,149.1,97.5,67
HM02826,P0892,2026-03-30,124/72,118.5,98.0,63
HM02827,P0044,2026-07-11,114/85,116.5,98.1,101
HM02828,P0645,2026-04-10,139/90,109.2,98.4,72
HM02829,P0883,2026-09-23,140/78,122.8,98.3,77
HM02830,P0026,2026-03-09,183/72,91.4,98.8,70
HM02831,P0034,2026-09-02,119/66,132.2,98.7,74
HM02832,P0396,2026-02-17,139/57,90.3,98.0,63
HM02833,P0322,2026-07-12,90/76,139.3,99.4,71
HM02834,P0933,2026-02-21,139/87,157.7,97.9,56
HM02835,P0087,2026-09-01,126/67,89.7,97.9,73
HM02836,P0853,2026-07-14,127/88,102.1,98.6,78
HM02837,P0355,2026-05-12,143/77,112.2,97.9,76
HM02838,P0441,2026-04-17,109/69,142.2,97.2,74
HM02839,P0822,2026-01-07,145/75,144.0,97.7,65
HM02840,P0275,2026-06-02,93/95,75.2,98.9,66
HM02841,P0513,2026-04-08,151/106,60.0,97.2,87
HM02842,P0572,2026-05-22,135/89,94.9,100.0,79
HM02843,P0510,2026-01-13,100/76,72.9,99.6,70
HM02844,P0071,2026-02-24,134/74,93.5,96.5,85
HM02845,P0704,2026-06-25,150/69,60.9,98.9,58
HM02846,P0265,2026-09-24,149/69,76.4,98.4,65
HM02847,P0601,2026-01-12,110/84,60.0,99.7,78
HM02848,P0654,2026-02-21,99/67,149.7,98.7,94
HM02849,P0801,2026-06-20,111/83,129.9,98.8,91
HM02850,P0344,2026-08-18,110/78,93.6,98.2,86
HM02851,P0563,2026-01-31,91/93,75.1,97.9,92
HM02852,P0062,2026-04-07,131/84,73.7,97.3,89
HM02853,P0199,2026-06-06,113/74,148.7,97.3,81
HM02854,P0153,2026-09-27,125/79,96.9,97.7,65
HM02855,P0031,2026-06-03,134/71,148.9,98.0,65
HM02856,P0444,2026-07-10,120/75,150.3,97.9,74
HM02857,P0719,2026-07-15,153/86,173.2,99.3,67
HM02858,P0969,2026-05-17,144/98,168.6,99.1,89
HM02859,P0783,2026-01-12,118/69,102.7,96.7,94
HM02860,P0973,2026-05-13,119/95,71.9,99.2,72
HM02861,P0064,2026-06-11,99/99,153.8,98.4,78
HM02862,P0176,2026-04-06,133/82,87.3,97.8,101
HM02863,P0813,2026-03-17,178/98,131.7,97.9,68
HM02864,P0300,2026-07-22,110/73,190.3,99.8,86
HM02865,P0722,2026-04-04,105/90,106.6,96.3,81
HM02866,P0547,2026-09-23,108/70,106.2,97.8,77
HM02867,P0431,2026-03-12,123/57,168.2,97.3,66
HM02868,P0336,2026-04-01,118/78,166.1,98.4,84
HM02869,P0407,2026-08-31,130/82,125.8,96.5,75
HM02870,P0982,2026-06-26,148/120,72.8,98.6,71
HM02871,P0211,2026-06-09,165/63,136.9,96.9,74
HM02872,P0966,2026-01-30,124/92,77.3,98.8,78
HM02873,P0853,2026-09-14,130/91,70.1,98.9,71
HM02874,P0769,2026-07-21,146/84,107.7,97.7,87
HM02875,P0035,2026-02-07,150/73,75.3,98.8,60
HM02876,P0256,2026-09-07,98/67,100.5,97.0,54
HM02877,P0305,2026-03-26,102/87,70.5,97.9,101
HM02878,P0887,2026-08-16,124/84,81.9,100.1,71
HM02879,P0054,2026-02-16,120/95,108.6,98.2,74
HM02880,P0094,2026-09-27,119/84,134.4,97.6,68
HM02881,P0639,2026-08-20,112/63,60.0,98.5,89
HM02882,P0112,2026-01-14,142/55,106.4,97.2,79
HM02883,P0452,2026-02-19,116/87,114.3,96.5,66
HM02884,P0595,2026-08-11,125/81,65.8,96.8,78
HM02885,P0591,2026-02-19,96/59,99.4,97.8,67
HM02886,P0966,2026-05-22,110/80,89.8,98.3,73
HM02887,P0048,2026-05-14,128/90,144.4,99.4,88
HM02888,P0925,2026-05-07,129/74,101.4,97.4,78
HM02889,P0399,2026-05-29,138/71,113.7,97.6,80
HM02890,P0348,2026-06-14,114/71,91.2,98.7,76
HM02891,P0011,2026-08-19,116/83,100.5,99.2,66
HM02892,P0728,2026-04-22,121/63,102.9,96.7,86
HM02893,P0758,2026-03-23,140/89,116.0,97.4,68
HM02894,P0636,2026-09-25,155/97,119.3,97.7,94
HM02895,P0909,2026-03-05,111/82,162.3,97.4,87
HM02896,P0517,2026-08-18,135/79,80.2,97.5,81
HM02897,P0925,2026-06-01,96/81,133.9,99.1,61
HM02898,P0878,2026-02-10,151/100,129.4,97.3,74
HM02899,P0469,2026-04-20,124/83,115.8,98.5,76
HM02900,P0128,2026-03-08,130/74,103.2,97.7,101
HM02901,P0473,2026-06-02,154/86,161.4,98.9,80
HM02902,P0237,2026-09-17,94/76,103.3,97.2,60
HM02903,P0118,2026-01-22,134/83,74.1,97.5,91
HM02904,P0933,2026-01-25,107/82,108.4,98.7,67
HM02905,P0749,2026-06-09,126/82,123.1,98.3,82
HM02906,P0064,2026-05-17,168/110,92.6,96.1,85
HM02907,P0034,2026-09-03,128/92,125.0,98.3,91
HM02908,P0221,2026-02-19,150/63,86.4,98.1,79
HM02909,P0053,2026-02-04,120/85,149.9,99.8,84
HM02910,P0814,2026-02-18,107/78,112.4,98.7,82
HM02911,P0274,2026-09-24,166/74,128.5,100.3,70
HM02912,P0320,2026-03-26,127/68,117.9,97.5,90
HM02913,P0265,2026-07-18,127/68,144.4,98.4,89
HM02914,P0793,2026-01-24,102/84,142.1,97.8,62
HM02915,P0078,2026-04-13,124/94,154.4,97.8,62
HM02916,P0063,2026-04-16,116/74,130.6,98.1,68
HM02917,P0640,2026-04-07,147/81,130.2,96.6,48
HM02918,P0218,2026-06-13,96/74,135.2,96.1,97
HM02919,P0762,2026-04-12,128/96,84.0,98.7,79
HM02920,P0310,2026-02-15,141/77,131.6,99.2,70
HM02921,P0177,2026-01-24,129/57,139.6,100.0,63
HM02922,P0986,2026-09-03,123/90,116.1,98.3,73
HM02923,P0259,2026-02-28,116/78,116.5,97.1,77
HM02924,P0819,2026-02-19,156/74,71.7,98.1,69
HM02925,P0199,2026-03-08,98/81,90.1,97.6,79
HM02926,P0533,2026-05-17,94/59,138.5,96.5,66
HM02927,P0952,2026-03-24,90/74,130.0,98.3,106
HM02928,P0699,2026-08-02,146/68,73.1,100.6,90
HM02929,P0258,2026-03-10,136/80,124.6,96.9,79
HM02930,P0056,2026-01-02,126/69,96.2,99.6,76
HM02931,P0600,2026-07-02,166/59,96.7,96.8,63
HM02932,P0129,2026-07-15,108/83,124.3,97.6,51
HM02933,P0619,2026-03-11,154/76,75.9,98.4,80
HM02934,P0027,2026-07-26,118/81,74.6,98.9,66
HM02935,P0595,2026-03-12,112/87,157.1,99.6,90
HM02936,P0889,2026-08-29,118/61,164.2,99.4,69
HM02937,P0330,2026-05-03,143/76,167.5,97.7,101
HM02938,P0266,2026-02-28,140/101,98.8,98.6,66
HM02939,P0215,2026-06-04,141/90,198.9,98.6,86
HM02940,P0758,2026-01-06,115/86,101.7,98.3,80
HM02941,P0302,2026-09-19,117/80,101.9,97.9,90
HM02942,P0817,2026-06-17,128/84,64.0,98.6,84
HM02943,P0963,2026-05-16,117/105,60.0,98.9,86
HM02944,P0755,2026-07-07,135/82,134.3,99.0,69
HM02945,P0358,2026-01-14,130/77,76.7,98.8,71
HM02946,P0690,2026-03-24,95/73,87.0,99.1,79
HM02947,P0380,2026-08-28,152/72,145.6,100.8,82
HM02948,P0071,2026-08-30,142/88,65.2,98.7,81
HM02949,P0753,2026-07-22,119/69,139.3,97.3,103
HM02950,P0752,2026-01-14,127/65,97.0,97.9,106
HM02951,P0098,2026-05-23,107/78,96.2,98.6,71
HM02952,P0386,2026-03-16,102/77,104.5,97.7,71
HM02953,P0068,2026-06-03,148/76,75.3,97.8,78
HM02954,P0299,2026-07-04,98/99,145.4,99.5,82
HM02955,P0385,2026-07-29,90/98,84.8,97.5,79
HM02956,P0601,2026-02-03,152/92,146.7,97.9,74
HM02957,P0344,2026-02-10,131/78,146.1,98.9,85
HM02958,P0294,2026-01-02,90/81,111.2,98.4,68
HM02959,P0310,2026-04-06,98/85,102.5,98.7,69
HM02960,P0967,2026-07-24,153/92,125.4,98.0,88
HM02961,P0655,2026-08-27,132/82,151.5,99.5,62
HM02962,P0700,2026-06-21,103/70,62.4,98.1,85
HM02963,P0972,2026-01-21,124/73,154.4,98.3,82
HM02964,P0063,2026-07-14,148/78,187.1,97.8,101
HM02965,P0166,2026-07-01,105/86,92.5,99.2,72
HM02966,P0281,2026-06-26,130/72,147.8,97.6,98
HM02967,P0139,2026-06-30,105/63,148.3,97.7,77
HM02968,P0990,2026-04-29,118/64,112.3,99.3,90
HM02969,P0067,2026-03-28,129/93,77.9,97.9,82
HM02970,P0068,2026-04-28,122/77,73.0,96.3,87
HM02971,P0776,2026-02-09,129/90,99.7,97.6,78
HM02972,P0593,2026-07-21,142/77,143.1,97.3,76
HM02973,P0263,2026-04-12,123/94,122.3,99.8,61
HM02974,P0171,2026-08-29,127/82,136.7,97.5,98
HM02975,P0562,2026-02-13,125/66,114.4,97.9,111
HM02976,P0180,2026-09-15,145/80,111.1,99.1,89
HM02977,P0097,2026-07-13,90/87,116.0,97.0,88
HM02978,P0601,2026-02-01,169/86,153.5,99.8,68
HM02979,P0314,2026-07-04,90/87,106.3,97.0,77
HM02980,P0303,2026-07-11,139/78,87.5,98.0,77
HM02981,P0829,2026-03-28,90/78,67.9,98.8,59
HM02982,P0875,2026-01-07,145/75,96.0,98.5,67
HM02983,P0536,2026-09-19,130/71,95.5,98.6,64
HM02984,P0123,2026-05-18,99/82,114.1,98.4,81
HM02985,P0390,2026-08-17,126/87,118.4,96.4,57
HM02986,P0738,2026-06-01,163/80,148.3,97.9,77
HM02987,P0315,2026-06-11,115/109,123.9,97.7,58
HM02988,P0619,2026-05-11,164/78,141.0,99.0,72
HM02989,P0127,2026-01-03,138/72,80.3,99.2,76
HM02990,P0491,2026-07-21,135/84,137.3,96.8,70
HM02991,P0908,2026-07-28,118/70,130.0,99.3,94
HM02992,P0864,2026-01-24,118/83,130.6,98.8,67
HM02993,P0536,2026-08-01,161/91,148.3,99.3,84
HM02994,P0544,2026-01-30,104/78,60.0,98.6,75
HM02995,P0839,2026-07-17,124/94,99.0,98.0,78
HM02996,P0753,2026-07-12,90/76,60.0,97.7,88
HM02997,P0684,2026-08-12,133/72,116.4,97.2,77
HM02998,P0435,2026-04-27,183/102,116.8,98.3,66
HM02999,P0908,2026-03-26,108/84,96.6,99.0,96
HM03000,P0042,2026-07-22,131/81,60.0,98.9,64
HM03001,P0397,2026-06-11,116/91,151.0,97.8,73
HM03002,P0605,2026-07-01,111/65,92.8,96.7,86
HM03003,P0795,2026-07-25,132/86,81.6,97.1,78
HM03004,P0612,2026-01-06,126/78,104.9,99.7,83
HM03005,P0386,2026-07-07,164/95,174.6,97.2,85
HM03006,P0680,2026-03-24,116/60,167.4,97.9,65
HM03007,P0493,2026-06-21,116/70,90.7,98.0,98
HM03008,P0231,2026-09-15,111/99,144.7,98.6,86
HM03009,P0221,2026-07-13,125/95,134.8,96.7,81
HM03010,P0792,2026-05-04,140/76,119.4,97.6,61
HM03011,P0324,2026-07-05,93/61,138.4,96.0,70
HM03012,P0591,2026-01-01,109/76,60.0,98.6,62
HM03013,P0393,2026-07-19,147/72,111.7,98.2,80
HM03014,P0773,2026-08-08,125/74,127.0,98.6,68
HM03015,P0646,2026-04-13,133/94,139.7,99.0,80
HM03016,P0386,2026-02-16,106/70,126.2,99.0,111
HM03017,P0738,2026-01-05,144/65,88.1,100.3,75
HM03018,P0025,2026-02-17,125/68,169.8,98.7,68
HM03019,P0480,2026-02-05,105/83,116.5,98.9,84
HM03020,P0129,2026-06-21,119/73,109.4,97.7,76
HM03021,P0010,2026-07-13,125/69,137.1,97.9,67
HM03022,P0387,2026-01-03,117/82,117.9,98.6,88
HM03023,P0498,2026-03-08,151/83,77.6,98.0,65
HM03024,P0515,2026-09-02,158/103,137.8,99.0,81
HM03025,P0342,2026-09-13,132/60,112.4,97.4,81
HM03026,P0360,2026-05-28,123/103,147.1,98.5,74
HM03027,P0686,2026-04-24,158/79,126.6,98.2,73
HM03028,P0699,2026-01-12,125/56,60.8,98.5,96
HM03029,P0319,2026-05-11,131/71,64.5,98.9,71
HM03030,P0929,2026-04-10,137/84,131.7,98.2,82
HM03031,P0609,2026-08-02,122/72,81.3,96.1,75
HM03032,P0983,2026-05-25,155/88,123.0,97.5,89
HM03033,P0769,2026-02-10,122/98,80.7,97.5,67
HM03034,P0686,2026-06-11,95/68,118.6,97.6,45
HM03035,P0981,2026-02-08,146/59,135.6,98.2,103
HM03036,P0764,2026-05-18,144/73,90.4,99.6,60
HM03037,P0130,2026-06-18,128/78,103.0,98.5,80
HM03038,P0887,2026-07-20,134/81,129.6,98.3,70
HM03039,P0988,2026-03-10,125/71,87.7,97.9,76
HM03040,P0108,2026-01-25,125/90,97.6,98.4,79
HM03041,P0979,2026-05-06,112/80,150.1,98.4,80
HM03042,P0295,2026-06-06,110/103,92.3,96.7,88
HM03043,P0152,2026-07-18,122/76,95.9,99.9,82
HM03044,P0697,2026-02-12,135/81,124.5,99.5,74
HM03045,P0498,2026-05-10,95/90,132.4,98.3,83
HM03046,P0690,2026-05-14,117/80,110.4,97.7,92
HM03047,P0134,2026-09-15,96/108,145.7,96.6,75
HM03048,P0178,2026-09-09,121/84,80.4,98.2,76
HM03049,P0416,2026-02-06,110/69,147.2,96.7,83
HM03050,P0981,2026-05-05,140/77,116.8,99.2,69
HM03051,P0088,2026-08-21,112/74,155.8,99.4,61
HM03052,P0713,2026-06-23,145/89,169.4,98.5,77
HM03053,P0036,2026-01-04,147/88,193.6,99.1,79
HM03054,P0943,2026-01-07,101/73,64.7,98.0,89
HM03055,P0014,2026-07-24,124/92,126.8,97.8,79
HM03056,P0035,2026-01-08,134/81,120.3,97.5,72
HM03057,P0342,2026-01-19,170/94,63.4,96.1,78
HM03058,P0050,2026-04-05,142/73,150.8,98.3,76
HM03059,P0713,2026-08-10,140/73,105.0,98.8,77
HM03060,P0633,2026-05-09,163/88,137.0,98.2,88
HM03061,P0210,2026-05-06,118/83,82.9,99.1,81
HM03062,P0092,2026-04-08,164/108,141.7,98.3,66
HM03063,P0190,2026-04-06,143/82,133.8,99.8,68
HM03064,P0855,2026-06-23,106/77,143.7,98.7,67
HM03065,P0912,2026-06-22,140/65,85.7,98.1,71
HM03066,P0465,2026-01-10,142/83,176.8,98.0,76
HM03067,P0936,2026-07-16,149/78,167.3,98.7,49
HM03068,P0859,2026-07-02,148/90,148.3,96.5,70
HM03069,P0845,2026-01-24,113/69,176.0,98.2,77
HM03070,P0916,2026-05-31,136/86,60.0,97.6,61
HM03071,P0877,2026-01-04,133/76,115.5,96.3,74
HM03072,P0636,2026-06-07,147/96,140.2,97.0,93
HM03073,P0665,2026-09-28,139/78,60.0,99.1,70
HM03074,P0624,2026-06-24,131/80,168.8,98.1,77
HM03075,P0319,2026-09-09,156/72,143.5,98.0,65
HM03076,P0619,2026-03-30,125/88,162.4,99.5,74
HM03077,P0671,2026-07-22,105/76,73.6,98.0,73
HM03078,P0320,2026-05-26,139/55,89.3,97.5,92
HM03079,P0657,2026-09-22,102/82,110.5,99.1,85
HM03080,P0690,2026-04-27,127/73,60.0,98.4,84
HM03081,P0571,2026-04-27,93/65,123.8,98.5,66
HM03082,P0052,2026-04-10,113/57,163.2,97.0,84
HM03083,P0228,2026-07-20,124/95,87.3,98.3,57
HM03084,P0096,2026-03-30,90/87,60.0,98.0,90
HM03085,P0359,2026-02-10,139/72,60.0,98.7,94
HM03086,P0966,2026-02-20,111/70,96.6,98.7,92
HM03087,P0497,2026-06-13,100/62,196.9,98.0,81
HM03088,P0889,2026-07-24,111/85,148.6,98.5,98
HM03089,P0270,2026-04-30,118/76,123.1,98.6,80
HM03090,P0983,2026-02-22,99/83,101.9,97.7,78
HM03091,P0783,2026-07-28,105/66,60.0,99.8,84
HM03092,P0134,2026-05-22,122/71,60.0,97.5,86
HM03093,P0909,2026-09-24,143/87,120.5,99.4,74
HM03094,P0181,2026-04-17,146/75,84.2,97.3,65
HM03095,P0925,2026-09-28,138/71,78.8,98.8,81
HM03096,P0678,2026-03-21,144/86,88.6,98.3,79
HM03097,P0289,2026-04-24,106/66,91.2,100.0,73
HM03098,P0029,2026-04-25,149/74,146.1,99.0,89
HM03099,P0425,2026-04-25,132/96,128.2,99.7,58
HM03100,P0629,2026-03-09,131/83,82.2,98.7,60
HM03101,P0291,2026-07-18,111/56,169.6,98.0,104
HM03102,P0893,2026-06-03,141/85,94.5,97.3,84
HM03103,P0585,2026-04-20,123/63,61.9,97.3,99
HM03104,P0767,2026-05-06,169/82,120.2,97.9,66
HM03105,P0625,2026-04-23,152/102,83.7,98.1,72
HM03106,P0319,2026-03-23,116/94,69.1,98.6,86
HM03107,P0832,2026-06-20,122/90,120.2,99.3,59
HM03108,P0824,2026-09-17,118/79,60.0,97.2,68
HM03109,P0470,2026-01-10,143/71,86.4,98.9,58
HM03110,P0121,2026-05-12,90/75,64.3,96.9,84
HM03111,P0002,2026-08-26,142/89,153.8,99.3,52
HM03112,P0244,2026-08-20,134/73,88.8,98.7,57
HM03113,P0785,2026-09-20,90/87,132.1,98.3,67
HM03114,P0670,2026-01-02,139/88,118.0,97.1,72
HM03115,P0594,2026-08-14,141/95,103.6,98.0,76
HM03116,P0804,2026-02-07,130/73,60.0,99.3,99
HM03117,P0247,2026-03-03,112/67,110.2,98.0,89
HM03118,P0463,2026-05-18,126/70,68.9,99.0,85
HM03119,P0498,2026-02-08,146/68,179.3,96.6,86
HM03120,P0316,2026-09-23,90/70,169.6,98.9,71
HM03121,P0398,2026-08-09,114/81,133.0,99.3,72
HM03122,P0036,2026-01-12,92/81,99.0,97.0,81
HM03123,P0487,2026-02-08,120/83,83.7,98.6,62
HM03124,P0600,2026-06-04,108/77,176.0,98.9,90
HM03125,P0424,2026-02-20,153/120,116.5,99.5,90
HM03126,P0456,2026-04-13,144/101,100.3,97.8,81
HM03127,P0159,2026-07-13,121/83,169.7,97.8,74
HM03128,P0634,2026-08-15,128/77,60.0,97.7,86
HM03129,P0597,2026-07-25,153/66,74.4,98.2,53
HM03130,P0423,2026-05-13,116/59,162.9,97.5,97
HM03131,P0596,2026-02-27,147/72,77.5,98.0,76
HM03132,P0813,2026-03-30,131/70,141.1,98.4,73
HM03133,P0392,2026-01-27,110/77,86.4,98.3,79
HM03134,P0682,2026-06-02,130/101,110.4,99.1,80
HM03135,P0260,2026-05-06,120/78,112.9,98.5,66
HM03136,P0998,2026-04-03,95/87,146.4,98.9,79
HM03137,P0661,2026-06-26,140/88,142.6,97.4,64
HM03138,P0431,2026-05-16,117/79,106.5,96.5,98
HM03139,P0301,2026-08-30,119/82,158.6,96.1,71
HM03140,P0017,2026-03-16,117/75,108.9,99.5,86
HM03141,P0528,2026-08-25,144/80,66.0,96.3,59
HM03142,P0909,2026-07-01,132/80,107.6,97.9,102
HM03143,P0917,2026-09-20,108/91,115.1,98.1,92
HM03144,P0895,2026-01-02,154/77,143.0,98.5,78
HM03145,P0053,2026-02-20,129/71,104.3,97.7,88
HM03146,P0274,2026-06-08,123/64,89.7,96.0,72
HM03147,P0989,2026-08-27,125/78,184.3,98.7,84
HM03148,P0969,2026-08-08,92/75,98.0,97.5,68
HM03149,P0169,2026-03-31,90/64,145.6,98.1,71
HM03150,P0254,2026-02-27,124/94,115.1,98.7,67
HM03151,P0592,2026-04-25,112/84,181.2,99.5,84
HM03152,P0478,2026-07-16,128/96,142.8,96.1,65
HM03153,P0367,2026-01-09,131/58,83.6,97.6,74
HM03154,P0840,2026-09-23,119/76,143.9,98.0,73
HM03155,P0843,2026-06-03,98/92,91.5,97.2,80
HM03156,P0708,2026-09-25,109/73,124.0,97.9,105
HM03157,P0060,2026-02-14,123/87,60.0,97.4,64
HM03158,P0636,2026-09-22,105/84,151.2,98.5,75
HM03159,P0364,2026-06-03,112/93,187.5,98.3,89
HM03160,P0311,2026-01-17,131/89,74.2,97.8,82
HM03161,P0624,2026-04-30,149/70,60.0,97.8,90
HM03162,P0667,2026-06-27,93/65,120.5,98.1,85
HM03163,P0599,2026-07-19,100/76,156.8,97.1,95
HM03164,P0152,2026-03-22,103/90,101.9,97.2,72
HM03165,P0572,2026-06-24,135/79,154.1,99.5,63
HM03166,P0298,2026-01-13,99/64,83.5,99.2,84
HM03167,P0448,2026-08-30,114/79,164.2,99.9,81
HM03168,P0558,2026-03-18,90/83,147.7,98.4,86
HM03169,P0849,2026-07-19,132/65,84.0,97.9,90
HM03170,P0659,2026-04-19,109/85,125.6,99.6,77
HM03171,P0980,2026-08-17,90/87,189.8,98.8,68
HM03172,P0976,2026-04-15,103/68,185.1,97.9,70
HM03173,P0668,2026-06-14,121/76,169.9,97.3,92
HM03174,P0997,2026-04-06,127/94,170.4,98.3,74
HM03175,P0453,2026-04-28,126/78,60.0,99.6,80
HM03176,P0648,2026-05-26,101/55,60.0,98.9,70
HM03177,P0206,2026-04-24,115/85,96.9,98.7,79
HM03178,P0919,2026-05-22,123/61,86.3,98.7,69
HM03179,P0497,2026-03-15,149/108,138.0,99.5,86
HM03180,P0379,2026-07-10,114/82,185.5,97.7,65
HM03181,P0402,2026-01-19,102/77,79.9,99.7,80
HM03182,P0781,2026-05-06,144/76,75.1,97.0,67
HM03183,P0795,2026-01-05,131/86,136.1,96.9,77
HM03184,P0130,2026-01-02,104/84,131.8,97.1,89
HM03185,P0545,2026-01-07,171/90,109.3,97.9,75
HM03186,P0357,2026-07-24,109/83,75.2,96.5,80
HM03187,P0539,2026-01-19,125/73,70.1,98.5,66
HM03188,P0974,2026-03-11,122/101,137.8,97.0,62
HM03189,P0539,2026-07-08,128/63,60.0,98.7,81
HM03190,P0211,2026-05-19,134/83,112.7,97.6,84
HM03191,P0503,2026-02-26,155/73,79.3,97.2,67
HM03192,P0461,2026-05-17,129/55,130.4,98.8,56
HM03193,P0313,2026-05-31,105/80,110.0,98.7,76
HM03194,P0292,2026-02-09,150/76,80.6,97.2,86
HM03195,P0896,2026-03-28,125/87,136.5,96.4,64
HM03196,P0701,2026-09-16,104/70,100.3,99.1,92
HM03197,P0369,2026-01-17,119/76,90.3,98.3,80
HM03198,P0293,2026-01-25,141/89,60.0,98.1,94
HM03199,P0888,2026-07-30,116/93,104.3,98.4,64
HM03200,P0740,2026-02-15,103/88,145.9,98.2,63
HM03201,P0539,2026-01-31,125/95,176.0,97.9,58
HM03202,P0290,2026-08-27,141/76,148.0,98.5,67
HM03203,P0125,2026-08-27,126/95,109.8,97.3,58
HM03204,P0652,2026-09-27,109/75,143.7,97.2,96
HM03205,P0877,2026-07-20,98/107,175.4,98.3,58
HM03206,P0127,2026-07-03,123/75,70.4,98.5,68
HM03207,P0394,2026-04-26,110/77,94.9,100.1,71
HM03208,P0729,2026-05-13,133/81,127.3,98.6,88
HM03209,P0261,2026-03-20,130/82,117.0,98.1,67
HM03210,P0767,2026-06-13,123/82,129.1,98.4,75
HM03211,P0732,2026-05-20,123/73,126.0,98.0,80
HM03212,P0026,2026-08-10,145/71,135.9,98.2,102
HM03213,P0051,2026-05-11,120/88,115.5,97.0,71
HM03214,P0245,2026-09-01,142/74,60.0,98.2,64
HM03215,P0548,2026-03-16,127/98,141.9,99.6,71
HM03216,P0717,2026-03-23,122/67,91.1,97.4,62
HM03217,P0912,2026-02-24,152/55,163.0,99.3,83
HM03218,P0829,2026-08-18,102/61,95.8,98.8,78
HM03219,P0835,2026-02-15,104/93,174.0,98.0,79
HM03220,P0486,2026-03-24,94/75,132.9,98.5,71
HM03221,P0939,2026-03-01,119/74,105.3,98.6,54
HM03222,P0607,2026-04-08,123/84,95.0,97.8,72
HM03223,P0053,2026-07-04,115/80,119.5,96.3,85
HM03224,P0590,2026-01-05,119/103,73.3,97.4,75
HM03225,P0415,2026-08-16,133/56,86.0,98.7,66
HM03226,P0360,2026-03-14,152/74,83.5,98.7,97
HM03227,P0352,2026-07-20,133/95,173.7,97.4,89
HM03228,P0924,2026-08-10,94/85,112.5,99.3,92
HM03229,P0450,2026-04-16,136/83,132.8,98.3,77
HM03230,P0296,2026-01-08,153/98,110.0,98.4,78
HM03231,P0617,2026-01-26,92/75,171.0,97.5,103
HM03232,P0979,2026-01-10,148/84,134.6,97.4,74
HM03233,P0285,2026-08-15,153/72,152.1,97.0,63
HM03234,P0507,2026-05-29,163/79,96.2,99.4,92
HM03235,P0709,2026-02-02,143/73,105.0,98.5,86
HM03236,P0405,2026-07-16,114/82,124.4,99.4,87
HM03237,P0837,2026-09-04,94/77,82.5,98.7,89
HM03238,P0423,2026-08-21,127/76,117.4,98.4,70
HM03239,P0551,2026-03-03,100/55,159.4,98.6,82
HM03240,P0948,2026-08-31,150/64,60.0,98.5,81
HM03241,P0441,2026-08-22,90/84,101.0,97.5,73
HM03242,P0260,2026-08-20,90/72,90.3,98.7,76
HM03243,P0942,2026-08-06,137/55,85.6,98.7,74
HM03244,P0787,2026-08-13,141/58,140.6,97.6,69
HM03245,P0692,2026-08-31,144/93,151.2,100.0,93
HM03246,P0443,2026-09-16,109/81,102.4,100.0,91
HM03247,P0108,2026-06-07,121/90,71.9,98.4,66
HM03248,P0719,2026-04-08,91/89,146.8,98.6,75
HM03249,P0404,2026-08-20,99/66,81.1,98.0,90
HM03250,P0248,2026-08-09,146/60,90.7,97.6,47
HM03251,P0252,2026-04-10,136/77,111.0,99.4,79
HM03252,P0235,2026-05-02,116/86,152.1,98.5,86
HM03253,P0949,2026-05-27,122/79,119.0,97.5,71
HM03254,P0080,2026-04-05,152/104,170.7,97.0,60
HM03255,P0025,2026-02-07,101/81,60.0,97.7,94
HM03256,P0303,2026-05-31,144/73,99.8,98.7,89
HM03257,P0916,2026-07-17,114/77,95.2,97.0,75
HM03258,P0383,2026-09-27,119/64,137.6,98.6,86
HM03259,P0716,2026-09-06,109/56,131.4,97.6,67
HM03260,P0117,2026-02-17,99/76,170.2,97.7,64
HM03261,P0521,2026-06-02,138/82,60.0,98.8,103
HM03262,P0056,2026-01-01,90/65,60.0,98.1,89
HM03263,P0024,2026-03-06,127/96,144.1,99.7,91
HM03264,P0454,2026-06-11,116/80,84.6,98.0,78
HM03265,P0316,2026-02-20,123/96,103.4,97.4,67
HM03266,P0787,2026-09-11,138/63,108.0,99.4,81
HM03267,P0223,2026-01-18,123/79,79.0,97.4,75
HM03268,P0548,2026-06-20,130/91,118.2,99.4,97
HM03269,P0379,2026-05-12,140/94,80.3,97.2,84
HM03270,P0957,2026-08-06,98/76,142.0,99.5,74
HM03271,P0664,2026-07-04,112/83,77.4,98.0,77
HM03272,P0172,2026-09-22,124/81,85.8,97.5,69
HM03273,P0395,2026-07-05,92/84,146.3,98.9,74
HM03274,P0108,2026-06-18,108/88,137.4,98.4,98
HM03275,P0576,2026-05-27,124/76,101.0,96.8,85
HM03276,P0883,2026-03-04,122/86,179.5,97.8,49
HM03277,P0760,2026-06-10,134/82,89.4,98.6,87
HM03278,P0343,2026-02-03,106/76,166.7,97.6,78
HM03279,P0978,2026-07-06,90/62,120.5,99.3,61
HM03280,P0727,2026-02-20,126/75,148.4,97.1,83
HM03281,P0475,2026-03-10,111/82,117.4,98.0,83
HM03282,P0001,2026-02-11,125/78,102.5,98.3,80
HM03283,P0810,2026-04-14,105/75,78.1,98.2,70
HM03284,P0332,2026-05-01,140/88,82.7,98.2,85
HM03285,P0049,2026-01-31,121/71,76.8,99.0,88
HM03286,P0735,2026-08-17,120/89,60.0,99.4,76
HM03287,P0098,2026-05-07,127/76,163.8,97.2,95
HM03288,P0106,2026-05-05,132/87,103.5,97.0,89
HM03289,P0012,2026-05-24,131/96,108.2,97.8,94
HM03290,P0437,2026-03-26,163/80,88.7,98.9,74
HM03291,P0415,2026-08-07,136/76,169.7,97.6,83
HM03292,P0942,2026-03-23,115/76,100.6,98.9,89
HM03293,P0021,2026-03-02,136/78,119.9,99.0,89
HM03294,P0819,2026-03-09,90/76,107.2,98.8,77
HM03295,P0011,2026-03-11,139/67,124.1,99.0,60
HM03296,P0546,2026-03-20,175/94,115.0,97.5,75
HM03297,P0366,2026-01-14,126/85,167.5,97.8,84
HM03298,P0117,2026-06-23,99/75,128.2,98.8,68
HM03299,P0697,2026-01-02,116/97,155.7,98.4,51
HM03300,P0321,2026-06-22,175/79,104.1,97.7,82
HM03301,P0619,2026-07-15,132/91,82.6,97.9,102
HM03302,P0598,2026-08-19,129/77,82.0,98.7,90
HM03303,P0212,2026-08-31,142/76,127.6,99.7,90
HM03304,P0797,2026-05-31,109/55,125.4,98.9,64
HM03305,P0771,2026-03-14,124/76,118.7,97.7,93
HM03306,P0005,2026-07-23,127/69,147.1,97.1,93
HM03307,P0465,2026-04-27,144/96,109.5,97.8,79
HM03308,P0793,2026-07-02,123/72,95.6,97.9,63
HM03309,P0086,2026-03-14,138/79,104.2,97.2,64
HM03310,P0692,2026-08-23,163/72,136.4,98.3,45
HM03311,P0426,2026-02-14,160/88,88.1,98.2,64
HM03312,P0181,2026-09-16,161/69,96.7,97.5,78
HM03313,P0426,2026-04-29,152/101,101.0,98.5,78
HM03314,P0331,2026-02-03,105/109,162.7,98.4,96
HM03315,P0426,2026-02-26,149/80,126.4,99.6,66
HM03316,P0645,2026-05-30,158/77,168.4,98.2,82
HM03317,P0712,2026-01-27,124/73,105.5,99.4,50
HM03318,P0365,2026-06-30,100/71,77.3,99.6,93
HM03319,P0420,2026-09-21,136/72,161.7,96.8,103
HM03320,P0294,2026-03-29,111/76,100.0,97.2,101
HM03321,P0580,2026-07-14,140/94,72.2,98.4,84
HM03322,P0930,2026-04-05,130/66,152.6,98.3,66
HM03323,P0531,2026-05-04,90/87,200.8,97.3,80
HM03324,P0907,2026-06-13,147/64,98.2,97.4,89
HM03325,P0899,2026-06-29,151/81,85.5,97.8,70
HM03326,P0371,2026-07-09,105/78,135.1,98.6,77
HM03327,P0342,2026-05-08,126/79,69.6,98.3,70
HM03328,P0907,2026-07-11,98/84,93.6,98.4,88
HM03329,P0362,2026-04-12,105/81,60.0,99.6,61
HM03330,P0596,2026-07-26,114/96,106.8,97.1,86
HM03331,P0829,2026-08-21,138/72,96.6,97.8,75
HM03332,P0509,2026-03-24,90/77,177.4,97.4,70
HM03333,P0853,2026-05-08,101/87,157.1,99.3,63
HM03334,P0170,2026-07-18,134/97,132.8,98.6,72
HM03335,P0304,2026-02-11,129/94,126.5,97.1,72
HM03336,P0550,2026-02-09,149/83,119.2,97.7,92
HM03337,P0525,2026-04-07,158/95,165.5,97.9,71
HM03338,P0812,2026-05-18,121/80,165.1,99.2,84
HM03339,P0860,2026-08-13,96/59,123.4,99.0,77
HM03340,P0822,2026-01-20,163/67,72.7,97.6,69
HM03341,P0970,2026-01-14,135/74,60.8,99.0,56
HM03342,P0129,2026-06-16,103/60,122.2,98.4,100
HM03343,P0200,2026-05-11,143/97,125.1,97.3,79
HM03344,P0843,2026-08-09,136/88,98.5,98.6,66
HM03345,P0568,2026-07-09,104/66,115.9,97.1,72
HM03346,P0669,2026-08-04,143/67,97.3,98.3,80
HM03347,P0871,2026-01-26,115/89,135.7,99.2,77
HM03348,P0740,2026-06-15,114/71,125.7,97.9,71
HM03349,P0931,2026-04-08,116/71,122.0,96.9,81
HM03350,P0545,2026-08-14,138/73,182.3,98.2,59
HM03351,P0803,2026-08-14,119/80,130.7,98.0,65
HM03352,P0174,2026-03-11,103/72,95.5,97.2,69
HM03353,P0319,2026-03-31,138/99,141.4,99.4,89
HM03354,P0557,2026-09-25,141/75,119.9,97.8,75
HM03355,P0932,2026-06-04,126/88,129.8,98.1,78
HM03356,P0030,2026-09-01,133/88,61.8,97.2,91
HM03357,P0063,2026-09-15,123/74,105.8,98.0,84
HM03358,P0991,2026-01-14,102/80,123.6,98.6,80
HM03359,P0128,2026-07-13,135/73,82.0,100.4,74
HM03360,P0261,2026-09-21,121/88,170.9,97.7,66
HM03361,P1000,2026-09-03,100/99,78.7,98.2,66
HM03362,P0658,2026-07-18,96/76,82.2,97.6,102
HM03363,P0100,2026-06-27,133/91,143.9,98.1,72
HM03364,P0771,2026-01-23,129/82,95.1,98.3,69
HM03365,P0454,2026-03-20,121/75,70.6,96.1,66
HM03366,P0382,2026-09-15,161/76,142.2,96.3,65
HM03367,P0883,2026-09-10,97/77,199.8,98.6,98
HM03368,P0491,2026-06-01,119/96,187.6,98.1,71
HM03369,P0787,2026-01-02,98/76,117.9,100.0,62
HM03370,P0292,2026-04-21,126/58,100.1,98.5,84
HM03371,P0604,2026-08-05,136/84,135.3,98.2,65
HM03372,P0787,2026-05-22,90/73,110.3,99.3,76
HM03373,P0667,2026-08-25,121/84,105.5,98.9,101
HM03374,P0057,2026-04-22,168/81,126.8,99.6,76
HM03375,P0094,2026-02-15,138/66,104.1,99.2,69
HM03376,P0540,2026-02-21,122/61,185.2,99.3,80
HM03377,P0236,2026-01-05,135/84,163.5,97.7,86
HM03378,P0630,2026-02-23,146/94,60.0,97.7,65
HM03379,P0564,2026-05-21,127/55,60.0,100.2,85
HM03380,P0997,2026-06-30,127/84,120.1,99.1,70
HM03381,P0073,2026-05-21,128/82,78.4,99.3,72
HM03382,P0699,2026-04-20,145/81,172.2,97.3,64
HM03383,P0007,2026-02-04,106/81,169.0,99.6,50
HM03384,P0170,2026-07-25,129/55,142.8,99.2,77
HM03385,P0626,2026-03-26,126/80,87.5,98.6,75
HM03386,P0784,2026-09-22,143/78,84.9,96.8,55
HM03387,P0492,2026-07-19,151/74,126.9,99.8,71
HM03388,P0878,2026-03-03,112/78,116.0,99.9,96
HM03389,P0262,2026-07-08,137/97,108.8,98.5,74
HM03390,P0235,2026-06-21,99/94,133.6,98.2,77
HM03391,P0616,2026-01-25,94/68,126.8,97.7,75
HM03392,P0969,2026-07-04,122/71,81.1,96.7,76
HM03393,P0881,2026-06-21,137/60,114.2,98.5,66
HM03394,P0789,2026-01-29,153/75,111.5,98.1,56
HM03395,P0283,2026-03-17,145/68,106.7,98.7,95
HM03396,P0286,2026-07-20,103/74,163.4,98.6,86
HM03397,P0082,2026-09-07,103/75,109.1,97.4,57
HM03398,P0569,2026-09-22,114/96,117.1,99.4,80
HM03399,P0165,2026-07-27,109/95,122.4,99.1,65
HM03400,P0677,2026-07-27,145/92,125.1,97.5,77
HM03401,P0039,2026-03-31,137/82,136.0,99.1,70
HM03402,P0399,2026-08-26,101/79,103.5,98.9,65
HM03403,P0405,2026-04-25,145/96,115.0,98.3,68
HM03404,P0437,2026-07-27,114/75,165.5,98.1,62
HM03405,P0474,2026-03-21,130/89,114.1,99.5,87
HM03406,P0866,2026-04-13,104/73,122.9,96.7,82
HM03407,P0491,2026-05-15,90/92,146.8,98.7,69
HM03408,P0469,2026-09-23,128/73,78.9,97.9,86
HM03409,P0282,2026-04-09,125/97,141.8,98.8,58
HM03410,P0144,2026-08-30,119/67,108.6,97.6,73
HM03411,P0146,2026-07-23,146/85,150.2,96.8,78
HM03412,P0511,2026-01-08,144/98,60.8,97.9,90
HM03413,P0830,2026-02-27,121/69,60.8,97.3,57
HM03414,P0979,2026-07-06,126/90,70.9,98.4,88
HM03415,P0637,2026-09-19,124/60,128.5,98.2,76
HM03416,P0783,2026-01-02,114/81,132.8,100.4,79
HM03417,P0171,2026-01-04,155/84,111.5,98.3,63
HM03418,P0741,2026-03-01,131/56,84.8,98.3,92
HM03419,P0201,2026-07-31,153/77,120.5,99.1,62
HM03420,P0854,2026-06-21,133/70,109.0,97.8,83
HM03421,P0304,2026-09-27,136/90,127.2,98.4,100
HM03422,P0196,2026-07-04,94/100,104.9,98.7,74
HM03423,P0608,2026-02-04,110/85,151.5,98.6,71
HM03424,P0698,2026-06-24,190/94,147.7,97.9,70
HM03425,P0592,2026-07-29,119/92,80.3,97.2,84
HM03426,P0251,2026-01-23,131/70,76.8,99.5,82
HM03427,P0539,2026-06-17,97/64,102.3,98.9,85
HM03428,P0449,2026-08-26,147/62,122.8,99.5,93
HM03429,P0068,2026-04-19,132/108,136.3,99.1,78
HM03430,P0826,2026-07-06,109/69,121.4,98.0,56
HM03431,P0682,2026-01-18,104/76,140.5,98.2,77
HM03432,P0337,2026-06-17,105/80,161.2,98.3,59
HM03433,P0861,2026-03-29,99/87,107.1,98.1,70
HM03434,P0016,2026-09-04,135/76,108.5,97.4,89
HM03435,P0033,2026-04-14,120/87,73.2,99.8,93
HM03436,P0961,2026-01-11,90/70,131.7,97.0,76
HM03437,P0024,2026-06-28,133/77,133.9,97.6,51
HM03438,P0287,2026-04-19,144/91,202.6,96.2,87
HM03439,P0717,2026-01-23,90/101,132.1,97.3,87
HM03440,P0739,2026-05-04,113/83,122.2,99.8,99
HM03441,P0802,2026-01-27,113/92,127.4,96.9,69
HM03442,P0893,2026-06-19,171/84,150.0,98.0,71
HM03443,P0145,2026-04-07,125/76,62.7,97.3,86
HM03444,P0160,2026-07-16,117/80,123.2,98.5,91
HM03445,P0206,2026-07-03,103/86,141.4,99.1,61
HM03446,P0408,2026-05-30,130/100,111.5,98.6,87
HM03447,P0847,2026-06-05,104/102,132.5,98.7,58
HM03448,P0245,2026-04-09,140/86,171.8,97.9,66
HM03449,P0823,2026-07-26,111/73,75.8,99.4,93
HM03450,P0502,2026-02-27,121/75,60.0,98.8,97
HM03451,P0063,2026-02-23,112/78,130.2,99.8,80
HM03452,P0620,2026-06-27,128/82,65.1,96.9,68
HM03453,P0703,2026-02-10,145/75,96.5,97.7,76
HM03454,P0303,2026-02-08,159/78,87.5,98.2,99
HM03455,P0560,2026-05-24,114/65,97.5,98.3,86
HM03456,P0535,2026-02-16,145/67,81.7,97.9,86
HM03457,P0873,2026-03-21,99/72,94.3,99.0,84
HM03458,P0281,2026-05-01,143/96,104.3,97.1,63
HM03459,P0803,2026-02-10,90/74,101.6,98.9,78
HM03460,P0136,2026-08-19,115/78,78.6,99.1,68
HM03461,P0335,2026-07-06,102/89,135.1,96.6,88
HM03462,P0671,2026-08-21,110/75,121.5,98.7,83
HM03463,P0377,2026-07-24,124/74,129.4,98.1,99
HM03464,P0748,2026-08-13,136/68,98.3,98.2,93
HM03465,P0712,2026-05-04,153/75,82.3,97.2,81
HM03466,P0863,2026-08-14,171/86,60.0,97.5,70
HM03467,P0939,2026-09-05,108/75,127.9,98.8,91
HM03468,P0933,2026-01-27,135/56,78.0,98.1,79
HM03469,P0885,2026-07-24,142/80,116.8,98.4,74
HM03470,P0674,2026-07-22,126/93,112.1,98.2,77
HM03471,P0441,2026-02-21,150/66,177.2,97.1,70
HM03472,P0177,2026-08-16,139/92,65.9,97.2,81
HM03473,P0586,2026-08-13,171/94,106.3,96.0,78
HM03474,P0739,2026-05-14,132/75,85.2,98.3,66
HM03475,P0201,2026-04-22,162/98,138.0,98.3,70
HM03476,P0552,2026-07-04,124/99,145.4,98.4,89
HM03477,P0263,2026-07-02,135/84,149.3,98.7,88
HM03478,P0590,2026-06-16,128/76,95.8,97.6,58
HM03479,P0335,2026-08-27,106/68,97.2,99.6,76
HM03480,P0611,2026-08-06,129/83,170.6,97.7,75
HM03481,P0351,2026-02-06,122/93,162.0,98.6,92
HM03482,P0303,2026-05-29,128/77,156.3,98.6,69
HM03483,P0722,2026-08-12,144/77,103.4,99.0,76
HM03484,P0778,2026-01-20,132/87,87.6,98.5,94
HM03485,P0851,2026-02-15,105/85,86.0,99.1,90
HM03486,P0011,2026-05-16,117/106,153.7,98.8,85
HM03487,P0442,2026-08-18,144/68,121.8,98.5,73
HM03488,P0314,2026-07-08,134/94,100.2,98.2,68
HM03489,P0479,2026-09-12,90/89,114.1,98.2,66
HM03490,P0080,2026-03-05,121/93,115.0,98.2,80
HM03491,P0667,2026-04-23,100/87,71.1,97.4,65
HM03492,P0216,2026-09-14,121/75,115.0,97.4,90
HM03493,P0208,2026-02-03,141/77,98.3,97.7,74
HM03494,P0683,2026-05-02,96/68,145.1,98.5,97
HM03495,P0294,2026-09-25,119/75,100.7,97.9,70
HM03496,P0545,2026-05-30,130/80,97.2,99.3,100
HM03497,P0948,2026-07-14,148/86,141.7,99.9,87
HM03498,P0398,2026-04-29,113/84,136.9,97.3,74
HM03499,P0819,2026-09-26,147/58,71.2,98.0,82
HM03500,P0940,2026-09-23,97/78,155.4,98.3,89
HM03501,P0073,2026-06-13,113/70,144.7,98.5,63
HM03502,P0005,2026-04-15,108/98,82.6,99.0,72
HM03503,P0465,2026-06-20,124/83,60.0,96.9,79
HM03504,P0751,2026-06-14,110/91,60.0,98.7,61
HM03505,P0497,2026-04-30,117/67,181.6,97.0,76
HM03506,P0770,2026-09-28,90/99,129.0,98.3,95
HM03507,P0932,2026-05-17,127/82,119.6,98.7,72
HM03508,P0969,2026-07-09,120/89,124.7,98.1,61
HM03509,P0300,2026-04-19,154/72,149.6,98.4,62
HM03510,P0104,2026-01-28,150/83,161.7,98.0,86
HM03511,P0373,2026-08-05,90/73,70.4,97.9,83
HM03512,P0990,2026-08-12,112/90,85.0,99.0,93
HM03513,P0421,2026-03-23,145/75,60.0,98.7,76
HM03514,P0312,2026-03-17,105/73,165.2,97.2,83
HM03515,P0145,2026-08-25,129/75,137.6,99.7,74
HM03516,P0272,2026-02-04,120/87,147.1,98.1,74
HM03517,P0856,2026-09-08,90/70,75.1,98.8,75
HM03518,P0410,2026-04-03,119/79,84.5,99.6,93
HM03519,P0029,2026-02-04,157/88,114.0,99.7,69
HM03520,P0577,2026-03-25,107/72,133.3,97.5,76
HM03521,P0024,2026-06-12,92/85,61.9,97.4,92
HM03522,P0510,2026-09-19,148/84,124.6,97.7,68
HM03523,P0782,2026-07-05,117/61,123.8,98.2,66
HM03524,P0314,2026-03-15,156/87,139.2,97.8,77
HM03525,P0175,2026-03-08,137/81,171.1,98.0,71
HM03526,P0294,2026-03-31,137/64,147.4,97.0,85
HM03527,P0365,2026-01-12,112/85,146.8,98.3,63
HM03528,P0082,2026-04-24,107/71,60.0,99.2,79
HM03529,P0313,2026-09-02,102/97,90.5,98.4,68
HM03530,P0417,2026-04-19,90/63,99.3,99.0,82
HM03531,P0163,2026-03-12,127/55,159.5,98.4,76
HM03532,P0556,2026-07-14,147/94,155.4,98.0,65
HM03533,P0800,2026-06-24,144/63,183.2,98.2,65
HM03534,P0130,2026-01-21,100/64,119.9,98.2,63
HM03535,P0822,2026-06-07,117/63,135.6,98.2,73
HM03536,P0916,2026-03-01,99/76,100.5,98.5,80
HM03537,P0249,2026-09-13,140/74,60.0,99.1,66
HM03538,P0918,2026-08-16,102/79,125.6,97.7,71
HM03539,P0594,2026-06-20,117/96,114.9,97.3,66
HM03540,P0052,2026-05-08,119/82,131.9,98.3,67
HM03541,P0665,2026-01-05,116/88,74.9,97.8,85
HM03542,P0907,2026-06-15,142/77,100.6,97.0,84
HM03543,P0666,2026-03-02,151/110,128.5,98.2,66
HM03544,P0999,2026-01-13,90/82,197.3,99.3,91
HM03545,P0326,2026-01-20,129/84,60.0,98.9,71
HM03546,P0605,2026-06-08,110/76,102.5,97.6,78
HM03547,P0813,2026-09-05,113/81,62.9,98.0,64
HM03548,P0451,2026-03-21,112/81,60.0,97.5,84
HM03549,P0877,2026-07-11,96/101,157.2,97.8,68
HM03550,P0311,2026-01-29,129/62,60.0,97.8,76
HM03551,P0147,2026-03-28,126/72,159.6,96.9,64
HM03552,P0632,2026-05-04,134/66,73.0,98.3,65
HM03553,P0531,2026-03-29,122/71,84.8,96.3,79
HM03554,P0826,2026-05-06,100/77,97.1,98.0,76
HM03555,P0174,2026-01-20,128/71,158.5,96.5,75
HM03556,P0293,2026-02-27,141/85,80.9,97.5,65
HM03557,P0983,2026-05-25,136/71,123.9,98.4,106
HM03558,P0989,2026-06-24,131/70,63.9,98.0,76
HM03559,P0624,2026-02-20,90/71,125.4,97.7,89
HM03560,P0023,2026-03-12,93/88,147.0,99.1,59
HM03561,P0802,2026-08-18,131/71,65.8,97.8,67
HM03562,P0270,2026-09-05,143/86,74.7,97.5,73
HM03563,P0378,2026-03-06,123/92,139.2,98.2,74
HM03564,P0835,2026-06-08,90/95,99.4,99.6,80
HM03565,P0920,2026-04-18,165/87,64.9,97.6,75
HM03566,P0430,2026-02-18,107/75,67.2,98.2,80
HM03567,P0969,2026-07-13,104/103,117.2,97.5,58
HM03568,P0628,2026-07-15,126/76,142.4,98.1,63
HM03569,P0445,2026-03-06,158/85,106.1,98.3,83
HM03570,P0546,2026-01-14,96/81,99.2,98.7,69
HM03571,P0418,2026-08-09,112/99,158.1,96.0,91
HM03572,P0515,2026-04-29,123/71,79.7,97.3,69
HM03573,P0087,2026-05-06,102/63,78.6,98.5,78
HM03574,P0919,2026-01-14,136/79,69.3,98.6,65
HM03575,P0676,2026-09-26,137/66,90.9,97.9,86
HM03576,P0977,2026-08-15,128/80,181.0,96.5,65
HM03577,P0548,2026-08-01,103/58,89.8,98.8,70
HM03578,P0851,2026-03-11,118/59,87.1,97.8,85
HM03579,P0720,2026-08-17,91/74,153.0,97.8,52
HM03580,P0860,2026-03-08,150/88,145.4,96.6,96
HM03581,P0954,2026-03-22,109/73,90.4,99.1,75
HM03582,P0823,2026-02-02,134/80,111.7,97.3,99
HM03583,P0196,2026-01-16,95/84,128.2,99.2,94
HM03584,P0910,2026-02-07,122/86,176.8,98.1,65
HM03585,P0823,2026-08-30,117/64,128.0,99.2,76
HM03586,P0182,2026-04-20,92/92,60.0,96.8,75
HM03587,P0484,2026-05-01,130/85,112.7,99.8,78
HM03588,P0910,2026-05-21,145/89,69.7,98.0,103
HM03589,P0234,2026-05-29,114/71,121.0,97.8,68
HM03590,P0645,2026-03-27,115/97,110.2,97.0,59
HM03591,P0106,2026-03-26,169/77,130.2,97.5,81
HM03592,P0063,2026-08-07,154/72,131.1,96.9,102
HM03593,P0920,2026-03-22,130/75,104.6,97.7,72
HM03594,P0911,2026-06-13,90/78,110.1,98.6,71
HM03595,P0872,2026-06-29,109/79,60.0,98.3,55
HM03596,P0180,2026-09-17,147/88,82.6,98.8,79
HM03597,P0769,2026-01-11,104/55,126.1,97.5,91
HM03598,P0107,2026-04-05,125/71,177.9,98.7,45
HM03599,P0131,2026-08-23,115/63,87.0,98.1,82
HM03600,P0084,2026-02-01,130/92,137.3,98.7,80
HM03601,P0599,2026-01-12,150/76,104.8,96.5,90
HM03602,P0789,2026-06-11,123/115,100.8,98.3,84
HM03603,P0760,2026-06-22,102/84,116.2,97.9,92
HM03604,P0720,2026-05-17,106/83,165.9,97.6,74
HM03605,P0291,2026-03-04,171/85,97.3,98.9,71
HM03606,P0273,2026-02-26,93/96,76.4,100.4,72
HM03607,P0193,2026-08-31,167/63,150.9,98.6,88
HM03608,P0577,2026-09-23,144/74,69.2,98.2,80
HM03609,P0232,2026-08-23,115/83,126.5,97.4,82
HM03610,P0316,2026-03-10,119/71,142.6,97.5,72
HM03611,P0468,2026-02-26,126/96,121.7,98.7,74
HM03612,P0337,2026-04-24,123/79,125.3,97.9,94
HM03613,P0748,2026-04-23,117/59,211.0,97.9,93
HM03614,P0810,2026-06-13,153/91,108.1,98.5,62
HM03615,P0252,2026-02-01,164/69,106.1,98.3,76
HM03616,P0221,2026-04-21,111/96,148.3,98.5,73
HM03617,P0268,2026-08-06,146/74,170.0,98.3,92
HM03618,P0801,2026-08-12,122/80,157.9,100.2,96
HM03619,P0943,2026-01-09,142/87,97.3,98.5,67
HM03620,P0727,2026-09-07,132/85,60.0,98.2,82
HM03621,P0379,2026-07-24,123/84,68.0,97.5,90
HM03622,P0399,2026-04-02,125/84,95.9,98.2,50
HM03623,P0343,2026-06-29,141/101,77.7,97.4,83
HM03624,P0443,2026-02-03,154/79,72.0,98.0,65
HM03625,P0528,2026-01-08,111/76,82.5,97.5,78
HM03626,P0139,2026-02-22,129/62,128.9,97.9,86
HM03627,P0332,2026-04-29,140/73,136.5,97.4,93
HM03628,P0984,2026-02-01,109/84,108.4,97.3,88
HM03629,P0273,2026-06-11,112/59,60.0,97.4,94
HM03630,P0903,2026-03-21,150/71,101.9,97.8,61
HM03631,P0748,2026-09-02,106/91,132.6,98.4,61
HM03632,P0517,2026-05-07,127/55,144.5,98.4,61
HM03633,P0965,2026-04-15,157/58,133.6,98.7,63
HM03634,P0125,2026-07-25,124/60,60.0,97.2,70
HM03635,P0866,2026-01-05,137/80,118.3,97.3,71
HM03636,P0175,2026-05-28,106/65,94.2,98.3,71
HM03637,P0784,2026-05-16,118/88,97.5,97.0,84
HM03638,P0543,2026-09-06,130/83,136.9,98.6,78
HM03639,P0282,2026-02-14,172/64,94.5,99.1,79
HM03640,P0838,2026-02-09,140/82,163.1,97.3,94
HM03641,P0067,2026-07-28,148/65,137.1,98.2,70
HM03642,P0726,2026-09-08,90/67,139.8,98.9,75
HM03643,P0600,2026-07-22,141/91,120.4,97.5,83
HM03644,P0364,2026-03-28,134/88,145.3,97.0,71
HM03645,P0763,2026-06-07,90/88,107.6,98.6,60
HM03646,P0984,2026-04-14,153/65,142.1,98.3,75
HM03647,P0717,2026-04-05,119/72,160.3,98.2,62
HM03648,P0385,2026-06-14,117/81,146.4,97.7,71
HM03649,P0868,2026-05-17,125/90,67.1,98.7,72
HM03650,P0718,2026-04-18,118/104,108.1,98.9,86
HM03651,P0297,2026-08-02,101/57,143.7,97.2,58
HM03652,P0450,2026-06-07,145/67,88.0,100.0,58
HM03653,P0030,2026-02-11,99/74,106.6,97.4,64
HM03654,P0219,2026-05-21,155/83,135.5,98.1,81
HM03655,P0177,2026-09-12,143/68,124.3,98.8,96
HM03656,P0874,2026-03-30,163/80,154.9,96.0,96
HM03657,P0737,2026-04-02,110/77,130.4,98.1,80
HM03658,P0110,2026-04-05,156/75,77.0,99.8,84
HM03659,P0814,2026-03-29,163/90,68.7,98.8,66
HM03660,P0430,2026-02-03,125/79,60.0,97.5,104
HM03661,P0102,2026-03-09,129/77,178.5,97.8,76
HM03662,P0254,2026-09-17,144/75,88.9,96.2,66
HM03663,P0277,2026-08-22,106/81,93.6,100.1,65
HM03664,P0968,2026-08-03,153/82,143.2,98.9,51
HM03665,P0941,2026-01-15,124/76,75.3,98.6,98
HM03666,P0082,2026-04-24,90/73,71.4,98.3,74
HM03667,P0684,2026-09-07,112/88,172.3,100.6,69
HM03668,P0260,2026-08-19,90/86,171.4,98.9,97
HM03669,P0595,2026-05-07,120/72,119.0,97.9,85
HM03670,P0178,2026-05-16,144/92,132.9,98.4,87
HM03671,P0213,2026-06-17,90/82,116.8,98.4,76
HM03672,P0179,2026-04-28,133/73,154.5,98.6,79
HM03673,P0677,2026-05-22,111/89,122.2,97.5,77
HM03674,P0757,2026-07-23,137/86,132.0,98.3,90
HM03675,P0190,2026-08-28,149/88,94.4,97.2,71
HM03676,P0499,2026-04-08,164/83,189.4,98.1,74
HM03677,P0929,2026-05-22,123/78,87.9,97.2,84
HM03678,P0460,2026-05-30,146/109,99.8,97.9,68
HM03679,P0606,2026-03-26,147/89,84.3,97.4,89
HM03680,P0532,2026-07-05,132/89,84.1,96.5,67
HM03681,P0003,2026-08-01,138/105,100.0,100.2,87
HM03682,P0212,2026-08-08,97/82,145.2,96.0,85
HM03683,P0010,2026-07-15,148/84,112.8,98.0,75
HM03684,P0826,2026-09-26,101/71,100.4,98.3,71
HM03685,P0893,2026-05-03,107/89,128.0,97.7,84
HM03686,P0574,2026-03-27,115/80,149.1,97.7,63
HM03687,P0842,2026-01-28,122/63,105.3,97.9,48
HM03688,P0339,2026-04-20,135/77,156.4,98.4,86
HM03689,P0187,2026-03-17,148/78,115.0,96.8,92
HM03690,P0447,2026-07-02,122/67,140.9,96.2,72
HM03691,P0915,2026-08-19,143/74,89.9,97.8,53
HM03692,P0499,2026-07-26,139/78,105.5,98.0,78
HM03693,P0984,2026-01-05,138/79,67.3,98.7,83
HM03694,P0484,2026-08-10,129/92,116.1,99.2,94
HM03695,P0912,2026-05-13,136/71,110.4,99.3,60
HM03696,P0794,2026-08-15,117/75,84.7,99.0,82
HM03697,P0985,2026-04-12,110/87,109.5,97.4,69
HM03698,P0880,2026-04-12,133/91,98.0,98.7,96
HM03699,P0310,2026-03-26,99/84,144.1,98.1,92
HM03700,P0614,2026-02-19,168/84,106.8,99.1,88
HM03701,P0736,2026-04-25,90/79,101.2,98.6,75
HM03702,P0947,2026-09-18,123/69,140.7,99.7,67
HM03703,P0629,2026-06-02,97/80,114.0,99.3,63
HM03704,P0080,2026-05-17,114/55,163.1,98.4,72
HM03705,P0157,2026-09-27,98/65,129.5,97.2,79
HM03706,P0508,2026-01-16,165/75,81.3,98.5,63
HM03707,P0162,2026-08-07,159/96,109.3,97.4,72
HM03708,P0514,2026-07-25,119/84,151.4,97.3,90
HM03709,P0813,2026-06-25,137/73,77.0,98.3,65
HM03710,P0369,2026-09-09,145/66,134.2,98.1,71
HM03711,P0041,2026-02-19,122/92,73.3,97.8,68
HM03712,P0495,2026-05-29,124/71,60.0,97.3,97
HM03713,P0719,2026-02-02,129/82,105.1,98.2,72
HM03714,P0656,2026-07-14,135/81,74.0,98.4,48
HM03715,P0068,2026-05-29,133/63,111.6,97.1,78
HM03716,P0655,2026-01-29,136/98,61.1,99.1,79
HM03717,P0261,2026-07-05,115/89,106.7,98.8,66
HM03718,P0042,2026-05-08,112/91,167.0,98.2,45
HM03719,P0532,2026-08-21,121/80,106.9,98.5,72
HM03720,P0163,2026-06-01,141/65,158.3,99.6,67
HM03721,P0467,2026-06-29,106/84,73.4,97.8,91
HM03722,P0302,2026-09-28,139/103,121.0,97.7,78
HM03723,P0529,2026-03-30,121/78,114.2,97.4,81
HM03724,P0713,2026-01-15,96/71,110.8,96.2,87
HM03725,P0395,2026-02-27,90/88,69.8,97.8,84
HM03726,P0918,2026-03-19,168/81,60.0,99.1,75
HM03727,P0847,2026-07-10,126/86,60.0,98.2,73
HM03728,P0806,2026-04-24,149/88,60.0,99.3,83
HM03729,P0153,2026-05-31,94/80,151.2,97.1,94
HM03730,P0056,2026-08-20,94/70,82.0,99.4,72
HM03731,P0320,2026-04-16,101/85,138.1,98.8,74
HM03732,P0403,2026-02-13,130/72,173.6,99.2,90
HM03733,P0940,2026-06-16,140/86,71.4,98.8,79
HM03734,P0956,2026-09-17,150/89,134.3,96.7,76
HM03735,P0297,2026-07-07,113/83,100.5,98.0,83
HM03736,P0435,2026-06-07,116/81,61.8,97.5,85
HM03737,P0436,2026-04-20,100/94,149.1,98.0,113
HM03738,P0818,2026-08-29,149/68,141.1,98.3,68
HM03739,P0868,2026-02-11,103/91,94.1,98.1,66
HM03740,P0744,2026-09-06,110/78,128.6,96.0,78
HM03741,P0151,2026-07-16,110/96,218.0,97.9,57
HM03742,P0735,2026-08-14,127/77,184.0,99.7,88
HM03743,P0784,2026-09-26,113/88,124.3,98.4,59
HM03744,P0508,2026-01-17,146/81,111.5,97.7,68
HM03745,P0419,2026-08-21,131/59,142.6,97.3,53
HM03746,P0811,2026-01-30,161/69,89.7,99.2,100
HM03747,P0790,2026-09-09,94/68,84.1,99.0,97
HM03748,P0004,2026-04-28,103/96,90.2,98.5,62
HM03749,P0805,2026-04-29,122/78,104.0,98.5,65
HM03750,P0054,2026-08-08,107/85,162.0,98.2,84
HM03751,P0730,2026-08-08,140/89,81.6,97.5,69
HM03752,P0160,2026-08-22,163/86,131.2,98.5,62
HM03753,P0267,2026-09-11,163/85,140.3,96.6,87
HM03754,P0426,2026-09-24,117/64,81.6,97.1,62
HM03755,P0360,2026-09-02,126/75,126.7,99.7,76
HM03756,P0301,2026-02-12,90/77,156.8,98.1,96
HM03757,P0661,2026-03-01,134/57,118.8,98.5,90
HM03758,P0893,2026-01-12,161/90,130.4,98.8,75
HM03759,P0978,2026-03-23,95/80,127.8,97.1,93
HM03760,P0793,2026-01-16,145/63,162.8,97.9,68
HM03761,P0569,2026-07-16,146/79,181.5,97.4,57
HM03762,P0087,2026-04-15,119/89,82.5,97.0,80
HM03763,P0823,2026-09-27,95/83,103.1,98.6,61
HM03764,P0244,2026-04-18,150/77,141.7,99.1,64
HM03765,P0252,2026-06-16,142/62,67.0,100.0,91
HM03766,P0452,2026-09-26,166/75,118.6,98.7,77
HM03767,P0818,2026-03-31,110/69,122.5,97.2,64
HM03768,P0383,2026-01-18,132/78,147.8,97.8,71
HM03769,P0210,2026-01-31,133/70,92.0,97.6,75
HM03770,P0195,2026-04-29,160/63,160.3,98.9,96
HM03771,P0464,2026-03-24,187/97,147.4,97.0,63
HM03772,P0903,2026-07-08,132/59,136.5,96.3,91
HM03773,P0500,2026-06-01,118/81,88.8,96.5,92
HM03774,P0032,2026-01-09,151/75,138.2,97.8,81
HM03775,P0148,2026-07-20,140/86,161.9,98.7,78
HM03776,P0991,2026-04-25,109/74,143.4,96.8,91
HM03777,P0561,2026-01-08,119/70,76.5,98.8,77
HM03778,P0008,2026-03-04,156/64,94.8,98.1,68
HM03779,P0690,2026-02-13,125/83,132.0,99.6,62
HM03780,P0243,2026-09-04,131/72,130.1,98.6,66
HM03781,P0057,2026-01-21,106/86,115.8,98.0,85
HM03782,P0503,2026-09-23,139/73,85.2,97.1,78
HM03783,P0073,2026-01-12,96/81,157.6,97.9,71
HM03784,P0773,2026-01-29,164/98,88.2,98.3,81
HM03785,P0117,2026-05-31,129/101,118.1,98.4,86
HM03786,P0155,2026-05-21,148/91,133.8,96.8,72
HM03787,P0888,2026-05-08,141/83,143.9,99.9,63
HM03788,P0095,2026-08-04,147/76,147.7,98.2,103
HM03789,P0228,2026-05-16,127/72,129.7,98.5,91
HM03790,P0051,2026-03-01,133/109,111.1,98.1,70
HM03791,P0636,2026-09-03,126/82,124.8,98.3,70
HM03792,P0269,2026-06-15,107/75,155.0,99.4,77
HM03793,P0635,2026-03-03,106/79,188.2,99.1,84
HM03794,P0518,2026-07-05,144/98,74.6,97.8,71
HM03795,P0480,2026-05-24,136/81,141.5,97.7,94
HM03796,P0653,2026-06-06,123/88,156.8,99.2,82
HM03797,P0879,2026-09-26,141/100,133.0,97.5,84
HM03798,P0129,2026-02-15,124/55,131.2,98.3,91
HM03799,P0258,2026-09-04,109/61,120.9,98.5,79
HM03800,P0977,2026-05-18,125/67,110.1,97.9,90
HM03801,P0739,2026-09-15,132/76,175.3,98.0,84
HM03802,P0268,2026-02-11,121/99,118.0,98.3,76
HM03803,P0134,2026-04-14,128/94,144.6,98.2,98
HM03804,P0527,2026-01-09,142/74,66.7,97.8,82
HM03805,P0282,2026-04-04,136/96,76.7,97.8,63
HM03806,P0754,2026-08-18,98/72,127.8,98.9,66
HM03807,P0172,2026-01-26,108/58,122.5,97.5,97
HM03808,P0970,2026-06-10,133/77,92.6,96.9,61
HM03809,P0012,2026-02-09,112/71,80.0,98.5,84
HM03810,P0651,2026-05-22,115/103,60.0,98.3,75
HM03811,P0907,2026-03-13,113/71,114.8,98.0,73
HM03812,P0139,2026-04-26,99/60,104.9,97.8,75
HM03813,P0435,2026-02-22,122/73,107.6,97.4,96
HM03814,P0386,2026-04-22,109/75,89.7,97.5,78
HM03815,P0436,2026-05-24,122/74,105.1,97.6,82
HM03816,P0803,2026-05-07,166/69,128.8,98.2,86
HM03817,P0333,2026-02-28,138/82,113.6,97.8,68
HM03818,P0381,2026-05-06,123/64,94.2,99.2,79
HM03819,P0432,2026-03-30,142/97,108.8,98.4,74
HM03820,P0188,2026-02-08,108/68,144.5,98.4,100
HM03821,P0103,2026-06-12,144/71,144.4,97.9,92
HM03822,P0914,2026-03-25,115/67,87.1,97.5,67
HM03823,P0871,2026-01-21,113/90,177.9,97.0,93
HM03824,P0718,2026-09-16,115/84,60.0,98.7,53
HM03825,P0660,2026-04-01,131/83,121.7,97.5,84
HM03826,P0472,2026-06-01,132/77,138.5,98.1,84
HM03827,P0811,2026-09-21,122/82,135.1,97.8,63
HM03828,P0085,2026-01-31,130/94,125.5,98.5,77
HM03829,P0286,2026-05-31,139/77,99.1,99.2,71
HM03830,P0225,2026-01-05,142/93,134.8,97.1,78
HM03831,P0622,2026-06-01,120/74,120.0,98.9,72
HM03832,P0488,2026-09-21,121/77,155.7,98.0,63
HM03833,P0301,2026-07-09,93/84,88.4,98.8,62
HM03834,P0078,2026-09-17,114/64,130.2,98.8,82
HM03835,P0269,2026-05-24,103/71,123.2,96.7,75
HM03836,P0140,2026-06-19,155/77,62.9,97.7,70
HM03837,P0915,2026-09-21,167/99,140.6,97.9,92
HM03838,P0276,2026-03-14,102/92,147.5,98.1,91
HM03839,P0880,2026-08-29,116/64,149.2,98.1,85
HM03840,P0992,2026-06-10,161/71,110.0,99.6,86
HM03841,P0524,2026-02-28,111/68,96.5,97.5,80
HM03842,P0711,2026-05-15,126/83,85.6,98.1,53
HM03843,P0616,2026-02-26,127/94,65.1,98.6,70
HM03844,P0111,2026-09-03,141/81,129.2,98.3,93
HM03845,P0766,2026-02-09,131/71,118.5,97.9,79
HM03846,P0326,2026-04-27,116/71,122.0,98.3,90
HM03847,P0537,2026-09-23,116/56,102.3,96.7,82
HM03848,P0515,2026-07-23,91/68,102.3,99.6,65
HM03849,P0281,2026-07-28,125/86,166.9,98.9,91
HM03850,P0883,2026-07-23,142/65,127.6,99.0,66
HM03851,P0243,2026-08-07,113/70,142.0,98.1,74
HM03852,P0898,2026-07-15,99/79,95.1,98.4,64
HM03853,P0178,2026-04-16,128/74,71.3,97.0,63
HM03854,P0561,2026-06-27,120/81,124.4,98.5,68
HM03855,P0241,2026-06-03,146/74,130.8,98.1,82
HM03856,P0044,2026-03-19,120/84,114.7,98.9,68
HM03857,P0082,2026-09-06,90/68,152.4,98.1,79
HM03858,P0895,2026-05-04,103/80,79.2,97.4,73
HM03859,P0494,2026-08-06,133/86,135.3,96.8,77
HM03860,P0218,2026-06-18,121/61,115.6,98.0,84
HM03861,P0010,2026-03-08,126/73,147.4,96.2,77
HM03862,P0256,2026-08-17,90/69,133.4,97.1,60
HM03863,P0075,2026-09-11,172/63,172.8,98.0,71
HM03864,P0803,2026-03-26,136/96,74.9,97.7,88
HM03865,P0090,2026-08-16,130/93,133.0,99.8,80
HM03866,P0293,2026-06-28,129/83,110.0,99.0,80
HM03867,P0213,2026-04-17,140/91,130.0,98.7,65
HM03868,P0824,2026-02-20,113/90,164.8,96.5,71
HM03869,P0281,2026-07-02,125/69,86.2,98.6,96
HM03870,P0249,2026-04-04,90/77,131.2,98.9,81
HM03871,P0966,2026-02-15,160/80,160.9,97.6,78
HM03872,P0367,2026-01-21,100/90,110.8,98.5,74
HM03873,P0552,2026-02-16,136/84,80.2,97.4,77
HM03874,P0301,2026-04-17,138/102,125.6,99.1,58
HM03875,P0180,2026-01-27,165/87,113.3,98.1,64
HM03876,P0152,2026-07-14,108/102,80.4,97.3,69
HM03877,P0629,2026-08-29,101/80,153.1,97.7,61
HM03878,P0515,2026-06-08,130/79,150.1,97.8,74
HM03879,P0182,2026-07-31,122/81,101.3,97.7,55
HM03880,P0022,2026-01-19,113/88,144.8,97.8,93
HM03881,P0403,2026-03-22,124/63,60.0,99.3,73
HM03882,P0005,2026-02-17,100/55,101.1,98.6,69
HM03883,P0872,2026-04-27,103/73,158.5,96.9,70
HM03884,P0201,2026-07-03,149/85,121.3,97.6,78
HM03885,P0973,2026-08-16,114/69,77.2,98.9,77
HM03886,P0457,2026-06-17,131/81,130.4,98.0,72
HM03887,P0062,2026-02-16,108/63,75.7,97.9,58
HM03888,P0407,2026-05-28,97/92,122.8,97.8,105
HM03889,P0919,2026-05-07,92/91,111.1,98.9,79
HM03890,P0820,2026-07-30,90/81,126.7,96.2,101
HM03891,P0597,2026-05-03,131/88,74.2,98.8,91
HM03892,P0589,2026-04-01,130/79,83.7,98.0,71
HM03893,P0808,2026-07-22,136/69,134.8,97.4,74
HM03894,P0560,2026-06-20,137/71,137.8,98.7,74
HM03895,P0676,2026-03-28,148/80,153.6,99.8,75
HM03896,P0208,2026-06-05,137/72,78.9,98.0,61
HM03897,P0256,2026-01-29,106/87,97.0,98.8,81
HM03898,P0015,2026-08-24,162/86,154.0,98.6,81
HM03899,P0913,2026-05-06,148/88,122.4,98.4,84
HM03900,P0079,2026-03-09,111/71,164.9,99.9,66
HM03901,P0521,2026-01-24,111/93,133.7,98.8,88
HM03902,P0480,2026-03-17,120/83,123.8,97.4,81
HM03903,P0848,2026-09-03,149/75,120.3,98.4,74
HM03904,P0968,2026-02-14,138/71,161.6,98.8,66
HM03905,P0793,2026-08-10,158/82,89.7,99.2,83
HM03906,P0964,2026-05-07,90/73,124.8,96.3,79
HM03907,P0364,2026-01-26,128/65,124.5,98.2,63
HM03908,P0957,2026-03-19,143/90,104.9,98.0,86
HM03909,P0637,2026-08-28,120/56,132.0,97.5,73
HM03910,P0068,2026-08-08,154/78,115.1,98.7,84
HM03911,P0510,2026-02-14,106/79,116.3,98.4,81
HM03912,P0782,2026-05-25,176/65,149.3,99.3,83
HM03913,P0724,2026-05-12,111/99,60.0,97.6,92
HM03914,P0962,2026-06-09,117/99,62.1,97.2,71
HM03915,P0667,2026-06-17,133/77,97.8,99.5,96
HM03916,P0815,2026-07-04,116/59,60.0,98.4,85
HM03917,P0023,2026-07-08,126/79,86.8,98.8,98
HM03918,P0410,2026-03-04,90/79,81.0,96.9,64
HM03919,P0924,2026-08-31,132/84,166.1,98.2,56
HM03920,P0016,2026-07-05,120/63,72.8,98.7,80
HM03921,P0699,2026-08-03,136/75,142.7,97.8,91
HM03922,P0879,2026-05-11,131/77,122.4,98.2,97
HM03923,P0002,2026-07-26,129/79,106.7,99.0,86
HM03924,P0894,2026-09-15,119/66,83.4,98.0,94
HM03925,P0667,2026-03-26,119/72,60.0,99.6,84
HM03926,P0517,2026-07-12,140/91,109.2,98.3,95
HM03927,P0999,2026-08-23,128/87,145.5,98.8,76
HM03928,P0035,2026-01-29,124/89,142.2,99.3,84
HM03929,P0852,2026-07-15,136/74,94.7,98.9,71
HM03930,P0899,2026-03-16,124/96,157.7,98.5,74
HM03931,P0430,2026-04-11,122/90,113.7,97.7,92
HM03932,P0922,2026-07-06,128/73,131.8,99.1,65
HM03933,P0396,2026-01-28,120/77,130.8,98.8,71
HM03934,P0099,2026-05-07,95/92,75.8,98.4,76
HM03935,P0016,2026-08-11,128/99,221.3,96.7,89
HM03936,P0308,2026-07-26,121/92,148.5,99.5,81
HM03937,P0462,2026-09-20,107/91,119.1,98.0,72
HM03938,P0486,2026-05-30,145/99,73.2,98.8,73
HM03939,P0153,2026-03-14,95/81,85.8,96.8,68
HM03940,P0293,2026-03-28,104/72,68.6,97.8,69
HM03941,P0275,2026-04-02,132/87,124.1,98.0,74
HM03942,P0359,2026-04-24,108/70,139.6,96.6,77
HM03943,P0261,2026-09-18,118/87,65.1,98.2,82
HM03944,P0402,2026-08-05,90/67,111.8,98.7,80
HM03945,P0799,2026-08-18,136/67,60.0,98.3,63
HM03946,P0564,2026-02-12,107/91,121.6,97.7,69
HM03947,P0935,2026-02-24,137/82,72.5,96.4,100
HM03948,P0569,2026-09-05,100/86,167.9,98.3,70
HM03949,P0361,2026-01-28,96/62,128.2,99.5,73
HM03950,P0560,2026-03-01,113/88,91.0,98.4,78
HM03951,P0646,2026-07-24,116/79,176.7,98.7,91
HM03952,P0484,2026-08-24,106/93,137.4,96.9,84
HM03953,P0818,2026-07-01,114/61,119.5,98.7,79
HM03954,P0097,2026-04-08,122/76,201.3,97.1,88
HM03955,P0200,2026-04-01,125/69,113.3,96.9,70
HM03956,P0267,2026-06-16,124/61,132.7,97.3,60
HM03957,P0958,2026-04-19,103/106,60.0,98.6,68
HM03958,P0634,2026-06-17,117/87,134.4,97.6,61
HM03959,P0207,2026-04-21,137/86,105.0,98.6,72
HM03960,P0719,2026-03-25,108/80,133.2,98.5,84
HM03961,P0093,2026-03-26,109/98,103.0,98.1,62
HM03962,P0631,2026-03-01,121/86,141.7,99.6,84
HM03963,P0655,2026-02-16,130/74,91.8,99.1,89
HM03964,P0808,2026-05-07,103/88,137.8,97.2,84
HM03965,P0554,2026-06-23,104/55,109.4,98.4,76
HM03966,P0140,2026-07-01,182/84,120.1,98.6,72
HM03967,P0990,2026-07-09,143/84,126.0,97.6,59
HM03968,P0073,2026-02-04,114/83,99.4,98.5,75
HM03969,P0826,2026-08-06,133/68,121.8,97.6,59
HM03970,P0691,2026-01-21,121/98,63.9,98.3,87
HM03971,P0458,2026-07-30,171/74,92.9,97.1,91
HM03972,P0261,2026-09-02,107/75,60.0,99.0,91
HM03973,P0083,2026-08-18,141/60,136.3,96.7,78
HM03974,P0194,2026-05-01,129/83,133.7,98.2,54
HM03975,P0130,2026-05-07,135/81,83.4,96.8,96
HM03976,P0406,2026-09-14,149/88,91.3,96.0,87
HM03977,P0369,2026-02-26,132/75,154.4,99.0,80
HM03978,P0739,2026-06-20,125/80,138.8,97.4,83
HM03979,P0088,2026-07-31,106/96,133.6,97.6,78
HM03980,P0302,2026-03-14,107/98,171.8,98.8,96
HM03981,P0003,2026-03-03,128/89,157.9,98.2,78
HM03982,P0053,2026-05-22,143/87,88.6,96.2,75
HM03983,P0635,2026-02-28,90/68,84.4,97.7,87
HM03984,P0692,2026-03-15,145/86,137.1,98.8,48
HM03985,P0066,2026-01-30,125/58,132.8,96.3,75
HM03986,P0277,2026-05-20,135/66,148.7,98.7,82
HM03987,P0511,2026-07-15,138/75,120.3,98.2,77
HM03988,P0706,2026-04-12,111/65,103.2,97.8,69
HM03989,P0539,2026-06-22,142/65,109.0,99.2,88
HM03990,P0732,2026-01-28,149/72,142.5,97.2,74
HM03991,P0920,2026-06-17,121/73,102.3,97.8,66
HM03992,P0585,2026-01-28,142/77,122.1,98.3,78
HM03993,P0594,2026-04-29,126/76,164.6,98.9,78
HM03994,P0233,2026-06-05,116/78,129.6,99.5,61
HM03995,P0137,2026-09-02,138/93,63.0,98.0,65
HM03996,P0075,2026-01-11,133/75,110.4,97.8,86
HM03997,P0373,2026-01-25,129/82,120.6,98.7,74
HM03998,P0605,2026-01-23,159/65,60.0,96.6,53
HM03999,P0894,2026-08-13,138/86,157.3,97.2,86
HM04000,P0127,2026-08-23,126/81,136.9,97.5,109
HM04001,P0070,2026-04-14,151/73,76.8,98.1,80
HM04002,P0676,2026-06-18,146/65,125.0,96.8,83
HM04003,P0424,2026-03-18,122/103,60.9,99.4,57
HM04004,P0502,2026-06-20,98/59,123.8,97.1,61
HM04005,P0303,2026-03-24,129/85,116.4,98.1,99
HM04006,P0257,2026-04-15,127/89,120.0,97.2,84
HM04007,P0076,2026-07-26,111/78,125.7,96.5,58
HM04008,P0255,2026-03-15,143/72,93.4,98.3,73
HM04009,P0336,2026-05-14,133/79,122.0,97.6,80
HM04010,P0753,2026-01-30,147/73,147.0,98.2,86
HM04011,P0291,2026-04-11,127/79,127.2,99.3,80
HM04012,P0645,2026-07-16,134/75,170.0,98.8,78
HM04013,P0377,2026-02-20,122/91,93.8,96.6,78
HM04014,P0100,2026-03-26,148/99,111.2,98.2,84
HM04015,P0256,2026-09-15,119/86,112.0,99.1,86
HM04016,P0957,2026-08-23,141/77,182.4,98.6,80
HM04017,P0039,2026-02-05,109/78,119.0,97.5,74
HM04018,P0365,2026-01-15,121/80,60.0,98.1,73
HM04019,P0180,2026-05-10,124/92,186.8,98.8,63
HM04020,P0225,2026-06-01,118/87,131.9,99.1,76
HM04021,P0033,2026-07-30,117/101,117.1,97.3,95
HM04022,P0463,2026-08-18,95/55,141.9,99.0,82
HM04023,P0794,2026-02-02,98/79,105.3,97.7,94
HM04024,P0571,2026-06-11,104/83,156.8,98.5,92
HM04025,P0269,2026-05-05,136/85,127.8,98.8,73
HM04026,P0557,2026-02-17,98/91,155.7,98.4,71
HM04027,P0648,2026-02-07,93/81,67.8,96.9,77
HM04028,P0994,2026-06-29,109/84,109.4,97.7,57
HM04029,P0776,2026-01-15,107/70,72.1,97.9,64
HM04030,P0488,2026-05-29,121/82,86.1,98.6,61
HM04031,P0764,2026-04-05,102/78,139.0,99.0,97
HM04032,P0042,2026-02-06,117/78,78.9,97.1,80
HM04033,P0259,2026-02-17,109/94,63.8,98.6,65
HM04034,P0757,2026-08-04,108/86,91.3,97.7,68
HM04035,P0382,2026-03-08,160/72,116.8,98.0,80
HM04036,P0198,2026-08-05,112/77,128.8,97.4,91
HM04037,P0730,2026-07-12,148/87,117.4,96.0,83
HM04038,P0244,2026-01-09,117/77,60.0,98.6,60
HM04039,P0671,2026-05-31,127/90,98.6,99.3,69
HM04040,P0461,2026-07-20,137/64,151.1,99.0,83
HM04041,P0226,2026-05-07,117/63,101.3,99.2,79
HM04042,P0640,2026-06-10,93/66,158.9,98.6,63
HM04043,P0560,2026-05-01,90/72,60.0,98.1,107
HM04044,P0720,2026-05-12,93/77,160.9,98.9,76
HM04045,P0022,2026-08-29,122/66,105.6,98.4,91
HM04046,P0338,2026-07-15,112/77,81.8,98.4,87
HM04047,P0771,2026-07-18,137/65,120.1,97.6,90
HM04048,P0118,2026-04-30,121/61,107.3,98.6,80
HM04049,P0964,2026-02-20,114/72,80.4,97.8,67
HM04050,P0846,2026-04-07,144/69,119.3,98.2,89
HM04051,P0484,2026-09-23,146/88,127.4,97.3,65
HM04052,P0875,2026-06-05,108/89,117.6,99.0,90
HM04053,P0243,2026-04-05,110/80,114.5,97.9,71
HM04054,P0886,2026-07-27,148/80,115.5,97.5,86
HM04055,P0054,2026-01-28,104/85,131.9,97.8,81
HM04056,P0218,2026-05-23,128/79,115.5,98.3,79
HM04057,P0143,2026-04-04,126/66,109.7,98.4,79
HM04058,P0553,2026-07-20,144/87,84.5,98.1,74
HM04059,P0087,2026-05-14,124/79,136.4,98.4,92
HM04060,P0607,2026-03-27,129/70,98.6,98.7,58
HM04061,P0593,2026-02-06,98/80,148.3,99.4,75
HM04062,P0662,2026-08-14,146/80,61.4,98.2,70
HM04063,P0980,2026-06-30,143/79,70.3,96.9,77
HM04064,P0167,2026-08-10,90/73,123.1,97.2,89
HM04065,P0602,2026-07-23,148/67,104.6,99.1,77
HM04066,P0085,2026-09-14,97/78,85.1,99.2,85
HM04067,P0995,2026-07-07,118/81,69.2,97.5,96
HM04068,P0721,2026-01-31,126/91,123.1,99.4,54
HM04069,P0186,2026-08-15,121/99,148.5,99.4,77
HM04070,P0014,2026-04-10,114/67,76.6,98.9,84
HM04071,P0898,2026-04-14,123/86,120.0,99.1,89
HM04072,P0872,2026-09-13,103/83,60.0,98.3,85
HM04073,P0224,2026-08-04,98/75,115.3,98.4,74
HM04074,P0208,2026-07-30,101/79,60.0,98.0,72
HM04075,P0327,2026-03-16,122/73,62.2,97.9,89
HM04076,P0734,2026-07-01,150/109,174.2,97.1,73
HM04077,P0924,2026-05-25,124/78,117.4,100.4,65
HM04078,P0938,2026-08-06,110/99,93.4,98.6,90
HM04079,P0636,2026-08-11,134/82,147.9,97.4,72
HM04080,P0048,2026-05-05,135/55,164.6,98.5,79
HM04081,P0206,2026-02-20,92/64,101.0,98.9,53
HM04082,P0826,2026-05-14,140/75,107.2,98.4,81
HM04083,P0050,2026-05-19,110/87,60.0,97.8,79
HM04084,P0648,2026-05-27,118/58,141.5,97.1,77
HM04085,P0040,2026-05-04,128/80,155.9,98.2,83
HM04086,P0392,2026-09-22,123/87,163.8,98.3,87
HM04087,P0285,2026-02-22,154/96,101.5,99.1,80
HM04088,P0580,2026-03-30,147/86,124.6,98.6,81
HM04089,P0238,2026-06-01,130/78,106.2,99.8,83
HM04090,P0202,2026-06-28,113/76,152.0,97.5,60
HM04091,P0433,2026-05-04,96/59,69.5,97.1,94
HM04092,P0872,2026-01-18,124/75,64.5,98.1,57
HM04093,P0743,2026-08-28,117/104,138.2,98.0,86
HM04094,P0339,2026-03-18,114/70,174.6,97.2,73
HM04095,P0327,2026-01-04,131/68,137.8,97.9,85
HM04096,P0704,2026-04-25,136/77,174.9,97.6,94
HM04097,P0496,2026-09-12,148/101,121.1,97.5,102
HM04098,P0505,2026-07-29,118/70,108.4,97.3,84
HM04099,P0893,2026-06-20,112/76,148.9,98.8,78
HM04100,P0554,2026-06-16,128/80,99.9,98.2,83
HM04101,P0008,2026-04-27,122/85,85.7,97.7,69
HM04102,P0252,2026-07-12,113/95,140.4,97.2,83
HM04103,P0433,2026-07-24,117/71,63.0,99.1,61
HM04104,P0323,2026-04-16,123/68,142.2,97.9,76
HM04105,P0801,2026-05-21,122/83,115.5,98.2,71
HM04106,P0281,2026-04-06,93/66,140.1,97.9,70
HM04107,P0662,2026-08-06,96/59,90.4,99.0,71
HM04108,P0651,2026-03-13,133/72,137.4,97.9,63
HM04109,P0687,2026-02-10,119/102,177.6,98.6,76
HM04110,P0347,2026-05-22,131/83,113.6,98.6,80
HM04111,P0254,2026-06-21,118/65,98.9,98.9,77
HM04112,P0232,2026-01-28,131/76,77.9,98.0,65
HM04113,P0316,2026-03-04,103/94,100.3,97.5,97
HM04114,P0517,2026-09-14,141/75,130.0,98.0,69
HM04115,P0890,2026-09-08,134/76,117.6,99.1,88
HM04116,P0079,2026-03-03,113/85,75.5,98.6,79
HM04117,P0774,2026-08-17,132/76,187.9,97.4,89
HM04118,P0729,2026-01-26,104/86,135.2,98.2,72
HM04119,P0178,2026-04-13,127/83,177.6,97.4,71
HM04120,P0749,2026-04-08,130/76,111.5,99.2,45
HM04121,P0881,2026-03-30,113/59,73.1,100.4,85
HM04122,P0080,2026-06-27,144/79,141.6,96.6,90
HM04123,P0221,2026-08-30,108/73,132.7,98.5,79
HM04124,P0714,2026-01-20,97/81,148.6,97.7,93
HM04125,P0253,2026-01-05,107/80,168.7,97.6,90
HM04126,P0499,2026-06-02,164/82,96.6,97.5,93
HM04127,P0880,2026-03-22,150/97,113.9,99.1,77
HM04128,P0478,2026-03-30,107/93,172.2,97.3,65
HM04129,P0702,2026-03-30,125/91,75.3,98.4,70
HM04130,P0572,2026-09-18,139/70,142.0,98.1,66
HM04131,P0020,2026-07-27,126/56,95.4,98.5,56
HM04132,P0822,2026-01-23,90/55,161.4,98.1,71
HM04133,P0509,2026-07-01,143/75,124.4,98.2,72
HM04134,P0587,2026-04-07,130/89,108.5,97.8,73
HM04135,P0534,2026-04-30,90/83,72.7,98.8,76
HM04136,P0631,2026-03-06,127/88,82.6,98.5,81
HM04137,P0409,2026-04-17,121/68,135.8,98.8,79
HM04138,P0188,2026-06-20,103/73,112.9,98.8,58
HM04139,P0013,2026-05-07,113/75,112.1,97.0,75
HM04140,P0568,2026-07-22,118/67,110.9,97.7,83
HM04141,P0918,2026-03-12,107/81,86.7,97.7,81
HM04142,P0962,2026-08-17,129/74,105.6,96.9,94
HM04143,P0391,2026-01-11,138/87,60.0,97.7,73
HM04144,P0620,2026-05-05,90/90,165.9,100.1,65
HM04145,P0784,2026-09-14,127/95,106.1,97.7,55
HM04146,P0909,2026-01-06,147/79,89.5,98.5,79
HM04147,P0232,2026-05-27,128/77,171.8,98.1,97
HM04148,P0596,2026-09-14,136/84,111.0,99.1,79
HM04149,P0323,2026-03-06,106/68,129.8,97.4,77
HM04150,P0041,2026-07-11,146/83,89.7,99.5,84
HM04151,P0473,2026-04-09,145/55,126.6,99.0,98
HM04152,P0929,2026-08-12,95/94,172.6,96.4,83
HM04153,P0277,2026-09-04,137/76,97.8,98.8,70
HM04154,P0483,2026-02-13,120/89,176.4,98.7,79
HM04155,P0361,2026-01-14,114/67,153.8,98.1,91
HM04156,P0142,2026-08-19,118/72,129.7,98.1,63
HM04157,P0227,2026-03-29,161/72,147.5,99.0,62
HM04158,P0846,2026-03-19,104/76,84.7,99.8,75
HM04159,P0166,2026-05-13,142/86,124.2,98.2,92
HM04160,P0240,2026-01-25,108/100,69.9,98.9,61
HM04161,P0729,2026-05-28,118/81,98.0,98.0,61
HM04162,P0366,2026-03-03,105/85,116.0,97.6,93
HM04163,P0017,2026-07-02,100/75,97.3,98.8,78
HM04164,P0774,2026-09-25,122/57,145.3,98.0,79
HM04165,P0364,2026-09-20,110/69,167.5,96.6,65
HM04166,P0189,2026-06-22,154/87,103.6,99.3,83
HM04167,P0241,2026-05-17,129/82,131.3,98.7,104
HM04168,P0483,2026-09-17,121/78,71.7,98.2,100
HM04169,P0929,2026-02-25,144/73,116.1,97.0,66
HM04170,P0944,2026-05-12,127/74,78.4,98.6,77
HM04171,P0465,2026-06-06,93/55,95.0,96.8,55
HM04172,P0763,2026-05-05,147/78,105.7,98.0,64
HM04173,P0897,2026-07-14,133/78,88.5,97.7,63
HM04174,P0572,2026-09-18,116/77,99.9,98.2,77
HM04175,P0216,2026-08-21,129/91,135.8,99.1,67
HM04176,P0440,2026-03-25,114/87,138.5,97.6,85
HM04177,P0848,2026-08-07,106/85,114.1,97.0,72
HM04178,P0896,2026-07-10,168/82,195.5,96.9,87
HM04179,P0990,2026-02-01,90/79,137.1,99.0,68
HM04180,P0785,2026-09-13,145/73,109.3,97.8,64
HM04181,P0418,2026-05-15,156/80,153.1,99.1,66
HM04182,P0628,2026-04-21,149/86,78.6,98.6,65
HM04183,P0600,2026-09-10,157/89,112.5,99.3,59
HM04184,P0820,2026-03-21,110/76,193.2,97.2,57
HM04185,P0784,2026-04-22,96/90,94.2,98.1,87
HM04186,P0874,2026-02-01,121/82,133.7,97.8,76
HM04187,P0164,2026-09-03,129/90,87.3,96.0,86
HM04188,P0008,2026-05-09,143/82,124.4,97.7,84
HM04189,P0536,2026-07-11,142/80,202.2,96.8,79
HM04190,P0853,2026-06-03,101/90,60.0,97.0,70
HM04191,P0708,2026-07-03,130/72,94.5,98.0,75
HM04192,P0748,2026-05-15,154/88,103.6,100.1,83
HM04193,P0889,2026-02-25,105/83,133.7,97.6,65
HM04194,P0270,2026-02-25,126/75,166.8,98.9,70
HM04195,P0105,2026-07-25,133/95,66.2,97.3,77
HM04196,P0519,2026-09-07,125/79,104.1,97.9,82
HM04197,P0441,2026-09-27,147/74,200.3,100.0,93
HM04198,P0730,2026-04-18,137/104,104.8,97.5,71
HM04199,P0046,2026-05-09,104/81,125.5,98.4,77
HM04200,P0003,2026-05-15,127/100,136.7,99.0,80
HM04201,P0655,2026-06-30,92/58,187.9,97.7,70
HM04202,P0777,2026-06-26,129/86,138.7,99.8,96
HM04203,P0871,2026-04-15,108/91,101.6,98.1,64
HM04204,P0888,2026-03-02,91/79,81.5,99.0,74
HM04205,P0579,2026-03-08,131/96,63.0,97.5,80
HM04206,P0583,2026-03-13,131/93,145.4,98.3,81
HM04207,P0465,2026-04-19,131/62,109.5,98.4,83
HM04208,P0032,2026-03-16,106/64,106.8,100.0,68
HM04209,P0614,2026-05-23,148/99,116.6,97.6,84
HM04210,P0351,2026-09-10,128/69,91.9,98.6,89
HM04211,P0560,2026-05-30,118/79,138.4,98.0,74
HM04212,P0629,2026-05-04,109/70,208.4,98.0,94
HM04213,P0043,2026-05-21,158/77,127.9,98.3,58
HM04214,P0895,2026-03-24,93/80,100.1,99.9,75
HM04215,P0866,2026-02-02,164/74,181.9,98.7,84
HM04216,P0746,2026-07-19,114/86,174.2,98.1,73
HM04217,P0357,2026-04-10,120/99,144.9,99.5,81
HM04218,P0106,2026-07-06,125/85,152.5,98.0,94
HM04219,P0921,2026-05-06,132/55,145.9,97.1,88
HM04220,P0610,2026-01-10,143/83,134.0,99.2,72
HM04221,P0033,2026-01-09,140/93,176.6,97.2,82
HM04222,P0861,2026-02-12,105/67,127.6,98.3,91
HM04223,P0942,2026-02-23,118/78,122.4,97.4,69
HM04224,P0697,2026-08-29,147/73,156.4,98.7,59
HM04225,P0459,2026-07-17,135/86,129.8,98.1,66
HM04226,P0358,2026-01-24,151/78,84.1,98.6,69
HM04227,P0450,2026-02-27,106/75,91.7,97.4,87
HM04228,P0725,2026-08-28,122/95,85.1,96.6,79
HM04229,P0276,2026-08-09,162/86,227.5,98.5,80
HM04230,P0846,2026-03-24,90/85,120.9,97.8,76
HM04231,P0928,2026-05-18,123/77,188.1,97.9,80
HM04232,P0136,2026-03-08,116/89,121.2,97.9,54
HM04233,P0086,2026-08-31,129/76,112.9,97.1,95
HM04234,P0323,2026-01-23,142/97,155.1,98.7,64
HM04235,P0212,2026-01-22,161/68,105.6,98.8,87
HM04236,P0127,2026-04-22,136/75,93.8,100.5,77
HM04237,P0933,2026-05-17,121/71,123.6,98.4,77
HM04238,P0815,2026-02-05,132/101,94.2,98.2,70
HM04239,P0152,2026-09-17,130/73,96.6,96.9,79
HM04240,P0721,2026-05-28,133/102,131.4,97.8,61
HM04241,P0764,2026-06-13,100/64,180.7,98.5,71
HM04242,P0853,2026-04-22,105/69,93.7,99.4,77
HM04243,P0722,2026-08-25,96/107,75.1,97.7,93
HM04244,P0251,2026-03-11,133/74,71.9,97.3,67
HM04245,P0423,2026-04-14,125/82,109.8,98.2,65
HM04246,P0492,2026-09-10,130/95,109.3,98.0,78
HM04247,P0226,2026-05-21,147/69,165.8,98.6,78
HM04248,P0246,2026-01-23,149/65,133.3,98.6,66
HM04249,P0798,2026-04-11,134/83,108.7,99.0,71
HM04250,P0914,2026-06-22,130/78,93.5,98.7,75
HM04251,P0300,2026-05-22,95/58,142.6,97.1,81
HM04252,P0945,2026-05-12,126/75,183.5,98.4,87
HM04253,P0208,2026-09-10,130/77,114.3,99.5,91
HM04254,P0507,2026-06-25,164/82,84.3,97.8,63
HM04255,P0735,2026-07-04,140/72,60.0,100.4,71
HM04256,P0290,2026-04-12,113/100,72.7,99.2,70
HM04257,P0505,2026-01-09,98/100,147.3,99.0,82
HM04258,P0406,2026-07-05,136/65,118.9,97.4,61
HM04259,P0651,2026-06-07,133/93,101.6,98.0,64
HM04260,P0360,2026-06-25,125/89,142.7,98.7,70
HM04261,P0609,2026-08-12,111/89,143.4,98.0,72
HM04262,P0750,2026-02-03,148/75,141.1,98.1,65
HM04263,P0122,2026-05-16,157/81,90.1,96.9,62
HM04264,P0816,2026-06-06,117/103,94.5,99.5,76
HM04265,P0640,2026-07-05,101/74,70.2,97.4,67
HM04266,P0012,2026-01-03,90/98,122.4,97.6,80
HM04267,P0404,2026-01-02,108/55,218.5,98.4,70
HM04268,P0055,2026-01-19,90/62,172.9,99.6,87
HM04269,P0911,2026-03-27,102/98,130.7,98.8,83
HM04270,P0130,2026-07-09,94/65,97.1,98.8,61
HM04271,P0567,2026-06-25,121/77,142.7,98.8,65
HM04272,P0394,2026-08-05,153/66,153.2,97.7,79
HM04273,P0273,2026-07-30,129/82,138.6,98.6,87
HM04274,P0020,2026-04-09,134/64,124.4,97.7,64
HM04275,P0152,2026-08-23,119/82,123.7,99.2,93
HM04276,P0503,2026-01-05,131/86,118.3,98.9,83
HM04277,P0328,2026-08-01,123/105,95.9,99.5,61
HM04278,P0654,2026-05-27,141/97,60.0,98.3,86
HM04279,P0685,2026-07-09,130/84,119.8,97.2,106
HM04280,P0142,2026-07-12,114/85,92.4,96.2,66
HM04281,P0683,2026-08-18,96/93,93.8,97.7,65
HM04282,P0731,2026-03-19,126/71,149.7,98.5,71
HM04283,P0295,2026-05-18,142/80,115.8,96.9,77
HM04284,P0676,2026-05-05,131/96,88.7,100.3,84
HM04285,P0304,2026-02-13,94/69,164.7,99.3,78
HM04286,P0863,2026-07-22,127/66,161.3,97.3,88
HM04287,P0322,2026-03-06,152/80,148.9,99.9,81
HM04288,P0838,2026-01-28,121/79,89.0,97.5,83
HM04289,P0472,2026-08-17,121/83,62.9,98.1,90
HM04290,P0253,2026-06-06,102/80,60.0,97.0,87
HM04291,P0928,2026-06-14,118/101,130.1,98.7,65
HM04292,P0756,2026-02-19,117/71,77.7,98.8,88
HM04293,P0251,2026-01-16,132/70,126.6,96.5,93
HM04294,P0132,2026-06-17,99/66,119.0,98.4,77
HM04295,P0418,2026-03-13,102/93,60.0,96.9,76
HM04296,P0410,2026-01-23,99/94,73.8,99.6,90
HM04297,P0543,2026-04-29,149/102,117.8,97.3,76
HM04298,P0959,2026-07-01,113/71,120.3,97.9,68
HM04299,P0638,2026-04-20,120/86,148.5,96.8,74
HM04300,P0708,2026-05-20,122/65,110.8,98.3,84
HM04301,P0900,2026-05-13,126/69,185.4,98.9,84
HM04302,P0039,2026-09-01,145/82,160.0,98.3,78
HM04303,P0147,2026-09-04,137/98,167.9,98.7,84
HM04304,P0603,2026-05-11,138/91,160.5,98.0,93
HM04305,P0431,2026-05-30,131/87,163.4,98.9,88
HM04306,P0626,2026-06-24,117/97,139.3,98.3,91
HM04307,P0253,2026-04-07,176/65,86.9,100.6,83
HM04308,P0064,2026-01-25,128/78,157.3,100.6,70
HM04309,P0332,2026-01-11,123/75,140.7,99.3,97
HM04310,P0447,2026-03-20,140/110,94.9,97.4,95
HM04311,P0404,2026-03-01,127/63,103.9,98.4,70
HM04312,P0410,2026-05-01,104/77,77.7,98.8,54
HM04313,P0358,2026-05-07,126/86,111.8,99.2,61
HM04314,P0132,2026-04-05,110/76,139.9,98.4,103
HM04315,P0509,2026-09-09,108/63,177.6,96.9,86
HM04316,P0966,2026-09-13,105/55,101.9,99.0,63
HM04317,P0470,2026-06-15,136/89,70.5,98.0,96
HM04318,P0480,2026-07-27,138/76,129.5,97.6,91
HM04319,P0751,2026-04-24,147/81,123.1,97.3,61
HM04320,P0396,2026-01-04,117/78,152.2,99.0,80
HM04321,P0070,2026-09-23,148/68,152.7,97.5,92
HM04322,P0495,2026-03-11,124/56,140.6,98.9,72
HM04323,P0708,2026-09-26,117/78,60.0,96.1,93
HM04324,P0096,2026-03-19,108/102,163.0,99.6,70
HM04325,P0602,2026-07-30,92/66,99.4,96.1,72
HM04326,P0106,2026-05-01,120/64,78.6,98.0,82
HM04327,P0920,2026-06-21,107/83,119.8,98.2,70
HM04328,P0478,2026-07-17,98/100,137.1,99.1,76
HM04329,P0287,2026-01-05,121/85,60.0,97.2,68
HM04330,P0877,2026-01-15,115/69,126.6,98.3,94
HM04331,P0410,2026-05-01,174/64,120.2,98.3,77
HM04332,P0838,2026-04-26,103/68,123.4,97.3,79
HM04333,P0374,2026-07-10,120/81,81.6,98.3,67
HM04334,P0464,2026-07-06,128/96,124.1,98.5,87
HM04335,P0010,2026-04-28,96/100,78.1,99.0,86
HM04336,P0790,2026-06-04,106/92,132.4,99.9,80
HM04337,P0289,2026-03-02,122/73,60.0,97.9,74
HM04338,P0187,2026-08-09,130/62,106.6,98.7,86
HM04339,P0976,2026-02-14,90/88,106.4,98.0,49
HM04340,P0931,2026-01-26,154/82,61.4,98.5,82
HM04341,P0152,2026-07-09,149/76,115.4,97.6,85
HM04342,P0860,2026-05-21,109/69,112.6,97.1,97
HM04343,P0551,2026-09-26,163/74,66.5,98.5,72
HM04344,P0375,2026-08-27,148/70,134.1,98.3,69
HM04345,P0808,2026-06-15,129/90,118.0,98.3,67
HM04346,P0155,2026-03-13,147/92,100.6,98.1,94
HM04347,P0464,2026-02-13,102/87,95.4,99.8,78
HM04348,P0548,2026-06-28,150/70,71.3,98.0,81
HM04349,P0832,2026-02-28,114/89,107.7,96.3,84
HM04350,P0707,2026-09-26,107/75,169.4,99.8,71
HM04351,P0398,2026-02-19,136/73,105.0,97.7,57
HM04352,P0605,2026-07-11,126/83,91.5,99.2,72
HM04353,P0871,2026-09-09,112/86,61.0,99.0,73
HM04354,P1000,2026-02-26,144/95,137.4,97.5,62
HM04355,P0974,2026-05-14,96/93,110.3,97.7,76
HM04356,P0117,2026-06-06,146/89,130.3,98.8,80
HM04357,P0477,2026-05-13,131/82,115.0,98.9,82
HM04358,P0324,2026-05-07,107/86,123.7,98.8,76
HM04359,P0309,2026-04-27,141/79,140.3,97.8,73
HM04360,P0973,2026-02-18,137/76,192.2,98.7,78
HM04361,P0133,2026-04-11,141/74,147.3,99.0,93
HM04362,P0017,2026-03-12,116/65,93.6,97.9,98
HM04363,P0995,2026-03-15,168/84,115.3,97.9,87
HM04364,P0112,2026-07-08,168/101,154.8,99.2,87
HM04365,P0986,2026-02-28,124/71,114.3,98.6,60
HM04366,P0905,2026-08-23,121/70,150.5,97.7,81
HM04367,P0984,2026-06-28,110/99,60.0,98.6,62
HM04368,P0935,2026-03-01,114/82,123.9,98.4,79
HM04369,P0248,2026-07-09,112/78,116.1,98.4,77
HM04370,P0597,2026-03-11,139/81,122.0,97.9,65
HM04371,P0671,2026-06-05,128/94,130.5,97.5,87
HM04372,P0415,2026-02-23,118/88,102.1,98.5,71
HM04373,P0931,2026-03-19,115/61,132.9,98.5,83
HM04374,P0996,2026-01-30,130/70,148.8,99.1,68
HM04375,P0593,2026-06-15,135/90,98.5,97.9,84
HM04376,P0999,2026-03-06,94/66,80.4,96.6,91
HM04377,P0025,2026-06-18,90/84,143.4,97.9,69
HM04378,P0603,2026-02-16,129/80,150.1,96.0,66
HM04379,P0657,2026-08-19,136/80,141.3,98.4,76
HM04380,P0513,2026-05-27,118/107,168.7,98.6,78
HM04381,P0182,2026-05-09,135/89,129.7,97.5,99
HM04382,P0516,2026-09-08,129/104,121.6,98.0,94
HM04383,P0593,2026-08-10,131/81,73.0,98.8,72
HM04384,P0927,2026-06-11,116/74,130.4,96.8,75
HM04385,P0331,2026-07-11,144/65,121.1,97.6,73
HM04386,P0576,2026-06-01,158/60,141.8,97.8,71
HM04387,P0961,2026-09-09,102/89,108.3,97.9,79
HM04388,P0121,2026-05-01,121/55,97.8,99.0,59
HM04389,P0256,2026-07-19,103/74,89.6,98.2,64
HM04390,P0114,2026-04-24,117/79,137.7,99.3,74
HM04391,P0640,2026-02-16,162/77,144.0,99.9,79
HM04392,P0068,2026-07-04,97/81,93.6,98.0,101
HM04393,P0379,2026-09-01,100/83,84.3,97.9,86
HM04394,P0949,2026-07-14,131/77,92.3,98.5,98
HM04395,P0220,2026-01-05,106/102,157.0,99.4,81
HM04396,P0393,2026-06-22,148/67,91.6,98.9,81
HM04397,P0820,2026-08-26,122/55,99.8,97.1,83
HM04398,P0011,2026-04-18,121/72,207.5,99.1,90
HM04399,P0191,2026-08-08,169/89,88.0,97.4,89
HM04400,P0094,2026-09-15,90/79,60.0,98.3,88
HM04401,P0610,2026-01-22,130/91,183.8,98.1,111
HM04402,P0407,2026-08-16,129/91,93.6,99.7,90
HM04403,P0239,2026-09-16,154/80,71.1,98.6,57
HM04404,P0643,2026-07-14,118/82,198.2,98.5,79
HM04405,P0919,2026-07-17,123/63,118.0,98.3,66
HM04406,P0596,2026-04-24,101/74,117.3,97.8,65
HM04407,P0185,2026-07-30,130/86,119.2,97.7,85
HM04408,P0613,2026-03-08,121/65,151.3,98.5,76
HM04409,P0770,2026-09-27,93/71,185.6,96.8,74
HM04410,P0031,2026-09-12,124/83,62.6,98.4,57
HM04411,P0147,2026-03-29,126/72,84.7,99.0,75
HM04412,P0146,2026-02-28,134/86,159.4,97.1,89
HM04413,P0896,2026-03-23,125/75,74.8,98.7,66
HM04414,P0979,2026-05-25,135/103,149.3,99.5,69
HM04415,P0725,2026-09-23,140/66,106.8,99.8,70
HM04416,P0616,2026-05-31,147/92,152.6,97.1,84
HM04417,P0310,2026-01-22,121/93,60.0,98.5,80
HM04418,P0384,2026-04-27,90/69,60.0,97.5,84
HM04419,P0921,2026-06-22,128/82,78.6,99.2,77
HM04420,P0952,2026-05-05,125/91,80.3,98.4,83
HM04421,P0694,2026-08-05,114/87,131.7,98.1,76
HM04422,P0053,2026-05-09,135/89,117.2,99.2,85
HM04423,P0671,2026-09-20,90/63,156.4,98.0,79
HM04424,P0976,2026-06-20,147/79,116.3,97.4,82
HM04425,P0815,2026-06-26,136/73,82.7,100.6,76
HM04426,P0867,2026-07-29,111/88,113.2,97.2,83
HM04427,P0497,2026-05-07,107/98,132.3,98.0,79
HM04428,P0614,2026-07-05,143/82,189.3,99.2,83
HM04429,P0231,2026-08-20,106/78,131.8,97.5,93
HM04430,P0274,2026-07-14,105/72,95.3,98.9,68
HM04431,P0259,2026-05-16,90/93,99.4,97.2,68
HM04432,P0066,2026-02-04,159/72,110.7,97.8,63
HM04433,P0199,2026-04-08,110/64,148.5,98.3,107
HM04434,P0626,2026-08-16,110/69,168.7,99.2,82
HM04435,P0202,2026-08-12,102/100,112.5,97.8,91
HM04436,P0595,2026-02-06,124/66,116.4,97.5,45
HM04437,P0107,2026-08-25,107/73,74.6,98.7,68
HM04438,P0643,2026-07-10,134/65,146.8,97.1,49
HM04439,P0378,2026-08-27,149/69,176.5,98.7,87
HM04440,P0699,2026-05-15,145/81,119.3,99.4,79
HM04441,P0131,2026-02-04,110/87,60.0,99.4,94
HM04442,P0465,2026-04-24,148/93,112.1,98.1,63
HM04443,P0649,2026-01-18,159/74,126.9,98.4,61
HM04444,P0798,2026-01-01,90/80,99.1,98.1,90
HM04445,P0429,2026-09-26,129/89,130.6,97.9,65
HM04446,P0424,2026-05-25,130/81,147.0,98.1,74
HM04447,P0036,2026-05-06,120/68,165.6,99.2,63
HM04448,P0334,2026-08-02,141/57,149.5,97.6,82
HM04449,P0716,2026-04-16,90/65,131.4,97.6,67
HM04450,P0046,2026-09-03,152/106,147.8,97.2,99
HM04451,P0507,2026-04-07,93/76,116.9,99.9,88
HM04452,P0834,2026-03-18,115/68,150.1,97.7,80
HM04453,P0932,2026-06-07,97/86,132.1,97.1,90
HM04454,P0780,2026-08-14,136/88,101.7,98.4,78
HM04455,P0934,2026-07-27,122/82,159.0,99.2,63
HM04456,P0383,2026-03-23,144/94,109.7,98.7,83
HM04457,P0734,2026-06-13,108/75,141.3,97.8,89
HM04458,P0194,2026-09-17,151/93,184.3,98.1,80
HM04459,P0871,2026-08-06,131/79,134.0,96.7,80
HM04460,P0920,2026-04-10,97/68,140.7,98.0,86
HM04461,P0859,2026-01-09,120/93,106.6,96.4,80
HM04462,P0423,2026-04-20,90/62,84.1,97.3,71
HM04463,P0807,2026-02-12,104/63,169.0,97.6,51
HM04464,P0378,2026-04-28,117/66,84.0,98.8,72
HM04465,P0648,2026-03-08,101/85,155.2,98.7,48
HM04466,P0645,2026-03-02,102/80,106.4,97.9,66
HM04467,P0026,2026-02-23,96/104,115.9,98.8,78
HM04468,P0627,2026-08-24,125/79,75.8,96.8,82
HM04469,P0256,2026-08-27,128/91,140.7,97.5,91
HM04470,P0592,2026-02-28,140/88,193.7,100.0,86
HM04471,P0384,2026-08-24,136/92,94.6,97.7,86
HM04472,P0801,2026-05-28,107/87,120.5,97.4,78
HM04473,P0826,2026-09-25,151/80,118.0,98.5,83
HM04474,P0712,2026-03-15,118/84,78.3,97.5,69
HM04475,P0330,2026-05-02,134/81,110.3,98.8,82
HM04476,P0844,2026-07-24,119/67,86.3,96.9,79
HM04477,P0942,2026-04-15,107/74,110.5,99.1,89
HM04478,P0178,2026-01-07,123/95,60.0,99.9,86
HM04479,P0382,2026-03-19,127/69,99.7,98.7,85
HM04480,P0355,2026-08-15,138/71,82.5,98.4,87
HM04481,P0153,2026-03-29,125/97,116.2,98.2,86
HM04482,P0204,2026-09-17,149/63,75.9,97.9,115
HM04483,P0321,2026-03-01,119/78,136.6,99.1,80
HM04484,P0791,2026-05-08,148/65,88.2,99.2,78
HM04485,P0991,2026-03-17,99/64,86.6,98.2,83
HM04486,P0551,2026-06-09,118/84,99.7,99.3,108
HM04487,P0848,2026-05-04,117/85,128.9,98.3,85
HM04488,P0824,2026-04-24,134/74,161.1,98.4,73
HM04489,P0455,2026-07-13,173/78,123.9,98.4,76
HM04490,P0130,2026-09-15,133/69,135.9,96.6,62
HM04491,P0501,2026-08-25,161/64,60.0,97.1,98
HM04492,P0719,2026-02-27,90/68,64.0,98.0,72
HM04493,P0174,2026-09-03,115/102,73.0,98.1,82
HM04494,P0670,2026-09-13,105/85,101.0,98.5,76
HM04495,P0796,2026-03-16,90/95,187.5,98.0,67
HM04496,P0972,2026-04-12,155/102,109.1,98.0,77
HM04497,P0157,2026-04-11,91/76,175.0,98.0,65
HM04498,P0179,2026-02-23,134/71,112.7,97.1,65
HM04499,P0975,2026-07-15,139/81,87.8,98.3,70
HM04500,P0764,2026-09-05,109/93,142.4,98.2,79
HM04501,P0553,2026-09-08,124/85,87.0,99.0,82
HM04502,P0771,2026-08-28,119/74,144.4,98.1,69
HM04503,P0413,2026-01-27,117/89,60.0,97.9,90
HM04504,P0171,2026-02-03,121/83,153.0,99.0,72
HM04505,P0676,2026-01-06,122/90,147.9,98.1,77
HM04506,P0499,2026-05-18,130/96,152.4,98.8,65
HM04507,P0941,2026-06-12,119/77,164.6,98.0,93
HM04508,P0296,2026-02-18,113/74,131.9,99.6,75
HM04509,P0298,2026-05-07,90/61,125.4,96.9,67
HM04510,P0913,2026-07-10,125/55,101.7,97.2,60
HM04511,P0872,2026-03-05,108/67,131.4,99.3,73
HM04512,P0713,2026-08-15,113/75,76.2,97.0,58
HM04513,P0710,2026-05-31,98/99,90.8,96.0,70
HM04514,P0442,2026-04-21,93/80,113.3,98.3,77
HM04515,P0707,2026-09-04,117/62,112.4,99.1,99
HM04516,P0136,2026-01-13,120/78,132.5,99.5,72
HM04517,P0940,2026-03-27,138/70,126.5,99.1,62
HM04518,P0700,2026-02-01,114/91,136.6,99.1,88
HM04519,P0668,2026-02-11,118/106,119.8,96.0,74
HM04520,P0415,2026-07-06,115/89,99.2,99.2,84
HM04521,P0517,2026-04-02,104/78,87.9,98.4,68
HM04522,P0857,2026-07-15,126/76,109.7,100.0,73
HM04523,P0080,2026-01-08,90/92,150.3,96.4,69
HM04524,P0333,2026-07-25,133/86,114.8,98.2,66
HM04525,P0401,2026-03-20,90/104,81.1,98.4,76
HM04526,P0804,2026-05-06,142/81,120.4,96.0,67
HM04527,P0027,2026-08-18,139/87,81.7,96.8,79
HM04528,P0220,2026-04-28,90/66,176.6,99.5,83
HM04529,P0529,2026-05-14,131/56,89.1,97.9,69
HM04530,P0476,2026-07-09,117/95,96.0,97.9,86
HM04531,P0537,2026-05-15,96/69,89.2,98.3,73
HM04532,P0644,2026-01-24,118/72,77.5,98.7,73
HM04533,P0431,2026-02-10,137/66,91.7,98.0,76
HM04534,P0872,2026-03-07,140/74,141.1,98.5,76
HM04535,P0361,2026-03-13,105/89,82.6,98.2,77
HM04536,P0567,2026-03-22,120/75,86.2,96.7,94
HM04537,P0696,2026-03-06,115/78,110.3,99.2,101
HM04538,P0963,2026-06-16,128/78,75.7,96.9,56
HM04539,P0795,2026-04-02,109/55,152.8,98.6,74
HM04540,P0524,2026-03-20,147/67,86.3,96.5,87
HM04541,P0981,2026-03-03,108/80,150.1,99.4,77
HM04542,P0336,2026-02-27,132/69,173.9,98.1,78
HM04543,P0807,2026-04-08,116/94,122.0,98.9,82
HM04544,P0944,2026-02-22,120/91,127.1,97.3,66
HM04545,P0804,2026-01-19,127/90,172.4,96.6,78
HM04546,P0839,2026-05-14,134/83,150.3,98.8,66
HM04547,P0926,2026-06-08,104/83,149.7,98.3,59
HM04548,P0811,2026-03-20,104/88,102.8,98.3,90
HM04549,P0246,2026-06-30,100/75,96.7,98.5,87
HM04550,P0614,2026-04-23,95/79,145.4,96.5,77
HM04551,P0956,2026-02-23,100/72,60.0,99.5,73
HM04552,P0277,2026-09-21,108/83,78.5,97.2,96
HM04553,P0266,2026-01-19,161/72,152.4,98.5,61
HM04554,P0495,2026-06-20,106/98,65.1,100.3,71
HM04555,P0824,2026-01-17,156/76,143.0,99.5,94
HM04556,P0772,2026-04-14,113/69,112.2,97.0,80
HM04557,P0982,2026-05-15,108/92,95.0,96.6,94
HM04558,P0290,2026-08-10,128/80,153.3,99.0,68
HM04559,P0993,2026-08-20,116/66,63.7,98.7,82
HM04560,P0931,2026-03-27,140/95,142.1,99.0,53
HM04561,P0070,2026-04-01,118/91,74.1,98.3,84
HM04562,P0912,2026-06-04,133/84,136.0,98.4,60
HM04563,P0548,2026-09-28,135/83,64.3,99.4,84
HM04564,P0476,2026-01-01,97/70,95.3,97.7,81
HM04565,P0104,2026-09-12,105/93,151.6,98.8,78
HM04566,P0958,2026-02-22,143/76,89.6,99.3,81
HM04567,P0297,2026-04-09,111/74,89.2,100.0,78
HM04568,P0552,2026-06-26,128/88,72.5,99.2,70
HM04569,P0615,2026-09-12,161/76,151.3,96.0,63
HM04570,P0074,2026-06-30,119/55,136.0,98.5,66
HM04571,P0525,2026-07-15,124/89,60.0,97.1,73
HM04572,P0585,2026-06-06,125/79,146.1,98.6,86
HM04573,P0763,2026-05-29,97/81,104.3,99.5,80
HM04574,P0689,2026-03-01,111/90,134.7,97.5,73
HM04575,P0146,2026-01-11,118/94,122.1,98.9,72
HM04576,P0315,2026-04-14,131/95,102.4,98.3,61
HM04577,P0090,2026-01-10,109/75,77.9,99.4,67
HM04578,P0841,2026-05-05,140/82,116.1,99.5,50
HM04579,P0485,2026-07-10,121/67,60.0,97.1,78
HM04580,P0887,2026-09-24,110/90,107.5,97.9,74
HM04581,P0340,2026-07-04,123/74,85.2,99.1,70
HM04582,P0141,2026-05-01,117/85,126.2,97.4,87
HM04583,P0942,2026-08-27,135/82,99.9,97.8,75
HM04584,P0669,2026-04-14,100/79,146.2,99.0,73
HM04585,P0810,2026-07-20,146/102,103.9,98.8,50
HM04586,P0860,2026-03-01,99/81,79.8,100.0,85
HM04587,P0653,2026-01-28,144/79,79.9,97.7,81
HM04588,P0147,2026-05-24,112/88,139.9,98.2,56
HM04589,P0752,2026-03-13,159/77,209.8,98.8,75
HM04590,P0609,2026-01-01,133/55,150.9,100.5,52
HM04591,P0220,2026-09-07,119/78,145.6,100.1,82
HM04592,P0188,2026-04-26,167/82,130.8,98.5,92
HM04593,P0854,2026-04-03,116/89,71.9,97.9,70
HM04594,P0107,2026-01-22,126/76,154.6,97.4,57
HM04595,P0218,2026-02-17,97/91,81.1,98.6,74
HM04596,P0774,2026-03-04,141/77,211.8,99.9,74
HM04597,P0756,2026-04-10,115/117,77.2,98.2,78
HM04598,P0941,2026-07-04,124/59,132.4,97.3,95
HM04599,P0373,2026-03-13,95/80,60.0,96.3,67
HM04600,P0672,2026-07-31,111/97,113.6,99.4,73
HM04601,P0370,2026-03-29,137/71,87.2,96.6,82
HM04602,P0362,2026-06-15,130/89,122.5,100.0,80
HM04603,P0064,2026-09-23,144/76,83.2,98.8,76
HM04604,P0455,2026-03-16,141/84,87.2,99.2,67
HM04605,P0505,2026-05-07,137/95,101.5,99.2,82
HM04606,P0613,2026-05-30,142/69,122.5,96.9,98
HM04607,P0071,2026-07-16,90/75,82.4,98.8,101
HM04608,P0950,2026-09-17,138/115,66.8,97.0,67
HM04609,P0846,2026-08-20,127/67,88.7,98.8,63
HM04610,P0209,2026-01-21,102/75,104.3,99.1,67
HM04611,P0830,2026-03-07,110/86,143.0,99.5,83
HM04612,P0081,2026-03-27,127/86,105.6,98.0,56
HM04613,P0994,2026-03-10,142/82,142.2,96.0,77
HM04614,P0596,2026-03-17,107/98,136.5,98.4,72
HM04615,P0179,2026-07-02,132/68,111.5,97.7,105
HM04616,P0756,2026-09-10,154/92,62.8,99.0,80
HM04617,P0361,2026-06-12,149/83,114.8,98.4,56
HM04618,P0379,2026-03-21,109/84,154.9,97.7,77
HM04619,P0113,2026-07-09,92/97,154.0,98.8,82
HM04620,P0910,2026-08-20,156/70,83.0,99.2,89
HM04621,P0531,2026-05-02,101/73,174.1,98.6,87
HM04622,P0571,2026-06-28,101/87,65.3,96.4,86
HM04623,P0323,2026-06-26,153/76,95.9,99.7,75
HM04624,P0003,2026-07-20,123/100,102.6,97.6,87
HM04625,P0224,2026-08-13,110/78,68.8,98.4,78
HM04626,P0817,2026-07-25,144/90,134.3,98.6,77
HM04627,P0455,2026-07-18,137/66,60.0,99.2,86
HM04628,P0633,2026-05-28,122/92,89.4,97.6,67
HM04629,P0067,2026-02-11,136/61,88.2,98.5,63
HM04630,P0880,2026-04-16,111/55,136.2,97.6,64
HM04631,P0611,2026-04-25,99/74,60.0,99.9,49
HM04632,P0832,2026-04-10,115/81,87.9,98.4,68
HM04633,P0529,2026-02-18,155/66,60.0,97.0,82
HM04634,P0700,2026-04-15,122/89,132.6,97.6,72
HM04635,P0542,2026-01-11,117/102,139.2,99.9,88
HM04636,P0191,2026-03-24,123/67,122.1,98.1,76
HM04637,P0010,2026-08-24,120/55,159.1,98.2,61
HM04638,P0826,2026-05-20,134/69,134.7,99.0,90
HM04639,P0803,2026-04-13,121/75,93.1,97.5,77
HM04640,P0154,2026-01-23,120/70,75.0,98.1,72
HM04641,P0019,2026-06-30,102/89,177.0,99.1,69
HM04642,P0247,2026-06-15,123/98,73.9,98.9,60
HM04643,P0088,2026-06-04,158/74,193.0,99.8,76
HM04644,P0615,2026-05-09,110/82,108.7,97.8,58
HM04645,P0172,2026-03-21,114/66,134.3,99.1,86
HM04646,P0927,2026-02-10,131/69,122.2,98.9,70
HM04647,P0120,2026-03-04,127/78,173.2,99.0,85
HM04648,P0155,2026-03-12,90/82,109.6,98.1,59
HM04649,P0031,2026-09-04,103/79,154.0,97.7,73
HM04650,P0787,2026-01-29,160/76,110.5,98.1,61
HM04651,P0483,2026-09-17,136/72,113.9,98.6,101
HM04652,P0213,2026-05-18,98/90,145.4,97.6,85
HM04653,P0827,2026-09-03,157/70,123.5,98.6,84
HM04654,P0231,2026-07-30,140/81,133.0,97.4,79
HM04655,P0887,2026-05-19,115/65,97.2,98.4,83
HM04656,P0421,2026-03-12,99/68,140.4,98.7,88
HM04657,P0359,2026-09-10,152/86,100.5,98.3,97
HM04658,P0402,2026-05-03,180/85,133.7,98.9,78
HM04659,P0701,2026-04-06,148/92,127.4,97.9,59
HM04660,P0131,2026-03-18,139/82,89.2,97.2,85
HM04661,P0831,2026-01-07,92/83,144.5,98.7,73
HM04662,P0451,2026-05-22,100/87,157.0,97.7,84
HM04663,P0057,2026-04-04,156/84,101.1,99.1,69
HM04664,P0667,2026-04-06,99/89,100.8,97.9,70
HM04665,P0285,2026-07-31,115/96,173.2,99.8,91
HM04666,P0357,2026-03-17,134/62,108.4,100.1,72
HM04667,P0422,2026-03-02,155/80,60.0,98.8,93
HM04668,P0216,2026-04-06,124/94,60.0,97.0,80
HM04669,P0270,2026-07-13,134/96,137.4,97.1,80
HM04670,P0581,2026-09-09,137/57,113.5,97.9,70
HM04671,P0710,2026-06-04,134/66,129.6,98.7,91
HM04672,P0556,2026-07-13,102/61,124.8,97.9,112
HM04673,P0993,2026-09-14,134/80,109.0,97.1,84
HM04674,P0824,2026-05-23,123/79,118.3,98.4,57
HM04675,P0858,2026-06-26,141/69,110.2,99.4,99
HM04676,P0259,2026-09-17,90/80,124.6,96.8,87
HM04677,P0950,2026-05-01,127/82,82.9,98.6,88
HM04678,P0562,2026-05-11,127/73,99.7,98.4,78
HM04679,P0577,2026-08-13,143/74,72.4,98.5,72
HM04680,P0815,2026-01-28,140/80,137.9,97.3,79
HM04681,P0014,2026-03-12,111/65,84.9,97.7,92
HM04682,P0363,2026-03-12,113/64,119.6,98.2,72
HM04683,P0443,2026-08-13,121/91,138.5,98.7,63
HM04684,P0329,2026-08-21,182/92,133.1,97.2,89
HM04685,P0242,2026-02-09,114/77,60.0,97.1,83
HM04686,P0200,2026-04-28,145/88,137.8,98.1,73
HM04687,P0343,2026-05-31,130/89,115.2,99.3,75
HM04688,P0754,2026-03-12,105/79,118.7,98.1,93
HM04689,P0950,2026-08-13,141/62,168.7,96.0,103
HM04690,P0945,2026-02-13,119/77,112.9,98.5,77
HM04691,P0860,2026-06-26,122/95,134.8,97.3,86
HM04692,P0134,2026-05-04,135/73,142.7,98.1,75
HM04693,P0932,2026-04-10,120/55,96.6,98.8,77
HM04694,P0432,2026-02-22,99/91,104.5,97.1,104
HM04695,P0610,2026-04-20,103/90,88.1,98.3,67
HM04696,P0425,2026-02-06,100/86,129.2,99.2,77
HM04697,P0300,2026-06-13,169/83,134.8,97.0,70
HM04698,P0836,2026-05-18,135/78,121.6,97.5,79
HM04699,P0657,2026-02-22,127/65,137.5,96.7,80
HM04700,P0135,2026-04-09,160/88,138.6,97.4,99
HM04701,P0283,2026-05-05,152/69,98.4,99.3,99
HM04702,P0251,2026-06-28,99/67,110.0,96.2,78
HM04703,P0673,2026-08-19,148/62,119.4,97.7,97
HM04704,P0962,2026-07-24,113/98,94.1,98.9,81
HM04705,P0080,2026-03-31,122/70,126.3,97.8,69
HM04706,P0177,2026-08-30,154/86,137.5,97.8,75
HM04707,P0758,2026-07-06,120/84,137.5,98.2,68
HM04708,P0070,2026-04-26,140/80,64.6,96.3,81
HM04709,P0796,2026-05-23,108/85,87.9,98.3,73
HM04710,P0326,2026-04-17,160/91,162.2,98.2,87
HM04711,P0729,2026-06-01,126/97,112.5,96.9,54
HM04712,P0831,2026-01-14,158/85,134.0,99.5,58
HM04713,P0304,2026-09-15,117/77,141.0,97.6,63
HM04714,P0155,2026-03-07,100/93,89.0,97.7,85
HM04715,P0800,2026-07-12,111/59,60.0,98.1,83
HM04716,P0079,2026-07-10,120/85,60.0,96.8,105
HM04717,P0371,2026-01-05,149/89,91.9,98.0,77
HM04718,P0585,2026-09-12,151/84,133.4,98.0,87
HM04719,P0406,2026-02-25,131/80,89.0,98.1,65
HM04720,P0898,2026-03-30,124/81,60.0,98.0,63
HM04721,P0767,2026-05-21,134/87,100.1,98.7,85
HM04722,P0938,2026-05-08,120/98,89.6,99.5,75
HM04723,P0891,2026-09-07,108/75,76.5,98.9,58
HM04724,P0225,2026-03-13,152/68,144.3,98.2,81
HM04725,P0113,2026-06-11,113/84,119.7,96.9,66
HM04726,P0489,2026-02-02,114/70,158.8,98.2,68
HM04727,P0420,2026-03-08,115/73,104.9,97.2,68
HM04728,P0128,2026-08-08,140/82,109.7,98.2,77
HM04729,P0580,2026-09-27,120/86,130.5,96.8,76
HM04730,P0238,2026-05-01,94/87,141.9,97.7,76
HM04731,P0866,2026-08-06,90/91,139.8,99.2,95
HM04732,P0813,2026-01-24,100/90,166.8,96.9,75
HM04733,P0528,2026-05-13,117/90,60.0,99.8,76
HM04734,P0710,2026-04-25,143/79,132.2,96.1,73
HM04735,P0108,2026-09-11,141/83,60.0,98.3,68
HM04736,P0727,2026-01-30,106/61,136.7,99.2,103
HM04737,P0239,2026-06-06,95/89,144.2,97.7,66
HM04738,P0394,2026-07-13,103/73,122.1,99.4,91
HM04739,P0328,2026-03-10,92/70,160.5,97.5,77
HM04740,P0955,2026-01-01,90/93,60.0,96.7,90
HM04741,P0189,2026-07-23,163/76,113.4,99.0,81
HM04742,P0754,2026-02-17,117/74,60.2,98.4,76
HM04743,P0483,2026-03-29,116/67,83.5,98.8,88
HM04744,P0706,2026-08-29,118/74,85.1,99.0,78
HM04745,P0202,2026-08-28,132/84,104.2,97.2,66
HM04746,P0103,2026-03-20,147/71,100.6,97.2,63
HM04747,P0708,2026-05-01,109/100,138.0,97.7,90
HM04748,P0918,2026-03-03,121/96,192.4,99.1,79
HM04749,P0711,2026-04-14,138/80,60.0,97.6,66
HM04750,P0034,2026-05-25,111/101,154.3,98.6,87
HM04751,P0250,2026-02-08,90/88,147.9,96.2,87
HM04752,P0731,2026-02-07,96/56,161.4,97.3,69
HM04753,P0994,2026-03-06,144/76,108.7,98.0,82
HM04754,P0162,2026-03-05,120/81,97.4,98.5,81
HM04755,P0930,2026-09-14,162/75,108.6,98.4,89
HM04756,P0321,2026-06-04,103/81,60.0,98.0,90
HM04757,P0437,2026-05-08,110/82,96.5,97.4,89
HM04758,P0452,2026-07-03,104/83,125.8,97.4,79
HM04759,P0832,2026-03-03,106/86,69.0,97.9,74
HM04760,P0334,2026-04-28,147/81,148.4,98.7,84
HM04761,P0483,2026-08-14,118/92,102.5,96.6,75
HM04762,P0473,2026-02-03,134/60,84.0,97.1,87
HM04763,P0919,2026-04-12,158/77,133.6,98.7,96
HM04764,P0938,2026-02-11,111/77,103.1,98.3,108
HM04765,P0401,2026-05-20,125/69,74.6,99.3,67
HM04766,P0038,2026-09-07,138/71,70.7,98.7,70
HM04767,P0731,2026-05-24,133/85,134.1,98.0,86
HM04768,P0308,2026-07-29,106/55,139.7,98.3,70
HM04769,P0758,2026-03-18,95/55,116.8,99.7,76
HM04770,P0729,2026-09-04,117/79,191.3,98.9,66
HM04771,P0006,2026-02-11,125/83,78.0,98.9,68
HM04772,P0648,2026-03-15,94/80,112.1,98.2,68
HM04773,P0440,2026-01-20,112/93,130.4,97.3,54
HM04774,P0409,2026-02-24,106/81,92.9,97.6,70
HM04775,P0245,2026-04-26,123/89,115.0,98.3,75
HM04776,P0404,2026-07-07,115/90,141.0,100.0,85
HM04777,P0668,2026-07-02,115/69,148.4,97.5,87
HM04778,P0042,2026-09-05,109/84,77.9,98.9,63
HM04779,P0364,2026-02-02,130/77,118.6,97.8,72
HM04780,P0676,2026-08-01,128/67,79.7,97.9,73
HM04781,P0767,2026-01-27,104/91,103.3,98.0,62
HM04782,P0862,2026-05-31,166/109,87.7,99.3,76
HM04783,P0987,2026-04-27,157/84,118.5,96.0,67
HM04784,P0395,2026-03-17,125/82,72.5,97.5,84
HM04785,P0324,2026-04-22,97/81,158.3,98.5,82
HM04786,P0815,2026-04-02,90/70,186.9,97.7,93
HM04787,P0519,2026-04-16,112/76,133.0,98.3,82
HM04788,P0150,2026-07-10,108/66,84.0,97.7,75
HM04789,P0467,2026-01-29,145/81,132.0,98.3,64
HM04790,P0148,2026-04-12,125/81,141.6,97.2,53
HM04791,P0836,2026-08-06,128/84,108.7,98.2,88
HM04792,P0605,2026-03-28,115/76,117.8,97.1,76
HM04793,P0198,2026-06-15,123/99,104.6,98.4,89
HM04794,P0603,2026-02-10,108/96,176.7,98.2,71
HM04795,P0421,2026-08-28,157/89,117.9,99.5,93
HM04796,P0155,2026-09-20,118/82,135.2,98.2,61
HM04797,P0599,2026-09-23,106/63,132.3,97.1,80
HM04798,P0346,2026-08-24,161/97,60.0,97.0,68
HM04799,P0757,2026-07-03,101/60,114.6,98.8,89
HM04800,P0861,2026-07-12,115/76,127.4,98.1,87
HM04801,P0129,2026-03-16,133/75,60.0,99.5,69
HM04802,P0494,2026-03-13,132/57,114.6,98.3,79
HM04803,P0126,2026-02-05,185/72,143.7,98.7,69
HM04804,P0071,2026-04-29,141/78,145.6,100.0,79
HM04805,P0065,2026-05-14,119/92,163.9,97.4,72
HM04806,P0312,2026-09-27,138/78,81.6,98.7,86
HM04807,P0721,2026-01-23,118/80,94.8,97.2,72
HM04808,P0276,2026-03-27,126/62,100.2,98.3,92
HM04809,P0412,2026-04-29,118/65,107.7,97.7,84
HM04810,P0282,2026-02-09,118/55,244.2,98.3,79
HM04811,P0310,2026-03-09,94/62,111.8,98.5,86
HM04812,P0102,2026-02-24,129/65,60.0,98.1,71
HM04813,P0866,2026-05-08,99/89,60.0,98.8,61
HM04814,P0279,2026-09-14,127/91,103.2,99.7,101
HM04815,P0231,2026-05-01,129/86,152.1,98.7,83
HM04816,P0616,2026-05-22,114/59,66.3,100.3,81
HM04817,P0792,2026-07-16,120/95,88.8,98.7,78
HM04818,P0946,2026-02-19,134/75,81.2,97.5,68
HM04819,P0665,2026-02-06,124/61,71.3,98.3,76
HM04820,P0862,2026-03-08,128/79,203.2,98.3,73
HM04821,P0546,2026-02-07,127/92,113.3,98.8,82
HM04822,P0676,2026-07-21,119/81,171.0,98.4,66
HM04823,P0319,2026-09-23,118/55,119.8,99.4,61
HM04824,P0078,2026-04-06,127/91,153.2,99.4,55
HM04825,P0003,2026-01-30,135/61,80.1,98.9,79
HM04826,P0001,2026-04-10,139/68,166.6,98.8,88
HM04827,P0222,2026-04-26,103/94,103.9,97.6,85
HM04828,P0698,2026-03-16,136/69,187.0,99.8,85
HM04829,P0041,2026-07-27,133/83,60.8,98.3,79
HM04830,P0047,2026-09-01,113/76,60.0,97.2,89
HM04831,P0813,2026-06-20,159/68,121.4,99.2,71
HM04832,P0841,2026-03-31,138/79,156.7,97.0,64
HM04833,P0225,2026-04-27,130/81,113.0,98.7,66
HM04834,P0120,2026-06-06,97/73,101.4,97.9,93
HM04835,P0045,2026-09-20,140/86,122.8,97.8,67
HM04836,P0137,2026-01-28,101/71,113.5,97.2,80
HM04837,P0079,2026-09-17,121/75,155.7,96.0,73
HM04838,P0684,2026-02-27,90/82,141.7,97.0,63
HM04839,P0804,2026-05-25,91/80,103.1,97.9,73
HM04840,P0872,2026-07-26,105/93,124.5,97.1,69
HM04841,P0675,2026-07-18,107/96,139.9,98.1,98
HM04842,P0705,2026-06-16,154/77,100.6,97.9,66
HM04843,P0301,2026-09-25,159/67,145.4,98.8,74
HM04844,P0089,2026-09-07,161/61,112.2,97.8,89
HM04845,P0648,2026-07-09,132/59,158.4,98.6,65
HM04846,P0591,2026-04-22,118/64,109.0,98.3,73
HM04847,P0534,2026-06-15,115/60,126.8,96.5,78
HM04848,P0767,2026-02-21,90/80,114.8,98.6,88
HM04849,P0435,2026-03-31,145/60,113.0,100.0,79
HM04850,P0528,2026-07-14,108/79,101.6,97.1,88
HM04851,P0117,2026-06-18,136/63,111.7,97.7,58
HM04852,P0955,2026-02-24,96/64,113.0,97.8,66
HM04853,P0092,2026-03-14,117/88,127.5,99.1,75
HM04854,P0731,2026-03-26,157/84,97.9,98.3,63
HM04855,P0359,2026-02-22,118/85,136.4,97.8,110
HM04856,P0037,2026-06-18,121/59,157.5,98.7,80
HM04857,P0384,2026-06-19,115/84,171.7,98.4,60
HM04858,P0523,2026-09-08,90/84,80.5,98.1,68
HM04859,P0560,2026-05-03,107/70,91.4,98.9,84
HM04860,P0230,2026-07-03,100/67,128.3,99.1,90
HM04861,P0844,2026-03-24,104/91,60.0,98.0,83
HM04862,P0538,2026-01-04,90/105,161.4,98.8,66
HM04863,P0275,2026-07-12,123/89,75.7,98.0,88
HM04864,P0376,2026-08-24,95/83,60.0,97.4,71
HM04865,P0367,2026-03-20,135/71,119.4,97.6,71
HM04866,P0118,2026-08-30,150/66,141.6,98.2,71
HM04867,P0216,2026-05-18,100/66,89.1,98.1,85
HM04868,P0125,2026-05-06,118/77,112.1,98.6,85
HM04869,P0125,2026-08-13,97/76,158.0,97.0,78
HM04870,P0384,2026-03-25,121/73,170.7,98.2,96
HM04871,P0633,2026-01-28,125/85,94.8,97.7,82
HM04872,P0444,2026-08-29,133/87,128.2,97.0,68
HM04873,P0561,2026-09-12,141/56,125.2,98.1,88
HM04874,P0766,2026-01-13,133/72,90.2,97.7,84
HM04875,P0115,2026-09-25,90/81,84.1,98.4,82
HM04876,P0093,2026-09-08,91/77,120.4,98.3,76
HM04877,P0775,2026-07-10,100/67,66.8,98.7,76
HM04878,P0865,2026-04-12,123/59,113.8,98.8,55
HM04879,P0041,2026-01-09,114/61,100.3,97.4,82
HM04880,P0774,2026-09-28,128/95,113.1,98.5,71
HM04881,P0078,2026-06-05,102/90,158.5,98.8,79
HM04882,P0698,2026-07-26,105/93,135.3,100.0,64
HM04883,P0966,2026-04-16,142/86,103.0,99.4,82
HM04884,P0409,2026-07-11,106/78,81.8,97.8,86
HM04885,P0345,2026-07-10,144/82,88.7,98.5,86
HM04886,P0035,2026-08-26,90/81,108.3,99.1,82
HM04887,P0149,2026-06-04,134/74,115.1,99.0,77
HM04888,P0398,2026-08-01,128/61,112.6,96.4,71
HM04889,P0220,2026-05-08,126/89,80.0,98.5,95
HM04890,P0536,2026-04-14,112/61,125.1,97.1,68
HM04891,P0441,2026-05-08,143/102,80.0,97.5,72
HM04892,P0238,2026-05-01,114/103,96.4,97.9,97
HM04893,P0320,2026-05-17,136/91,83.3,97.7,65
HM04894,P0999,2026-04-19,141/94,94.0,97.9,74
HM04895,P0953,2026-06-28,94/71,142.1,97.4,79
HM04896,P0897,2026-06-06,98/78,95.3,97.1,87
HM04897,P0689,2026-04-11,141/68,107.4,98.2,56
HM04898,P0576,2026-05-07,97/95,77.7,99.3,61
HM04899,P0790,2026-05-16,138/76,109.0,99.9,62
HM04900,P0866,2026-06-06,136/86,232.4,97.2,70
HM04901,P0850,2026-03-19,141/77,98.8,99.1,74
HM04902,P0706,2026-04-18,107/88,128.1,97.9,73
HM04903,P0371,2026-08-12,106/88,102.4,97.5,62
HM04904,P0858,2026-07-05,132/73,60.0,97.1,75
HM04905,P0428,2026-03-24,120/77,101.6,96.9,67
HM04906,P0349,2026-06-07,148/92,135.2,98.6,88
HM04907,P0837,2026-04-19,102/80,75.8,97.2,82
HM04908,P0281,2026-01-17,143/77,172.7,98.4,68
HM04909,P0047,2026-01-03,103/92,119.5,98.8,46
HM04910,P0399,2026-09-14,129/73,66.2,98.1,91
HM04911,P0130,2026-06-06,170/82,90.2,97.5,89
HM04912,P0660,2026-01-20,105/87,125.3,98.4,59
HM04913,P0334,2026-02-16,117/62,94.4,99.0,92
HM04914,P0185,2026-06-25,129/73,170.6,97.7,64
HM04915,P0744,2026-09-16,138/85,96.0,98.3,83
HM04916,P0080,2026-01-26,129/85,97.3,98.7,78
HM04917,P0483,2026-01-29,115/77,111.6,96.9,70
HM04918,P0416,2026-03-09,126/63,93.3,100.3,64
HM04919,P0462,2026-06-17,117/69,110.9,97.5,75
HM04920,P0746,2026-04-06,110/92,117.9,97.3,88
HM04921,P0285,2026-05-10,105/61,114.9,99.9,56
HM04922,P0754,2026-01-16,98/89,92.5,98.8,67
HM04923,P0810,2026-01-01,127/100,73.2,99.1,86
HM04924,P0499,2026-09-08,95/86,117.5,98.3,82
HM04925,P0907,2026-02-22,117/80,123.5,98.9,59
HM04926,P0161,2026-02-09,150/66,141.7,98.3,62
HM04927,P0383,2026-04-13,135/68,152.4,97.6,60
HM04928,P0293,2026-03-23,155/82,145.4,97.4,55
HM04929,P0848,2026-02-15,158/79,132.2,98.8,73
HM04930,P0341,2026-02-09,129/99,113.9,99.0,54
HM04931,P0602,2026-08-05,147/61,150.3,98.6,76
HM04932,P0189,2026-05-26,123/76,86.3,98.0,104
HM04933,P0304,2026-07-26,151/69,124.4,98.3,76
HM04934,P0145,2026-07-20,104/85,144.6,97.4,101
HM04935,P0873,2026-03-14,155/86,71.9,98.6,81
HM04936,P0512,2026-09-04,135/99,108.8,100.0,82
HM04937,P0854,2026-05-20,119/108,144.0,97.8,79
HM04938,P0569,2026-05-24,137/78,119.7,97.5,57
HM04939,P0253,2026-06-28,127/81,133.4,97.7,61
HM04940,P0001,2026-03-01,105/92,91.7,97.8,74
HM04941,P0179,2026-08-06,112/71,84.5,99.5,86
HM04942,P0967,2026-02-22,149/97,60.0,98.5,70
HM04943,P0644,2026-02-02,147/71,78.1,96.9,74
HM04944,P0687,2026-02-14,143/83,72.9,100.1,85
HM04945,P0016,2026-08-10,140/95,60.0,97.4,87
HM04946,P0534,2026-01-15,108/76,112.3,97.1,73
HM04947,P0789,2026-08-02,143/88,154.0,99.1,82
HM04948,P0470,2026-04-21,131/83,93.1,97.3,69
HM04949,P0778,2026-04-02,118/72,129.5,98.4,81
HM04950,P0541,2026-02-03,132/94,114.7,99.1,84
HM04951,P0694,2026-04-13,147/99,135.2,98.3,79
HM04952,P0399,2026-04-10,115/73,146.6,97.3,97
HM04953,P0842,2026-01-17,121/114,90.7,98.4,73
HM04954,P0899,2026-07-14,109/92,76.3,97.6,85
HM04955,P0853,2026-01-02,139/63,135.4,98.3,66
HM04956,P0225,2026-08-11,109/55,175.1,99.1,62
HM04957,P0295,2026-04-25,140/73,147.0,97.8,73
HM04958,P0833,2026-07-31,119/72,164.0,99.0,79
HM04959,P0718,2026-07-30,145/60,72.0,98.6,86
HM04960,P0554,2026-06-30,130/57,77.8,98.6,107
HM04961,P0697,2026-07-25,149/98,126.9,98.5,65
HM04962,P0158,2026-03-11,144/79,139.2,98.2,81
HM04963,P0685,2026-01-22,123/82,150.0,97.1,60
HM04964,P0887,2026-09-14,133/97,174.2,97.1,73
HM04965,P0696,2026-03-24,95/73,154.3,98.2,73
HM04966,P0035,2026-06-27,135/70,170.8,98.2,73
HM04967,P0358,2026-08-21,136/91,170.9,98.0,91
HM04968,P0587,2026-05-28,127/72,87.8,97.2,69
HM04969,P0786,2026-08-08,147/88,71.6,96.6,64
HM04970,P0517,2026-08-05,109/76,156.1,97.7,98
HM04971,P0002,2026-05-11,91/75,142.5,99.0,73
HM04972,P0365,2026-08-02,145/89,91.1,98.5,86
HM04973,P0450,2026-04-06,112/100,85.8,98.3,63
HM04974,P0895,2026-04-06,127/67,104.7,96.8,87
HM04975,P0997,2026-03-15,132/93,102.8,99.2,78
HM04976,P0793,2026-06-04,127/105,98.0,99.3,83
HM04977,P0773,2026-09-12,113/64,78.8,99.2,98
HM04978,P0514,2026-07-03,126/81,142.2,98.3,91
HM04979,P0968,2026-04-04,130/81,90.5,97.3,45
HM04980,P0301,2026-09-20,149/78,101.0,96.4,70
HM04981,P0007,2026-01-28,109/70,126.6,98.3,61
HM04982,P0126,2026-02-07,99/64,178.4,99.5,67
HM04983,P0929,2026-06-24,90/81,116.6,98.5,86
HM04984,P0127,2026-01-08,134/66,125.3,99.0,69
HM04985,P0177,2026-04-17,130/73,184.9,97.0,91
HM04986,P0410,2026-07-19,91/101,75.0,98.4,58
HM04987,P0753,2026-02-24,98/90,151.0,98.4,86
HM04988,P0322,2026-05-16,145/71,66.0,98.2,71
HM04989,P0043,2026-01-28,132/86,91.1,98.8,85
HM04990,P0502,2026-07-26,139/75,142.3,98.7,85
HM04991,P0871,2026-01-28,158/83,93.8,97.2,91
HM04992,P0106,2026-04-11,132/100,60.0,99.0,74
HM04993,P0692,2026-03-01,117/70,146.5,98.8,64
HM04994,P0153,2026-06-02,128/88,121.2,99.2,74
HM04995,P0509,2026-08-22,90/82,121.3,98.5,91
HM04996,P0382,2026-04-19,90/77,82.7,97.1,77
HM04997,P0931,2026-04-21,139/83,90.9,98.1,89
HM04998,P0505,2026-06-21,138/73,93.4,96.7,72
HM04999,P0552,2026-03-21,90/104,85.1,99.2,99
HM05000,P0931,2026-09-06,129/78,68.7,97.7,97
HM05001,P0649,2026-08-02,132/80,160.9,98.8,76
HM05002,P0012,2026-03-18,129/70,95.4,98.0,84
HM05003,P0181,2026-05-28,100/80,101.4,97.4,73
HM05004,P0028,2026-07-09,90/70,76.5,97.9,50
HM05005,P0541,2026-04-28,128/90,110.9,98.6,71
HM05006,P0172,2026-03-02,93/80,138.8,97.0,72
HM05007,P0334,2026-04-05,120/114,122.8,96.5,52
HM05008,P0850,2026-09-15,139/109,105.2,97.9,83
HM05009,P0307,2026-06-15,109/55,151.3,97.6,90
HM05010,P0984,2026-06-05,109/81,144.9,99.2,80
HM05011,P0361,2026-07-27,128/87,131.2,97.0,62
HM05012,P0720,2026-07-15,90/89,101.1,98.9,82
HM05013,P0737,2026-07-11,104/78,99.1,97.7,88
HM05014,P0828,2026-02-17,175/93,114.1,99.3,98
HM05015,P0819,2026-03-08,97/94,141.9,99.3,87
HM05016,P0009,2026-02-16,120/104,126.9,97.8,84
HM05017,P0952,2026-08-02,144/81,128.8,98.3,70
HM05018,P0242,2026-04-19,108/63,168.1,98.0,45
HM05019,P0693,2026-05-01,132/84,60.0,97.5,67
HM05020,P0372,2026-09-23,110/94,109.8,97.8,91
HM05021,P0403,2026-04-07,134/59,93.4,98.5,66
HM05022,P0649,2026-05-10,165/81,88.6,97.2,89
HM05023,P0980,2026-06-19,112/84,74.7,98.3,70
HM05024,P0929,2026-09-19,118/70,150.9,97.8,76
HM05025,P0842,2026-02-09,123/99,146.2,98.9,59
HM05026,P0836,2026-03-13,111/94,74.0,98.3,65
HM05027,P0423,2026-03-02,105/100,140.2,99.1,87
HM05028,P0469,2026-06-06,122/71,100.9,98.0,99
HM05029,P0075,2026-01-06,98/73,83.0,99.2,100
HM05030,P0481,2026-05-27,131/84,118.2,98.6,87
HM05031,P0380,2026-01-13,133/85,142.1,96.6,78
HM05032,P0038,2026-06-25,131/84,109.0,98.3,69
HM05033,P0077,2026-02-10,90/91,75.3,98.1,69
HM05034,P0615,2026-01-17,156/79,104.1,98.9,103
HM05035,P0659,2026-06-04,133/75,139.4,96.8,78
HM05036,P0517,2026-03-13,164/81,118.8,98.2,73
HM05037,P0567,2026-06-17,131/89,103.4,96.0,83
HM05038,P0710,2026-09-04,167/75,63.5,98.8,98
HM05039,P0027,2026-05-19,135/100,142.8,98.8,71
HM05040,P0778,2026-05-24,130/79,112.8,98.0,80
HM05041,P0169,2026-02-02,99/89,84.3,98.0,81
HM05042,P0469,2026-01-15,106/56,101.6,96.9,86
HM05043,P0894,2026-06-22,101/97,114.8,98.3,54
HM05044,P0119,2026-09-19,127/79,69.5,98.3,73
HM05045,P0262,2026-07-06,120/80,98.5,98.4,76
HM05046,P0038,2026-07-26,134/73,77.7,97.6,95
HM05047,P0055,2026-07-11,144/94,159.9,97.8,81
HM05048,P0823,2026-04-30,126/87,104.9,98.3,78
HM05049,P0015,2026-01-26,135/87,118.3,98.3,80
HM05050,P0064,2026-04-14,157/59,81.1,98.8,81
HM05051,P0784,2026-01-18,130/88,122.5,97.7,85
HM05052,P0104,2026-06-09,125/74,139.2,98.8,80
HM05053,P0642,2026-06-15,159/95,150.1,100.5,76
HM05054,P0952,2026-04-05,115/90,106.2,98.2,66
HM05055,P0945,2026-03-10,137/62,111.6,98.2,72
HM05056,P0780,2026-06-01,90/58,88.9,98.7,81
HM05057,P0302,2026-02-11,124/69,126.9,96.6,49
HM05058,P0734,2026-06-09,120/73,150.5,98.3,97
HM05059,P0178,2026-06-22,114/85,106.2,99.4,75
HM05060,P0735,2026-07-04,142/67,100.5,98.1,93
HM05061,P0951,2026-02-11,90/76,102.2,96.3,72
HM05062,P0368,2026-04-28,94/55,105.8,97.9,75
HM05063,P0519,2026-07-14,130/69,177.7,98.2,93
HM05064,P0376,2026-09-09,91/69,139.0,98.0,65
HM05065,P0865,2026-02-16,90/88,137.8,98.4,72
HM05066,P0223,2026-08-02,102/79,69.0,97.5,93
HM05067,P0357,2026-08-07,90/88,167.3,98.9,82
HM05068,P0802,2026-08-13,115/72,60.0,98.2,73
HM05069,P0399,2026-07-25,111/79,117.2,97.6,97
HM05070,P0862,2026-08-04,139/90,111.4,98.7,67
HM05071,P0422,2026-01-13,138/77,79.2,98.2,74
HM05072,P0951,2026-01-19,171/85,170.3,99.2,78
HM05073,P0929,2026-07-04,116/59,84.5,98.8,74
HM05074,P0626,2026-06-06,132/55,130.9,99.2,56
HM05075,P0398,2026-09-25,132/96,173.8,97.7,87
HM05076,P0799,2026-04-27,153/84,160.0,98.2,82
HM05077,P0105,2026-06-04,112/78,130.2,97.6,75
HM05078,P0398,2026-09-27,140/104,60.0,100.0,74
HM05079,P0049,2026-05-20,144/93,169.8,97.5,75
HM05080,P0433,2026-05-24,123/75,161.2,98.1,58
HM05081,P0435,2026-05-26,112/61,107.0,98.8,70
HM05082,P0821,2026-02-10,116/76,119.9,98.7,87
HM05083,P0631,2026-07-18,170/81,140.8,96.8,73
HM05084,P0082,2026-09-11,119/67,96.2,98.1,71
HM05085,P0491,2026-03-24,177/86,185.0,99.5,70
HM05086,P0391,2026-03-14,125/74,109.3,97.3,72
HM05087,P0038,2026-08-30,132/83,123.9,98.1,88
HM05088,P0735,2026-05-26,119/96,60.0,98.8,83
HM05089,P0883,2026-02-09,111/75,131.3,99.0,57
HM05090,P0740,2026-04-05,137/74,154.4,96.5,107
HM05091,P0879,2026-05-05,107/97,112.6,97.5,81
HM05092,P0005,2026-05-30,145/61,139.6,98.2,84
HM05093,P0967,2026-03-20,125/73,76.0,98.8,86
HM05094,P0285,2026-08-23,138/85,148.1,99.5,55
HM05095,P0753,2026-08-17,90/100,68.1,97.2,74
HM05096,P0580,2026-02-05,91/75,81.8,98.0,81
HM05097,P0289,2026-03-03,118/75,124.0,99.1,97
HM05098,P0896,2026-02-16,120/101,145.7,97.1,62
HM05099,P0963,2026-08-25,113/97,97.5,96.5,75
HM05100,P0049,2026-09-08,90/67,94.5,98.3,90
HM05101,P0655,2026-04-04,138/65,102.0,98.3,74
HM05102,P0095,2026-01-03,119/59,74.7,97.8,45
HM05103,P0191,2026-02-23,137/63,139.0,98.7,71
HM05104,P0043,2026-02-15,145/88,104.2,97.8,91
HM05105,P0315,2026-09-22,129/92,60.0,98.3,59
HM05106,P0706,2026-07-09,124/88,175.9,97.4,71
HM05107,P0688,2026-09-27,123/68,149.2,98.1,79
HM05108,P0595,2026-03-29,137/79,86.4,98.1,67
HM05109,P0093,2026-08-18,127/91,73.9,96.8,78
HM05110,P0128,2026-05-03,109/80,126.2,96.3,86
HM05111,P0491,2026-09-09,101/79,91.9,97.7,98
HM05112,P0822,2026-06-01,131/90,120.3,98.8,83
HM05113,P0913,2026-05-12,130/93,120.5,100.3,89
HM05114,P0211,2026-02-01,102/77,128.9,98.2,86
HM05115,P0006,2026-07-01,140/63,159.8,97.8,70
HM05116,P0141,2026-01-20,113/89,105.7,97.6,72
HM05117,P0153,2026-03-08,90/69,71.6,98.0,85
HM05118,P0150,2026-08-12,136/95,151.2,97.7,78
HM05119,P0943,2026-07-03,124/55,72.4,98.0,75
HM05120,P0771,2026-06-24,135/85,60.0,98.7,80
HM05121,P0756,2026-03-01,137/92,110.0,99.3,67
HM05122,P0110,2026-07-14,106/85,102.1,98.4,101
HM05123,P0388,2026-03-18,132/82,84.6,96.7,77
HM05124,P0083,2026-09-12,146/76,129.1,99.5,94
HM05125,P0256,2026-03-20,133/82,61.8,97.6,74
HM05126,P0935,2026-02-12,107/82,181.9,99.6,80
HM05127,P0199,2026-03-06,140/71,166.2,96.8,88
HM05128,P0437,2026-08-31,134/70,107.7,97.2,64
HM05129,P0126,2026-07-04,93/89,157.2,96.3,100
HM05130,P0244,2026-07-02,124/83,63.5,99.4,80
HM05131,P0738,2026-07-05,147/94,161.7,97.6,75
HM05132,P0143,2026-02-26,112/90,126.7,99.2,91
HM05133,P0196,2026-08-07,90/96,148.3,97.9,82
HM05134,P0784,2026-03-23,122/87,102.0,98.6,78
HM05135,P0999,2026-06-14,116/82,209.7,97.6,75
HM05136,P0327,2026-02-06,111/73,143.6,98.8,77
HM05137,P0756,2026-05-28,145/89,109.3,96.8,87
HM05138,P0691,2026-05-10,128/80,98.7,98.9,82
HM05139,P0089,2026-06-10,120/65,152.4,98.7,81
HM05140,P0186,2026-05-09,90/79,106.6,97.6,87
HM05141,P0827,2026-03-10,139/85,151.3,97.3,72
HM05142,P0558,2026-09-28,126/72,140.5,97.7,93
HM05143,P0746,2026-03-30,106/105,186.0,98.1,91
HM05144,P0429,2026-03-15,116/92,108.8,97.0,45
HM05145,P0518,2026-04-14,119/83,161.6,98.2,90
HM05146,P0052,2026-06-29,115/75,151.9,96.0,78
HM05147,P0231,2026-09-07,117/96,96.5,98.7,89
HM05148,P0127,2026-04-05,95/78,99.9,99.1,86
HM05149,P0619,2026-04-21,120/67,151.3,98.1,58
HM05150,P0735,2026-06-03,94/85,70.3,99.9,66
HM05151,P0091,2026-05-19,124/81,89.5,96.2,80
HM05152,P0357,2026-06-26,109/81,110.7,98.4,96
HM05153,P0871,2026-06-05,114/74,60.0,98.0,82
HM05154,P0060,2026-06-14,115/84,108.8,97.0,81
HM05155,P0736,2026-02-14,120/81,95.2,97.6,79
HM05156,P0178,2026-03-30,120/100,143.0,98.7,75
HM05157,P0662,2026-05-04,90/70,92.3,98.0,77
HM05158,P0579,2026-02-26,138/83,155.6,97.9,81
HM05159,P0622,2026-01-05,131/82,159.9,98.9,62
HM05160,P0567,2026-02-15,122/79,190.3,97.9,66
HM05161,P0671,2026-08-14,133/85,112.4,98.0,89
HM05162,P0801,2026-07-01,107/75,96.7,99.2,81
HM05163,P0867,2026-01-19,103/68,180.6,99.2,88
HM05164,P0728,2026-04-12,125/98,76.4,98.9,72
HM05165,P0092,2026-08-01,120/88,110.0,97.8,72
HM05166,P0035,2026-05-22,90/89,79.8,99.9,74
HM05167,P0868,2026-09-16,151/58,140.6,99.1,93
HM05168,P0538,2026-08-08,94/71,135.2,98.3,81
HM05169,P0720,2026-06-02,117/98,206.3,98.3,83
HM05170,P0993,2026-08-23,126/95,144.0,97.2,70
HM05171,P0829,2026-07-25,104/112,137.2,97.7,69
HM05172,P0630,2026-06-12,141/90,142.9,97.8,81
HM05173,P0787,2026-08-27,127/68,82.6,98.6,80
HM05174,P0139,2026-06-18,136/89,167.5,97.5,85
HM05175,P0758,2026-03-14,139/76,119.3,97.9,103
HM05176,P0482,2026-03-30,127/85,105.8,97.8,62
HM05177,P0590,2026-02-03,146/89,104.5,97.4,80
HM05178,P0001,2026-02-09,115/77,70.8,98.4,80
HM05179,P0536,2026-07-12,146/78,103.3,96.8,91
HM05180,P0656,2026-02-10,142/80,68.5,97.1,71
HM05181,P0942,2026-08-11,144/83,62.7,98.6,67
HM05182,P0189,2026-07-23,114/91,141.8,99.2,77
HM05183,P0557,2026-05-17,142/72,106.0,97.9,78
HM05184,P0899,2026-03-22,99/77,165.8,97.2,62
HM05185,P0371,2026-01-09,100/111,131.3,98.0,78
HM05186,P0494,2026-03-31,129/72,96.9,98.1,69
HM05187,P0643,2026-07-11,117/84,80.1,100.5,87
HM05188,P0052,2026-05-15,99/55,90.9,98.8,83
HM05189,P0842,2026-06-11,122/72,83.4,97.8,65
HM05190,P0481,2026-02-18,117/95,88.0,98.7,87
HM05191,P0705,2026-08-29,103/69,152.4,97.4,77
HM05192,P0840,2026-02-05,165/91,118.0,99.0,77
HM05193,P0778,2026-08-13,145/55,110.1,96.3,79
HM05194,P0472,2026-01-01,120/96,139.9,97.7,73
HM05195,P0493,2026-05-31,132/73,113.9,99.4,68
HM05196,P0731,2026-09-27,116/76,225.5,98.7,91
HM05197,P0092,2026-08-23,140/90,131.6,98.5,60
HM05198,P0936,2026-03-09,132/78,134.1,98.1,87
HM05199,P0010,2026-08-21,143/55,99.8,96.5,80
HM05200,P0036,2026-03-03,118/96,122.3,97.8,89
HM05201,P0150,2026-01-31,118/74,128.8,99.7,88
HM05202,P0823,2026-01-31,136/113,89.4,97.5,79
HM05203,P0065,2026-03-28,155/68,176.4,96.9,76
HM05204,P0860,2026-01-02,128/69,93.3,98.9,95
HM05205,P0821,2026-03-18,90/82,111.0,98.3,74
HM05206,P0548,2026-06-20,99/98,155.6,98.1,72
HM05207,P0826,2026-09-28,112/55,127.4,98.9,79
HM05208,P0495,2026-05-23,123/81,85.1,97.8,76
HM05209,P0467,2026-02-01,138/96,107.0,97.3,78
HM05210,P0251,2026-04-17,165/68,146.0,99.4,73
HM05211,P0379,2026-01-11,110/86,127.4,98.8,102
HM05212,P0016,2026-03-26,128/65,117.3,98.4,93
HM05213,P0912,2026-09-12,121/75,67.0,98.7,118
HM05214,P0828,2026-09-19,120/85,95.8,97.0,83
HM05215,P0618,2026-07-20,125/55,171.4,98.6,78
HM05216,P0613,2026-03-09,116/84,130.8,98.6,90
HM05217,P0656,2026-05-14,150/104,85.7,97.7,82
HM05218,P0639,2026-08-18,109/72,131.6,99.0,93
HM05219,P0193,2026-05-18,121/85,123.5,98.2,68
HM05220,P0403,2026-04-25,106/88,85.9,96.6,77
HM05221,P0523,2026-02-27,154/55,104.9,98.8,56
HM05222,P0551,2026-04-09,120/66,79.7,97.8,64
HM05223,P0620,2026-08-17,100/79,192.9,98.9,90
HM05224,P0215,2026-04-22,140/71,125.9,99.2,87
HM05225,P0803,2026-07-26,128/86,201.2,99.0,74
HM05226,P0202,2026-07-30,123/67,197.1,99.6,78
HM05227,P0929,2026-04-16,168/87,99.9,99.0,82
HM05228,P0098,2026-07-05,141/63,86.6,99.5,98
HM05229,P0773,2026-05-28,153/106,135.2,98.7,67
HM05230,P0257,2026-02-07,113/56,103.7,96.3,90
HM05231,P0236,2026-01-14,132/55,108.4,100.0,76
HM05232,P0388,2026-07-26,105/58,60.0,98.7,72
HM05233,P0385,2026-07-23,117/74,110.1,97.1,81
HM05234,P0370,2026-03-22,96/70,150.4,98.5,86
HM05235,P0283,2026-08-02,168/79,115.8,98.0,72
HM05236,P0365,2026-02-20,104/81,127.4,98.6,78
HM05237,P0794,2026-01-22,143/80,100.7,97.4,59
HM05238,P0661,2026-03-21,154/71,82.6,97.8,74
HM05239,P0797,2026-01-04,157/76,207.2,98.3,102
HM05240,P0830,2026-03-26,142/84,170.2,99.2,85
HM05241,P0792,2026-03-14,171/74,80.2,97.6,99
HM05242,P0025,2026-04-05,154/73,60.0,98.0,65
HM05243,P0936,2026-06-20,115/67,60.0,99.9,69
HM05244,P0802,2026-06-14,153/77,75.4,98.7,73
HM05245,P0542,2026-09-01,120/81,86.6,96.7,77
HM05246,P0518,2026-07-25,144/69,120.4,99.6,76
HM05247,P0718,2026-06-23,126/80,91.1,97.3,66
HM05248,P0026,2026-04-27,132/89,143.2,97.9,91
HM05249,P0688,2026-03-31,131/80,60.0,97.5,59
HM05250,P0702,2026-05-27,137/81,77.5,98.5,60
HM05251,P0301,2026-08-01,104/71,133.9,99.5,70
HM05252,P0835,2026-08-22,151/80,123.3,98.1,75
HM05253,P0164,2026-08-04,133/88,84.0,98.0,98
HM05254,P0513,2026-08-26,128/83,155.9,97.7,77
HM05255,P0453,2026-03-21,141/94,60.0,97.5,66
HM05256,P0054,2026-07-15,122/68,138.2,98.4,88
HM05257,P0735,2026-08-30,144/88,103.2,98.3,72
HM05258,P0390,2026-03-19,97/91,112.1,96.8,84
HM05259,P0510,2026-06-17,120/55,66.9,97.6,80
HM05260,P0359,2026-05-15,140/89,136.1,98.2,98
HM05261,P0374,2026-07-09,138/82,134.8,97.8,77
HM05262,P0614,2026-03-22,90/75,176.6,98.3,79
HM05263,P0868,2026-05-09,144/84,87.5,98.2,64
HM05264,P0492,2026-07-30,128/69,147.5,97.7,68
HM05265,P0529,2026-06-05,122/84,72.7,97.7,79
HM05266,P0152,2026-09-15,151/55,136.5,97.9,72
HM05267,P0022,2026-03-25,111/75,136.7,97.7,97
HM05268,P0681,2026-07-11,137/82,109.2,99.3,94
HM05269,P0493,2026-03-22,101/71,137.2,99.0,74
HM05270,P0746,2026-02-16,110/80,166.7,98.2,62
HM05271,P0238,2026-07-27,127/89,111.5,99.3,88
HM05272,P0156,2026-03-12,123/80,60.0,99.3,74
HM05273,P0580,2026-05-20,117/73,131.0,97.2,66
HM05274,P0631,2026-06-27,123/72,126.7,97.7,97
HM05275,P0615,2026-02-16,138/88,93.8,100.4,72
HM05276,P0288,2026-02-03,110/88,121.8,97.5,104
HM05277,P0310,2026-04-29,144/80,199.0,98.9,77
HM05278,P0424,2026-04-26,170/87,136.5,97.9,78
HM05279,P0225,2026-09-08,116/97,60.0,99.4,67
HM05280,P0478,2026-06-29,123/76,96.8,98.8,77
HM05281,P0197,2026-04-17,111/81,90.6,97.7,60
HM05282,P0850,2026-04-12,115/85,116.3,99.8,109
HM05283,P0277,2026-04-07,115/70,154.5,98.5,91
HM05284,P0456,2026-01-01,132/77,108.4,98.6,75
HM05285,P0311,2026-01-21,149/64,157.5,96.5,79
HM05286,P0217,2026-01-19,118/61,60.0,97.2,78
HM05287,P0067,2026-01-09,112/67,162.3,97.1,86
HM05288,P0275,2026-04-21,107/66,93.9,98.8,61
HM05289,P0411,2026-07-06,130/68,87.7,98.6,104
HM05290,P0139,2026-02-07,106/88,104.1,97.8,90
HM05291,P0127,2026-07-01,108/66,131.1,99.6,86
HM05292,P0532,2026-09-02,96/72,149.3,99.6,80
HM05293,P0827,2026-01-28,113/99,112.4,97.7,68
HM05294,P0565,2026-01-12,101/114,164.7,97.6,98
HM05295,P0624,2026-08-10,135/85,89.9,97.7,77
HM05296,P0462,2026-09-02,90/74,115.2,99.4,70
HM05297,P0399,2026-05-06,141/55,155.8,97.4,79
HM05298,P0921,2026-08-11,133/82,111.3,97.1,67
HM05299,P0197,2026-07-24,144/72,111.4,96.9,88
HM05300,P0699,2026-03-17,98/90,77.8,99.1,78
HM05301,P0345,2026-02-10,113/99,112.6,97.9,88
HM05302,P0714,2026-07-18,95/55,155.5,97.4,88
HM05303,P0417,2026-01-12,125/66,136.3,97.8,65
HM05304,P0709,2026-01-02,103/59,129.1,97.4,77
HM05305,P0440,2026-05-10,121/68,61.7,100.5,77
HM05306,P0178,2026-03-29,161/93,103.8,98.4,79
HM05307,P0462,2026-04-22,161/89,86.7,98.5,87
HM05308,P0163,2026-03-09,101/85,162.1,97.4,69
HM05309,P0018,2026-07-18,148/75,80.6,99.0,84
HM05310,P0181,2026-08-28,126/93,156.8,98.1,101
HM05311,P0560,2026-05-11,156/56,78.9,96.2,74
HM05312,P0181,2026-01-12,100/70,153.2,96.6,79
HM05313,P0694,2026-08-13,127/79,119.6,96.2,68
HM05314,P0393,2026-07-01,155/65,173.3,96.9,59
HM05315,P0835,2026-03-28,105/93,95.9,98.5,78
HM05316,P0974,2026-01-11,123/95,142.0,97.2,74
HM05317,P0018,2026-01-30,159/83,62.2,96.9,88
HM05318,P0954,2026-02-24,139/68,141.2,99.6,95
HM05319,P0582,2026-05-06,157/86,108.8,97.8,77
HM05320,P0297,2026-04-18,107/75,159.6,96.8,59
HM05321,P0946,2026-05-10,141/75,60.0,98.1,75
HM05322,P0653,2026-08-17,116/88,68.3,98.2,75
HM05323,P0391,2026-09-05,125/59,96.7,98.2,84
HM05324,P0386,2026-09-12,161/89,131.1,99.3,74
HM05325,P0185,2026-09-17,156/93,99.4,99.9,83
HM05326,P0479,2026-04-14,168/83,95.3,97.5,73
HM05327,P0668,2026-05-14,113/95,114.0,96.7,80
HM05328,P0709,2026-05-12,127/74,124.4,98.2,85
HM05329,P0878,2026-09-02,136/84,69.5,100.1,59
HM05330,P0046,2026-05-29,122/66,128.9,98.3,75
HM05331,P0263,2026-04-19,155/93,103.6,98.9,96
HM05332,P0567,2026-01-09,147/78,60.0,98.5,86
HM05333,P0856,2026-09-13,109/80,112.1,99.4,100
HM05334,P0256,2026-08-08,148/78,155.2,98.8,77
HM05335,P0850,2026-03-27,166/71,136.1,99.0,74
HM05336,P0811,2026-03-10,136/91,123.6,98.6,79
HM05337,P0990,2026-01-24,140/77,104.1,98.2,92
HM05338,P0886,2026-02-22,90/69,194.7,98.4,73
HM05339,P0291,2026-06-15,140/70,60.0,98.5,69
HM05340,P0310,2026-09-02,127/83,120.0,96.7,78
HM05341,P0260,2026-04-15,133/63,61.8,97.2,86
HM05342,P0161,2026-08-03,90/89,128.7,98.0,60
HM05343,P0169,2026-02-05,109/89,159.0,97.3,91
HM05344,P0167,2026-01-11,138/79,89.2,97.7,99
HM05345,P0534,2026-05-05,128/95,123.5,97.8,85
HM05346,P0006,2026-04-22,168/72,147.0,98.4,60
HM05347,P0920,2026-08-25,95/74,127.2,99.0,59
HM05348,P0023,2026-01-23,138/78,115.1,98.7,98
HM05349,P0848,2026-06-13,131/63,108.5,99.0,88
HM05350,P0408,2026-05-16,138/73,67.1,98.7,63
HM05351,P0200,2026-04-29,138/88,98.6,98.1,80
HM05352,P0146,2026-09-27,112/63,113.6,98.3,94
HM05353,P0260,2026-03-10,109/92,74.9,97.0,74
HM05354,P0867,2026-03-23,106/63,183.1,97.8,105
HM05355,P0666,2026-03-24,105/59,160.2,97.5,79
HM05356,P0071,2026-08-04,97/79,67.0,98.1,72
HM05357,P0862,2026-03-27,129/87,123.4,98.6,76
HM05358,P0626,2026-02-23,116/85,111.1,98.1,82
HM05359,P0905,2026-01-08,104/97,106.3,98.3,77
HM05360,P0316,2026-02-02,138/84,113.3,99.5,45
HM05361,P0001,2026-03-17,149/91,60.0,99.0,90
HM05362,P0223,2026-02-11,136/61,138.9,99.1,71
HM05363,P0228,2026-06-30,133/75,146.0,97.9,71
HM05364,P0428,2026-02-01,124/63,110.1,98.5,88
HM05365,P0551,2026-08-28,129/62,162.3,99.5,79
HM05366,P0942,2026-04-29,109/73,107.9,98.5,74
HM05367,P0654,2026-01-20,107/92,124.0,97.3,81
HM05368,P0351,2026-04-17,128/71,156.8,98.3,75
HM05369,P0563,2026-03-13,123/85,112.5,98.1,90
HM05370,P0892,2026-01-29,96/64,142.2,100.4,88
HM05371,P0252,2026-03-31,162/74,92.7,98.6,89
HM05372,P0458,2026-05-13,98/77,114.1,97.6,71
HM05373,P0748,2026-08-09,141/85,142.9,98.5,67
HM05374,P0969,2026-03-28,133/68,104.1,97.3,70
HM05375,P0644,2026-07-28,126/74,84.1,99.2,76
HM05376,P0961,2026-08-13,114/67,60.0,98.0,61
HM05377,P0216,2026-04-09,139/80,169.5,98.4,69
HM05378,P0713,2026-05-04,90/89,69.5,97.8,98
HM05379,P0447,2026-06-15,137/84,148.1,99.0,96
HM05380,P0585,2026-03-21,112/75,82.7,98.2,76
HM05381,P0242,2026-02-26,90/72,165.4,98.4,86
HM05382,P0897,2026-09-25,122/57,110.5,99.1,63
HM05383,P0172,2026-03-01,139/59,115.7,98.7,74
HM05384,P0699,2026-01-04,174/74,94.8,98.4,68
HM05385,P0753,2026-08-24,96/66,141.5,97.9,98
HM05386,P0306,2026-02-20,116/88,132.9,97.8,67
HM05387,P0054,2026-01-12,90/86,156.9,96.8,73
HM05388,P0717,2026-03-29,111/86,103.5,99.4,73
HM05389,P0055,2026-05-17,100/74,102.4,98.7,73
HM05390,P0190,2026-07-06,133/70,104.7,97.5,67
HM05391,P0976,2026-05-20,150/71,102.8,99.1,87
HM05392,P0823,2026-09-19,157/85,94.0,100.1,84
HM05393,P0466,2026-03-14,121/80,121.3,98.0,61
HM05394,P0022,2026-06-23,157/79,121.4,100.1,69
HM05395,P0510,2026-03-30,138/70,126.2,98.4,87
HM05396,P0300,2026-09-04,149/73,164.6,99.5,75
HM05397,P0927,2026-01-11,124/74,104.3,97.1,87
HM05398,P0566,2026-03-08,90/71,113.4,99.4,71
HM05399,P0984,2026-09-07,133/79,148.1,98.5,87
HM05400,P0395,2026-08-06,113/67,127.8,97.8,78
HM05401,P0130,2026-02-15,131/94,142.5,97.6,64
HM05402,P0774,2026-06-07,159/61,99.2,98.8,97
HM05403,P0058,2026-05-06,121/80,84.4,98.3,64
HM05404,P0753,2026-01-30,109/89,99.8,99.0,76
HM05405,P0811,2026-02-07,97/94,69.0,97.7,75
HM05406,P0684,2026-09-01,145/73,82.6,98.3,75
HM05407,P0446,2026-04-07,115/82,72.9,96.7,103
HM05408,P0757,2026-06-21,127/82,87.6,99.0,71
HM05409,P0851,2026-07-08,90/73,105.2,98.0,75
HM05410,P0348,2026-09-15,112/71,104.6,96.7,54
HM05411,P0869,2026-05-14,126/81,145.8,98.0,63
HM05412,P0502,2026-08-04,90/69,129.8,99.5,78
HM05413,P0920,2026-08-30,100/69,85.3,97.8,91
HM05414,P0294,2026-02-26,148/77,121.4,97.5,57
HM05415,P0301,2026-06-15,160/55,60.0,99.8,78
HM05416,P0994,2026-09-13,102/88,142.1,97.0,71
HM05417,P0108,2026-02-07,142/70,124.9,99.5,49
HM05418,P0795,2026-03-16,118/83,60.0,97.7,90
HM05419,P0811,2026-08-12,110/62,154.6,98.6,77
HM05420,P0053,2026-09-22,123/92,125.3,98.8,69
HM05421,P0504,2026-08-20,90/87,153.5,98.0,88
HM05422,P0802,2026-01-21,118/78,176.3,97.9,73
HM05423,P0161,2026-02-20,90/88,90.2,98.3,74
HM05424,P0521,2026-07-01,116/78,113.6,99.3,96
HM05425,P0008,2026-04-30,138/95,144.9,98.6,95
HM05426,P0211,2026-07-24,98/71,86.3,97.9,86
HM05427,P0259,2026-08-16,102/86,94.5,97.9,80
HM05428,P0946,2026-01-02,158/71,112.2,97.2,69
HM05429,P0511,2026-02-04,103/82,129.9,98.8,68
HM05430,P0875,2026-09-03,135/81,113.0,97.1,79
HM05431,P0118,2026-07-07,128/81,129.0,98.8,64
HM05432,P0040,2026-01-03,120/86,105.6,99.1,79
HM05433,P0738,2026-03-21,90/90,110.9,96.6,74
HM05434,P0836,2026-09-27,99/89,113.7,97.4,87
HM05435,P0909,2026-01-29,134/77,71.4,97.4,67
HM05436,P0331,2026-08-26,139/59,113.3,98.0,90
HM05437,P0255,2026-02-05,129/86,96.6,97.1,74
HM05438,P0685,2026-03-14,140/89,99.9,97.4,65
HM05439,P0576,2026-06-22,122/81,166.6,98.3,85
HM05440,P0054,2026-02-05,109/80,119.9,98.1,77
HM05441,P0859,2026-04-03,127/85,155.9,96.2,91
HM05442,P0560,2026-05-21,90/83,197.4,98.2,80
HM05443,P0854,2026-09-04,118/88,127.7,97.6,76
HM05444,P0088,2026-03-11,102/78,100.3,98.3,69
HM05445,P0106,2026-09-05,120/80,117.7,98.4,75
HM05446,P0815,2026-05-31,109/80,108.7,99.1,91
HM05447,P0160,2026-06-09,97/87,143.6,97.0,84
HM05448,P0277,2026-03-18,142/68,106.7,98.4,84
HM05449,P0748,2026-01-16,105/93,60.0,99.4,84
HM05450,P0734,2026-07-09,112/90,78.3,98.3,80
HM05451,P0477,2026-01-09,129/69,97.6,98.3,69
HM05452,P0144,2026-04-23,130/72,150.0,99.6,74
HM05453,P0501,2026-06-15,143/77,82.2,97.8,79
HM05454,P0424,2026-03-08,90/87,118.0,99.1,85
HM05455,P0059,2026-02-11,127/75,168.3,100.2,73
HM05456,P0886,2026-01-16,145/71,94.4,97.9,86
HM05457,P0255,2026-09-20,103/98,147.8,98.8,74
HM05458,P0914,2026-07-04,141/55,130.4,98.3,55
HM05459,P0093,2026-09-17,133/87,60.0,97.1,102
HM05460,P0230,2026-09-12,121/91,154.4,98.6,90
HM05461,P0785,2026-09-17,90/77,60.0,96.6,71
HM05462,P0610,2026-02-03,111/80,114.3,98.3,80
HM05463,P0788,2026-08-08,131/68,89.6,98.2,77
HM05464,P0880,2026-06-24,103/92,140.4,97.4,75
HM05465,P0701,2026-07-10,165/81,128.8,97.7,74
HM05466,P0648,2026-02-12,155/81,112.5,98.2,108
HM05467,P0441,2026-05-18,125/70,92.1,98.9,60
HM05468,P0805,2026-05-13,134/71,60.0,97.3,78
HM05469,P0822,2026-04-25,152/90,104.7,99.1,73
HM05470,P0730,2026-05-18,95/80,62.3,98.9,87
HM05471,P0739,2026-08-19,107/81,119.8,99.0,63
HM05472,P0279,2026-05-09,136/64,142.2,99.2,69
HM05473,P0707,2026-02-16,149/61,153.5,99.5,82
HM05474,P0749,2026-07-02,121/83,93.9,100.6,70
HM05475,P0429,2026-08-30,151/71,170.9,100.0,82
HM05476,P0255,2026-05-30,130/68,77.4,98.5,95
HM05477,P0300,2026-04-02,114/106,93.6,98.4,80
HM05478,P0810,2026-08-21,122/55,93.3,98.4,76
HM05479,P0485,2026-05-01,137/89,106.6,97.3,96
HM05480,P0249,2026-03-31,97/72,85.3,98.9,93
HM05481,P0367,2026-04-28,121/82,130.0,99.8,56
HM05482,P0940,2026-03-14,139/84,102.0,98.5,86
HM05483,P0024,2026-04-07,136/105,119.5,98.2,75
HM05484,P0465,2026-04-05,136/79,115.5,98.2,76
HM05485,P0693,2026-05-19,112/85,105.0,98.8,79
HM05486,P0564,2026-09-22,117/98,111.4,98.8,69
HM05487,P0309,2026-03-05,90/73,60.0,98.0,95
HM05488,P0280,2026-08-06,106/55,167.5,97.8,77
HM05489,P0631,2026-05-14,140/86,141.3,99.0,57
HM05490,P0402,2026-03-13,96/94,87.6,97.6,62
HM05491,P0388,2026-05-09,116/75,82.2,97.3,81
HM05492,P0705,2026-03-07,108/72,60.0,99.9,89
HM05493,P0410,2026-03-06,115/69,115.4,98.2,62
HM05494,P0851,2026-05-11,90/73,60.3,98.4,80
HM05495,P0230,2026-09-15,105/73,176.7,98.9,72
HM05496,P0723,2026-03-10,170/65,86.6,98.1,59
HM05497,P0060,2026-04-25,160/82,87.4,98.6,79
HM05498,P0986,2026-03-19,118/65,64.7,100.2,61
HM05499,P0724,2026-03-10,158/69,142.7,98.6,85
HM05500,P0955,2026-05-10,139/60,91.3,97.0,80
HM05501,P0198,2026-05-30,98/56,106.7,96.2,81
HM05502,P0244,2026-06-23,99/69,60.0,99.7,60
HM05503,P0523,2026-02-20,117/58,85.8,99.8,81
HM05504,P0437,2026-06-17,110/79,95.4,98.1,86
HM05505,P0187,2026-03-06,118/82,123.3,97.9,69
HM05506,P0535,2026-05-30,114/88,142.4,97.2,74
HM05507,P0587,2026-03-19,109/89,98.5,100.2,80
HM05508,P0458,2026-04-01,148/67,115.4,98.8,65
HM05509,P0255,2026-07-20,125/92,103.5,97.4,99
HM05510,P0486,2026-03-10,101/81,90.2,97.4,86
HM05511,P0263,2026-05-14,120/84,60.0,98.7,69
HM05512,P0915,2026-07-24,90/102,136.0,98.4,92
HM05513,P0012,2026-01-20,129/70,108.9,97.6,71
HM05514,P0296,2026-01-24,99/68,146.3,98.5,71
HM05515,P0315,2026-06-28,104/75,60.0,98.3,89
HM05516,P0931,2026-09-17,172/66,146.6,97.6,64
HM05517,P0637,2026-08-01,102/81,82.4,97.7,72
HM05518,P0320,2026-08-21,110/70,60.0,98.3,78
HM05519,P0011,2026-02-14,109/84,163.9,98.2,93
HM05520,P0863,2026-09-01,169/110,73.4,97.1,72
HM05521,P0034,2026-05-01,127/99,137.0,97.1,70
HM05522,P0450,2026-05-22,124/62,115.5,97.1,58
HM05523,P0630,2026-01-05,106/84,129.1,98.3,89
HM05524,P0119,2026-06-17,142/82,117.3,98.3,76
HM05525,P0834,2026-01-18,90/93,128.9,97.1,95
HM05526,P0806,2026-08-06,113/78,150.8,98.4,94
HM05527,P0826,2026-03-13,117/100,87.8,99.4,50
HM05528,P0094,2026-07-16,102/83,101.0,98.1,78
HM05529,P0782,2026-03-03,101/66,123.1,97.6,94
HM05530,P0075,2026-08-17,121/88,130.5,97.7,54
HM05531,P0373,2026-02-07,148/68,100.9,98.1,77
HM05532,P0806,2026-07-13,144/80,110.5,99.1,85
HM05533,P0712,2026-04-25,110/66,86.2,98.2,63
HM05534,P0230,2026-01-05,126/78,60.0,96.9,45
HM05535,P0488,2026-04-22,118/92,60.0,97.0,76
HM05536,P0297,2026-03-15,103/67,134.0,97.8,60
HM05537,P0133,2026-06-27,90/106,154.5,97.8,79
HM05538,P0799,2026-05-01,115/86,85.1,97.7,83
HM05539,P0446,2026-05-11,154/88,158.2,97.9,70
HM05540,P0144,2026-01-16,90/80,128.3,97.9,68
HM05541,P0808,2026-08-23,149/87,160.9,97.3,69
HM05542,P0202,2026-08-09,149/79,95.1,97.8,77
HM05543,P0859,2026-05-04,145/78,142.7,98.6,67
HM05544,P0526,2026-06-15,107/74,68.2,97.7,96
HM05545,P0434,2026-08-04,124/70,182.1,97.4,66
HM05546,P0601,2026-09-02,149/87,110.4,98.9,81
HM05547,P0693,2026-09-14,101/55,95.1,99.2,72
HM05548,P0277,2026-09-14,134/82,60.0,97.8,82
HM05549,P0211,2026-07-31,109/75,128.7,98.3,90
HM05550,P0252,2026-01-04,132/68,98.3,98.2,94
HM05551,P0942,2026-01-23,115/59,130.4,97.5,62
HM05552,P0023,2026-06-24,125/91,94.9,98.6,86
HM05553,P0605,2026-02-12,140/71,75.8,97.3,87
HM05554,P0882,2026-09-19,138/68,189.6,97.2,89
HM05555,P0405,2026-09-19,155/81,88.1,97.5,74
HM05556,P0702,2026-01-15,146/65,60.0,98.5,84
HM05557,P0323,2026-07-31,164/63,110.3,99.2,79
HM05558,P0620,2026-07-20,121/89,94.0,99.0,62
HM05559,P0579,2026-08-02,94/76,60.0,98.3,57
HM05560,P0146,2026-02-11,130/82,112.6,98.6,80
HM05561,P0093,2026-08-14,119/101,128.8,98.9,90
HM05562,P0798,2026-03-17,138/104,120.8,98.2,70
HM05563,P0700,2026-06-15,119/71,138.7,97.4,78
HM05564,P0855,2026-02-19,136/81,83.6,98.8,76
HM05565,P0326,2026-08-30,90/68,164.0,99.5,84
HM05566,P0436,2026-06-05,140/70,105.9,99.3,83
HM05567,P0240,2026-06-14,126/77,156.1,99.2,85
HM05568,P0354,2026-05-28,126/75,139.3,97.2,67
HM05569,P0896,2026-08-18,95/94,89.8,98.6,76
HM05570,P0403,2026-05-12,182/85,60.0,99.3,73
HM05571,P0825,2026-01-15,120/71,121.8,98.4,70
HM05572,P0664,2026-02-08,114/81,60.0,96.9,98
HM05573,P0653,2026-02-05,131/73,60.0,98.1,89
HM05574,P0447,2026-04-19,177/102,84.0,97.8,60
HM05575,P0809,2026-01-24,108/77,102.2,100.0,62
HM05576,P0550,2026-03-20,124/55,126.6,97.0,91
HM05577,P0679,2026-04-12,119/63,60.0,97.3,80
HM05578,P0261,2026-07-10,133/74,147.4,97.2,45
HM05579,P0735,2026-02-03,130/95,160.5,97.0,71
HM05580,P0702,2026-05-01,139/72,118.7,97.6,64
HM05581,P0891,2026-06-09,107/91,115.5,99.3,84
HM05582,P0849,2026-05-01,157/89,141.6,98.1,114
HM05583,P0118,2026-02-12,127/56,124.4,97.3,90
HM05584,P0360,2026-01-01,139/77,83.9,98.3,70
HM05585,P0739,2026-01-14,140/86,217.8,97.8,74
HM05586,P0107,2026-09-16,121/78,150.9,98.0,101
HM05587,P0907,2026-02-23,136/74,89.1,99.1,78
HM05588,P0560,2026-01-05,125/72,112.8,97.6,94
HM05589,P0804,2026-07-11,139/77,108.4,98.3,77
HM05590,P0639,2026-02-26,105/57,87.1,98.1,69
HM05591,P0055,2026-09-06,141/77,180.6,97.7,79
HM05592,P0005,2026-03-21,119/85,152.3,98.7,53
HM05593,P0254,2026-08-31,134/67,104.2,98.8,64
HM05594,P0541,2026-06-10,148/75,191.0,98.3,98
HM05595,P0795,2026-05-15,148/72,69.4,98.3,71
HM05596,P0951,2026-06-04,156/77,104.5,96.9,83
HM05597,P0197,2026-08-13,101/85,135.3,97.5,89
HM05598,P0667,2026-06-25,119/62,169.1,97.4,84
HM05599,P0840,2026-03-25,133/84,128.0,97.3,98
HM05600,P0436,2026-02-18,144/85,68.3,97.3,85
HM05601,P0112,2026-02-09,90/84,68.4,97.4,61
HM05602,P0001,2026-04-29,129/93,127.2,98.6,80
HM05603,P0914,2026-09-26,138/85,60.0,99.0,87
HM05604,P0621,2026-01-11,117/56,123.5,98.5,72
HM05605,P0050,2026-03-20,128/92,198.9,98.3,82
HM05606,P0794,2026-02-19,108/73,110.2,99.3,87
HM05607,P0617,2026-09-06,163/62,68.7,99.2,95
HM05608,P0997,2026-09-08,125/55,89.0,98.5,67
HM05609,P0323,2026-09-25,128/102,164.9,98.9,77
HM05610,P0862,2026-04-06,115/89,115.9,98.3,59
HM05611,P0717,2026-05-07,110/89,76.5,98.4,82
HM05612,P0671,2026-01-26,134/86,137.0,97.6,60
HM05613,P0256,2026-01-21,107/88,73.0,97.3,65
HM05614,P0766,2026-02-28,90/66,150.0,97.6,57
HM05615,P0535,2026-03-17,114/86,60.0,99.1,60
HM05616,P0352,2026-04-02,117/75,95.3,98.1,87
HM05617,P0962,2026-07-13,124/72,131.0,98.4,69
HM05618,P0266,2026-05-27,125/70,84.7,98.9,83
HM05619,P0427,2026-05-17,140/87,83.9,99.1,74
HM05620,P0115,2026-09-15,143/78,126.0,98.5,87
HM05621,P0368,2026-08-19,92/61,138.5,98.5,68
HM05622,P0970,2026-09-09,132/63,229.3,99.4,85
HM05623,P0981,2026-04-25,126/72,69.1,98.1,67
HM05624,P0619,2026-04-03,108/62,123.7,97.9,84
HM05625,P0823,2026-01-14,134/82,208.1,98.9,62
HM05626,P0999,2026-05-31,134/79,68.0,96.9,83
HM05627,P0733,2026-04-28,138/67,149.0,98.5,92
HM05628,P0123,2026-05-09,146/78,172.2,97.2,106
HM05629,P0713,2026-09-07,107/79,95.1,97.9,113
HM05630,P0060,2026-06-05,115/90,106.8,99.0,71
HM05631,P0148,2026-03-16,130/87,89.7,100.7,86
HM05632,P0348,2026-08-14,120/71,118.2,97.1,99
HM05633,P0547,2026-02-05,133/78,151.6,97.6,64
HM05634,P0787,2026-07-11,122/81,133.6,96.9,72
HM05635,P0048,2026-03-27,90/65,140.0,99.1,64
HM05636,P0123,2026-03-25,118/80,152.7,99.6,79
HM05637,P0668,2026-02-22,119/62,118.8,100.1,93
HM05638,P0726,2026-08-01,128/83,90.9,97.9,79
HM05639,P0745,2026-03-08,128/92,148.7,98.7,66
HM05640,P0007,2026-02-13,105/69,123.2,96.4,77
HM05641,P0432,2026-07-16,153/88,102.7,97.6,87
HM05642,P0888,2026-08-20,131/77,94.4,98.3,74
HM05643,P0840,2026-06-19,140/94,67.1,97.1,94
HM05644,P0227,2026-05-15,128/66,149.4,98.5,104
HM05645,P0258,2026-08-14,120/93,64.3,99.5,89
HM05646,P0370,2026-07-27,157/93,111.5,97.1,70
HM05647,P0112,2026-06-19,90/68,129.9,98.2,75
HM05648,P0215,2026-02-12,109/58,121.4,98.5,66
HM05649,P0510,2026-04-06,114/98,155.6,96.9,76
HM05650,P0231,2026-07-15,154/77,105.6,99.2,89
HM05651,P0895,2026-02-12,143/76,138.2,99.5,77
HM05652,P0282,2026-07-31,116/94,186.6,100.1,73
HM05653,P0351,2026-04-27,119/67,119.1,97.2,71
HM05654,P0544,2026-03-14,139/84,60.0,99.6,64
HM05655,P0696,2026-01-09,105/65,91.9,97.4,67
HM05656,P0702,2026-04-30,90/81,123.1,100.2,83
HM05657,P0623,2026-03-29,115/65,111.6,98.6,71
HM05658,P0563,2026-04-07,126/102,101.6,96.5,88
HM05659,P0409,2026-09-26,131/59,130.0,97.3,83
HM05660,P0948,2026-03-05,163/77,152.9,97.1,59
HM05661,P0275,2026-01-20,165/83,137.3,99.2,71
HM05662,P0284,2026-09-14,141/88,69.7,99.6,93
HM05663,P0074,2026-08-06,99/82,106.9,99.5,61
HM05664,P0891,2026-04-17,190/77,140.8,99.4,75
HM05665,P0955,2026-09-20,122/73,84.0,98.4,76
HM05666,P0526,2026-04-30,114/74,135.2,97.5,75
HM05667,P0022,2026-01-20,142/82,78.3,98.2,83
HM05668,P0193,2026-06-14,144/70,95.5,97.6,70
HM05669,P0671,2026-08-21,133/87,151.8,98.1,61
HM05670,P0378,2026-09-08,138/81,117.1,97.0,75
HM05671,P0369,2026-03-13,101/85,100.0,97.7,59
HM05672,P0453,2026-07-28,145/76,118.0,97.5,58
HM05673,P0228,2026-05-26,114/75,125.2,97.9,69
HM05674,P0570,2026-07-28,94/80,87.1,99.4,79
HM05675,P0461,2026-01-12,136/77,122.0,97.4,63
HM05676,P0230,2026-03-08,125/86,60.0,97.8,100
HM05677,P0490,2026-07-16,134/98,92.8,97.8,89
HM05678,P0499,2026-05-09,137/78,70.8,99.2,108
HM05679,P0978,2026-05-27,93/96,98.6,97.9,81
HM05680,P0315,2026-09-03,100/79,60.0,98.6,104
HM05681,P0368,2026-03-16,112/77,110.8,99.1,82
HM05682,P0505,2026-02-23,143/73,130.2,96.0,86
HM05683,P0870,2026-02-05,100/76,141.1,96.8,91
HM05684,P0682,2026-04-18,122/97,83.4,96.6,77
HM05685,P0010,2026-04-14,136/88,75.3,96.7,74
HM05686,P0991,2026-09-06,135/85,170.0,97.9,55
HM05687,P0617,2026-02-16,148/82,124.9,98.9,93
HM05688,P0650,2026-06-16,124/94,134.3,97.6,75
HM05689,P0828,2026-06-04,137/71,146.0,98.3,82
HM05690,P0225,2026-02-25,153/84,117.5,98.1,76
HM05691,P0120,2026-06-20,131/96,93.6,97.6,93
HM05692,P0525,2026-01-20,113/82,94.3,96.7,80
HM05693,P0561,2026-09-08,147/79,63.1,98.3,68
HM05694,P0301,2026-02-27,90/79,133.1,99.3,99
HM05695,P0997,2026-02-04,138/91,70.0,99.7,93
HM05696,P0439,2026-02-06,117/88,135.3,99.5,76
HM05697,P0859,2026-04-12,110/74,146.4,96.5,45
HM05698,P0309,2026-07-03,142/83,115.6,97.0,57
HM05699,P0394,2026-01-17,112/84,94.5,99.0,66
HM05700,P0222,2026-02-07,114/88,101.8,97.9,70
HM05701,P0924,2026-08-23,108/84,131.9,98.4,70
HM05702,P0098,2026-04-26,120/99,65.3,99.9,79
HM05703,P0450,2026-07-26,121/91,60.0,99.4,100
HM05704,P0006,2026-03-29,146/55,141.7,99.7,96
HM05705,P0985,2026-04-02,96/92,177.8,98.2,60
HM05706,P0103,2026-04-02,141/92,110.1,97.1,89
HM05707,P0903,2026-05-21,109/84,169.5,96.7,88
HM05708,P0021,2026-06-26,120/77,133.0,97.5,63
HM05709,P0396,2026-06-04,90/94,102.0,98.7,72
HM05710,P0660,2026-08-09,101/87,126.5,98.0,81
HM05711,P0845,2026-06-01,105/92,160.2,98.9,73
HM05712,P0679,2026-04-14,126/98,159.8,100.0,68
HM05713,P0212,2026-05-08,107/81,129.2,98.1,73
HM05714,P0645,2026-09-16,150/78,72.5,97.2,80
HM05715,P1000,2026-06-01,185/68,104.0,100.4,72
HM05716,P0944,2026-07-08,134/102,81.7,97.9,72
HM05717,P0679,2026-06-22,94/98,94.5,97.4,72
HM05718,P0207,2026-08-25,143/81,87.3,98.6,87
HM05719,P0837,2026-04-14,124/77,150.6,98.0,97
HM05720,P0079,2026-01-16,109/70,83.4,98.0,78
HM05721,P0749,2026-03-07,98/81,134.8,96.9,71
HM05722,P0755,2026-02-02,136/66,103.9,99.2,99
HM05723,P0825,2026-06-04,133/77,97.5,99.0,91
HM05724,P0644,2026-07-01,101/90,93.8,97.4,76
HM05725,P0105,2026-07-17,144/83,124.9,98.5,83
HM05726,P0371,2026-07-20,122/87,91.9,98.8,88
HM05727,P0925,2026-04-19,138/89,131.3,99.3,50
HM05728,P0785,2026-07-06,142/103,93.2,97.5,93
HM05729,P0730,2026-03-13,106/71,120.9,97.5,88
HM05730,P0059,2026-05-30,109/84,125.0,99.7,91
HM05731,P0700,2026-08-03,114/64,144.3,97.6,73
HM05732,P0780,2026-03-12,103/88,92.4,98.2,77
HM05733,P0228,2026-04-08,128/87,106.5,97.5,55
HM05734,P0034,2026-08-09,127/78,90.1,98.3,88
HM05735,P0317,2026-03-26,147/61,102.4,99.1,97
HM05736,P0146,2026-01-01,108/96,67.7,99.2,74
HM05737,P0509,2026-07-10,156/74,104.2,98.1,59
HM05738,P0785,2026-06-03,90/86,149.6,98.7,62
HM05739,P0519,2026-06-03,134/68,129.3,99.2,82
HM05740,P0206,2026-08-29,154/78,107.4,98.3,61
HM05741,P0331,2026-08-18,116/76,105.1,98.4,60
HM05742,P0639,2026-03-14,102/93,60.0,98.8,73
HM05743,P0702,2026-09-21,128/98,110.4,98.8,78
HM05744,P0538,2026-09-24,122/77,139.5,97.5,64
HM05745,P0439,2026-03-07,126/82,60.0,98.2,63
HM05746,P0725,2026-04-21,137/58,182.4,97.9,67
HM05747,P0305,2026-06-19,119/86,146.2,98.0,60
HM05748,P0785,2026-07-05,100/83,149.6,99.2,80
HM05749,P0911,2026-08-26,144/102,156.7,99.0,68
HM05750,P0379,2026-06-05,144/85,137.8,99.3,82
HM05751,P0100,2026-09-28,122/67,104.6,98.4,81
HM05752,P0487,2026-07-03,129/91,145.3,98.1,67
HM05753,P0439,2026-03-04,132/106,126.2,97.9,84
HM05754,P0198,2026-01-23,136/87,163.1,98.5,93
HM05755,P0725,2026-01-17,129/98,157.2,99.0,87
HM05756,P0027,2026-08-13,171/92,85.3,98.4,74
HM05757,P0964,2026-08-24,166/95,186.1,97.5,91
HM05758,P0864,2026-05-26,97/60,101.1,99.6,66
HM05759,P0514,2026-01-04,124/94,144.6,100.2,78
HM05760,P0176,2026-03-02,116/66,102.1,97.2,56
HM05761,P0651,2026-04-24,164/80,205.7,97.4,72
HM05762,P0817,2026-07-07,109/72,145.6,98.7,88
HM05763,P0357,2026-02-27,151/93,79.7,97.7,79
HM05764,P0016,2026-04-15,190/89,118.7,98.8,70
HM05765,P0145,2026-03-15,130/91,114.0,97.5,77
HM05766,P0497,2026-06-28,118/63,95.0,96.9,63
HM05767,P0841,2026-03-06,102/91,167.1,96.8,96
HM05768,P0178,2026-03-22,102/88,124.0,98.8,64
HM05769,P0878,2026-05-30,90/70,129.9,100.0,65
HM05770,P0034,2026-05-17,123/71,114.4,96.5,95
HM05771,P0432,2026-04-22,125/91,106.9,98.4,91
HM05772,P0861,2026-02-05,127/82,87.2,97.7,65
HM05773,P0283,2026-09-04,110/95,178.3,97.1,82
HM05774,P0323,2026-06-02,118/96,119.7,98.2,69
HM05775,P0933,2026-04-24,94/89,127.4,98.5,70
HM05776,P0962,2026-07-25,122/89,149.4,97.1,70
HM05777,P0510,2026-02-05,97/82,146.0,97.9,70
HM05778,P0673,2026-02-09,118/107,156.7,98.9,81
HM05779,P0102,2026-09-09,124/69,77.8,97.7,66
HM05780,P0866,2026-08-12,112/78,114.1,97.6,83
HM05781,P0060,2026-04-05,121/82,88.9,98.8,71
HM05782,P0108,2026-08-27,157/77,111.7,98.7,87
HM05783,P0059,2026-07-25,143/101,138.2,98.1,71
HM05784,P0053,2026-01-07,122/97,66.5,97.5,75
HM05785,P0538,2026-09-18,108/75,178.2,97.9,82
HM05786,P0488,2026-05-27,91/66,147.6,99.7,80
HM05787,P0165,2026-06-23,118/85,60.0,98.4,65
HM05788,P0732,2026-06-03,140/55,93.0,98.2,68
HM05789,P0097,2026-09-14,117/90,114.1,97.4,89
HM05790,P0884,2026-07-03,130/83,83.8,96.0,67
HM05791,P0272,2026-08-31,104/72,85.5,98.3,88
HM05792,P0520,2026-02-10,146/90,83.6,98.3,96
HM05793,P0403,2026-06-08,93/96,80.1,98.5,82
HM05794,P0500,2026-02-18,128/106,104.5,96.7,82
HM05795,P0912,2026-01-30,121/86,145.9,98.2,83
HM05796,P0395,2026-02-23,127/101,102.0,97.6,88
HM05797,P0130,2026-07-03,106/84,109.1,98.1,107
HM05798,P0190,2026-05-27,149/92,133.6,97.6,81
HM05799,P0642,2026-02-09,136/82,118.3,97.8,81
HM05800,P0468,2026-05-28,114/88,60.0,99.4,62
HM05801,P0321,2026-01-26,103/84,133.9,100.1,81
HM05802,P0296,2026-04-30,124/82,170.7,100.4,75
HM05803,P0620,2026-05-14,135/79,111.7,99.9,66
HM05804,P0766,2026-02-07,90/83,157.0,98.4,84
HM05805,P0268,2026-04-03,140/81,134.5,98.7,54
HM05806,P0957,2026-03-04,127/61,113.7,97.8,90
HM05807,P0863,2026-08-07,129/85,108.3,99.1,58
HM05808,P0484,2026-05-03,107/95,99.8,96.3,95
HM05809,P0139,2026-05-21,146/88,118.3,99.7,93
HM05810,P0315,2026-06-01,155/88,119.3,97.8,62
HM05811,P0163,2026-06-23,135/87,102.8,98.8,74
HM05812,P0895,2026-01-05,142/69,78.1,98.0,87
HM05813,P0624,2026-06-15,101/92,60.0,98.0,61
HM05814,P0636,2026-07-16,90/84,108.8,96.9,71
HM05815,P0417,2026-02-11,133/75,108.0,97.8,71
HM05816,P0434,2026-01-14,113/72,88.6,97.3,73
HM05817,P0576,2026-05-25,112/67,141.8,99.3,77
HM05818,P0438,2026-08-22,126/71,152.3,99.8,76
HM05819,P0068,2026-03-26,114/84,119.5,97.7,83
HM05820,P0516,2026-05-13,143/70,204.0,96.8,67
HM05821,P0273,2026-07-22,129/106,95.3,97.2,84
HM05822,P0745,2026-02-14,120/87,112.5,97.4,106
HM05823,P0015,2026-08-09,90/101,147.7,97.5,100
HM05824,P0036,2026-06-14,97/92,60.0,97.2,64
HM05825,P0140,2026-07-27,109/80,86.1,96.4,83
HM05826,P0131,2026-01-31,125/84,121.0,99.1,77
HM05827,P0928,2026-07-24,145/70,89.8,99.4,94
HM05828,P0614,2026-07-11,136/69,81.1,99.4,93
HM05829,P0112,2026-04-04,123/108,131.1,97.2,74
HM05830,P0989,2026-06-02,125/81,158.8,97.3,62
HM05831,P0446,2026-05-27,137/73,199.8,99.0,71
HM05832,P0451,2026-04-17,149/88,137.2,98.1,83
HM05833,P0787,2026-08-20,90/95,60.0,97.8,58
HM05834,P0844,2026-01-16,114/79,73.1,96.0,80
HM05835,P0685,2026-07-01,166/75,148.6,99.6,55
HM05836,P0844,2026-02-22,115/64,86.8,99.7,80
HM05837,P0498,2026-04-10,140/79,72.6,98.8,93
HM05838,P0112,2026-04-23,131/85,71.8,98.8,94
HM05839,P0178,2026-05-06,133/58,172.2,97.3,82
HM05840,P0975,2026-08-01,144/92,60.0,98.3,78
HM05841,P0693,2026-01-03,153/85,165.7,98.7,77
HM05842,P0766,2026-09-15,128/98,69.6,99.0,70
HM05843,P0182,2026-02-18,108/92,84.1,98.5,72
HM05844,P0938,2026-02-27,90/85,119.4,96.5,69
HM05845,P0833,2026-01-16,90/88,163.6,99.0,89
HM05846,P0847,2026-02-06,114/86,114.7,98.4,89
HM05847,P0135,2026-01-07,148/75,65.7,98.0,75
HM05848,P0571,2026-09-12,130/89,60.0,97.6,66
HM05849,P0315,2026-02-17,150/77,97.0,98.7,70
HM05850,P0411,2026-08-20,124/101,177.5,97.8,75
HM05851,P0534,2026-07-16,112/56,151.3,100.4,72
HM05852,P0203,2026-03-01,108/76,118.0,97.2,72
HM05853,P0181,2026-02-02,145/81,159.5,98.5,64
HM05854,P0625,2026-09-20,113/82,75.7,97.1,63
HM05855,P0145,2026-01-22,135/75,156.4,97.4,48
HM05856,P0066,2026-07-29,122/99,116.2,97.0,58
HM05857,P0592,2026-05-03,148/70,169.0,98.8,68
HM05858,P0801,2026-08-06,148/68,64.3,97.4,87
HM05859,P0458,2026-01-05,147/75,60.0,96.8,65
HM05860,P0167,2026-01-17,99/83,182.8,98.9,64
HM05861,P0970,2026-04-23,111/74,128.6,99.6,72
HM05862,P0344,2026-07-13,155/105,102.8,97.9,73
HM05863,P0239,2026-09-04,126/75,145.9,96.8,71
HM05864,P0583,2026-01-18,131/90,191.8,97.0,70
HM05865,P0362,2026-03-14,90/66,60.0,97.7,75
HM05866,P0605,2026-07-18,134/76,131.4,98.3,65
HM05867,P0569,2026-08-19,91/87,172.6,100.5,89
HM05868,P0812,2026-09-13,154/85,125.6,98.3,76
HM05869,P0046,2026-03-02,137/73,109.8,97.1,83
HM05870,P0458,2026-04-10,105/80,132.5,98.7,87
HM05871,P0120,2026-05-09,120/85,98.0,96.4,84
HM05872,P0933,2026-08-12,130/92,114.1,96.8,76
HM05873,P0732,2026-03-21,142/85,109.9,96.7,65
HM05874,P0057,2026-08-23,134/60,103.9,98.2,91
HM05875,P0116,2026-09-03,137/91,125.6,97.4,70
HM05876,P0290,2026-06-14,106/87,90.7,97.8,78
HM05877,P0411,2026-05-05,157/87,88.0,98.3,97
HM05878,P0732,2026-08-15,137/60,83.0,97.3,95
HM05879,P0538,2026-09-25,150/72,92.4,98.2,78
HM05880,P0196,2026-07-22,105/77,64.1,99.3,56
HM05881,P0283,2026-07-16,90/85,71.7,97.7,78
HM05882,P0237,2026-07-07,138/77,177.3,98.2,92
HM05883,P0978,2026-05-31,130/105,152.0,98.2,85
HM05884,P0707,2026-09-12,119/76,69.4,97.5,102
HM05885,P0621,2026-01-13,100/72,111.7,98.1,82
HM05886,P0624,2026-04-24,115/85,155.0,99.3,74
HM05887,P0233,2026-04-20,137/66,89.7,97.1,77
HM05888,P0667,2026-02-08,107/61,101.5,96.6,93
HM05889,P0733,2026-01-02,113/91,97.8,97.1,92
HM05890,P0035,2026-05-25,126/102,98.7,97.8,90
HM05891,P0685,2026-04-26,145/81,231.7,97.9,62
HM05892,P0438,2026-07-25,104/76,168.2,98.0,96
HM05893,P0995,2026-06-20,133/93,128.6,98.5,87
HM05894,P0351,2026-05-20,113/73,127.2,99.9,59
HM05895,P0017,2026-01-07,90/76,151.1,98.2,63
HM05896,P0644,2026-08-08,126/59,137.0,97.9,77
HM05897,P0480,2026-01-13,133/82,96.1,99.1,87
HM05898,P0071,2026-08-02,90/77,77.2,97.1,84
HM05899,P0607,2026-07-21,116/78,91.6,98.5,86
HM05900,P0388,2026-05-18,168/77,64.3,97.7,88
HM05901,P0569,2026-06-26,109/62,88.7,97.7,65
HM05902,P0189,2026-07-01,129/79,142.6,97.8,84
HM05903,P0437,2026-09-08,115/66,96.0,96.7,99
HM05904,P0193,2026-04-29,127/70,101.8,96.0,95
HM05905,P0639,2026-02-03,151/81,126.2,97.1,63
HM05906,P0111,2026-08-22,91/78,152.1,97.9,82
HM05907,P0432,2026-05-30,144/60,179.6,99.2,84
HM05908,P0713,2026-06-24,143/91,125.2,99.5,72
HM05909,P0676,2026-08-31,134/95,60.0,98.6,86
HM05910,P0704,2026-07-18,90/83,87.2,98.6,76
HM05911,P0189,2026-07-08,106/93,100.4,98.4,93
HM05912,P0141,2026-03-18,106/80,97.7,98.0,103
HM05913,P0042,2026-02-15,134/83,133.3,98.6,56
HM05914,P0885,2026-04-29,170/62,175.6,98.8,80
HM05915,P0420,2026-03-31,118/111,136.2,98.2,71
HM05916,P0489,2026-03-22,111/80,82.4,98.8,70
HM05917,P0007,2026-08-13,145/91,113.1,98.7,85
HM05918,P0191,2026-02-12,95/100,106.0,98.8,86
HM05919,P0505,2026-07-06,90/72,144.4,98.3,86
HM05920,P0465,2026-06-04,126/94,119.0,99.5,66
HM05921,P0153,2026-06-17,122/72,128.6,97.9,75
HM05922,P0345,2026-01-08,110/74,114.6,96.4,50
HM05923,P0951,2026-03-15,126/55,108.2,97.9,84
HM05924,P0795,2026-05-20,111/98,144.7,96.8,74
HM05925,P0539,2026-04-16,155/71,113.1,99.5,71
HM05926,P0004,2026-03-30,147/69,60.0,99.3,83
HM05927,P0220,2026-04-27,135/66,79.5,99.2,80
HM05928,P0224,2026-06-12,122/82,167.8,98.9,72
HM05929,P0243,2026-07-17,96/87,82.7,97.1,93
HM05930,P0781,2026-09-28,142/84,71.7,99.8,90
HM05931,P0793,2026-03-12,118/73,117.7,97.8,104
HM05932,P0974,2026-09-25,117/67,170.6,97.7,87
HM05933,P0704,2026-06-10,138/79,80.9,98.2,63
HM05934,P0649,2026-05-02,124/89,175.1,97.2,74
HM05935,P0277,2026-03-06,114/83,61.7,97.4,57
HM05936,P0287,2026-05-25,96/72,173.5,98.5,78
HM05937,P0331,2026-07-08,151/84,131.7,97.8,70
HM05938,P0118,2026-04-05,98/72,105.2,98.5,77
HM05939,P0887,2026-08-26,117/69,129.0,97.8,82
HM05940,P0689,2026-05-20,90/84,141.1,98.8,75
HM05941,P0534,2026-07-21,143/64,111.9,98.0,90
HM05942,P0100,2026-02-25,90/67,176.2,96.0,87
HM05943,P0437,2026-02-06,110/83,164.5,98.5,95
HM05944,P0846,2026-04-29,115/75,142.5,97.8,85
HM05945,P0785,2026-08-09,148/90,60.0,97.9,81
HM05946,P0410,2026-05-14,120/80,125.3,97.7,75
HM05947,P0082,2026-02-01,101/74,61.6,98.3,75
HM05948,P0217,2026-07-26,106/101,106.4,98.5,70
HM05949,P0678,2026-01-02,116/83,103.4,98.2,87
HM05950,P0998,2026-01-22,114/64,61.6,99.5,89
HM05951,P0252,2026-03-04,138/74,68.3,97.9,76
HM05952,P0836,2026-07-07,102/62,60.0,98.8,63
HM05953,P0264,2026-09-22,131/75,135.6,98.5,75
HM05954,P0752,2026-05-31,127/78,93.5,99.1,72
HM05955,P0121,2026-05-27,123/63,124.6,97.7,72
HM05956,P0325,2026-06-09,108/78,60.0,98.8,77
HM05957,P0572,2026-02-05,115/61,130.2,97.6,93
HM05958,P0555,2026-06-05,134/98,119.8,99.2,83
HM05959,P0771,2026-08-15,115/82,85.8,100.1,76
HM05960,P0866,2026-05-19,125/84,77.0,99.4,65
HM05961,P0961,2026-06-28,99/78,70.2,99.6,75
HM05962,P0110,2026-08-16,90/82,134.4,97.8,61
HM05963,P0406,2026-05-16,122/74,80.9,97.2,79
HM05964,P0513,2026-06-27,143/85,60.0,98.8,87
HM05965,P0508,2026-01-27,152/68,113.0,98.7,71
HM05966,P0560,2026-09-01,136/79,85.4,97.5,92
HM05967,P0877,2026-01-17,105/65,127.1,98.2,62
HM05968,P0505,2026-06-20,114/70,92.5,100.5,74
HM05969,P0494,2026-03-14,107/104,146.1,98.9,68
HM05970,P0510,2026-01-29,148/89,120.1,96.7,77
HM05971,P0206,2026-01-04,159/82,101.8,98.0,76
HM05972,P0559,2026-05-18,109/79,165.5,99.4,68
HM05973,P0305,2026-01-09,150/89,137.2,98.6,66
HM05974,P0989,2026-08-30,116/89,72.8,97.3,81
HM05975,P0386,2026-01-05,109/89,88.6,98.4,81
HM05976,P0559,2026-06-22,115/77,91.2,98.2,66
HM05977,P0974,2026-01-28,120/88,75.2,97.8,84
HM05978,P0584,2026-04-03,90/102,151.6,96.8,52
HM05979,P0980,2026-07-19,125/66,148.7,98.6,79
HM05980,P0742,2026-04-29,113/99,141.4,98.7,92
HM05981,P0757,2026-08-12,104/95,105.7,98.5,76
HM05982,P0409,2026-04-19,90/91,60.0,97.3,72
HM05983,P0992,2026-04-11,90/66,123.6,97.9,74
HM05984,P0301,2026-07-31,106/80,103.6,96.7,75
HM05985,P0518,2026-09-14,100/90,101.3,100.5,89
HM05986,P0755,2026-04-18,122/86,60.0,99.1,68
HM05987,P0738,2026-04-24,126/71,93.3,98.0,78
HM05988,P0908,2026-07-08,124/79,60.0,100.3,80
HM05989,P0316,2026-07-04,133/75,84.4,98.3,81
HM05990,P0150,2026-04-10,151/104,166.7,96.6,72
HM05991,P0363,2026-07-20,131/75,113.5,96.3,88
HM05992,P0325,2026-05-20,90/61,79.5,98.1,58
HM05993,P0512,2026-06-30,103/93,111.1,98.6,63
HM05994,P0790,2026-08-21,123/78,87.2,98.2,55
HM05995,P0713,2026-09-28,133/75,106.0,99.0,83
HM05996,P0285,2026-09-20,118/66,161.5,97.0,85
HM05997,P0290,2026-05-02,93/91,150.4,96.5,83
HM05998,P0678,2026-07-12,132/88,127.8,97.3,75
HM05999,P0622,2026-08-31,158/66,126.3,99.2,66
HM06000,P0199,2026-09-22,96/64,128.8,97.1,76
HM06001,P0964,2026-03-16,152/79,87.8,98.3,77
HM06002,P0695,2026-07-30,134/99,128.9,100.0,83
HM06003,P0980,2026-09-11,109/107,110.6,97.3,105
HM06004,P0492,2026-07-18,110/70,95.7,98.3,89
HM06005,P0552,2026-03-16,90/91,95.6,97.8,98
HM06006,P0333,2026-05-16,129/85,113.3,98.9,97
HM06007,P0155,2026-03-07,90/93,169.1,98.7,69
HM06008,P0366,2026-08-24,101/108,83.3,99.6,82
HM06009,P0785,2026-08-23,165/76,60.0,98.2,60
HM06010,P0226,2026-05-27,178/87,142.2,98.9,69
HM06011,P0096,2026-01-05,122/81,183.0,97.2,69
HM06012,P0613,2026-05-20,117/71,63.9,96.0,56
HM06013,P0409,2026-07-09,146/79,144.2,97.7,76
HM06014,P0282,2026-03-12,157/98,148.0,98.4,84
HM06015,P0311,2026-08-19,132/77,100.8,99.2,62
HM06016,P0232,2026-01-28,154/76,69.0,97.7,67
HM06017,P0309,2026-02-26,113/72,92.8,97.9,77
HM06018,P0670,2026-08-31,140/77,126.4,98.2,84
HM06019,P0285,2026-09-01,125/72,82.9,98.4,93
HM06020,P0980,2026-09-10,120/71,106.0,97.7,69
HM06021,P0903,2026-04-24,96/77,123.3,97.2,67
HM06022,P0761,2026-06-26,106/63,81.6,98.0,61
HM06023,P0420,2026-07-12,122/71,82.5,98.5,70
HM06024,P0990,2026-02-16,115/95,82.8,99.6,73
HM06025,P0483,2026-01-02,102/73,117.4,99.3,87
HM06026,P0218,2026-09-09,126/95,60.0,98.4,81
HM06027,P0537,2026-09-04,131/60,79.4,98.1,91
HM06028,P0832,2026-07-09,163/72,69.2,98.9,109
HM06029,P0342,2026-07-13,147/71,215.1,98.8,68
HM06030,P0866,2026-04-07,163/69,93.3,98.9,77
HM06031,P0737,2026-01-02,125/80,154.0,96.1,81
HM06032,P0312,2026-02-18,119/70,88.6,96.0,68
HM06033,P0409,2026-05-21,150/89,108.3,96.9,87
HM06034,P0757,2026-02-04,151/92,81.1,97.4,97
HM06035,P0023,2026-02-23,100/85,60.0,97.9,85
HM06036,P0657,2026-05-25,124/86,72.1,97.5,83
HM06037,P0548,2026-06-02,138/82,148.1,96.7,72
HM06038,P0779,2026-05-26,161/95,137.2,98.1,90
HM06039,P0263,2026-05-06,133/61,149.9,97.4,87
HM06040,P0111,2026-07-29,92/99,105.4,97.2,69
HM06041,P0900,2026-05-08,118/79,161.1,98.3,51
HM06042,P0061,2026-03-17,100/113,119.7,99.1,74
HM06043,P0101,2026-02-27,104/74,119.5,97.8,101
HM06044,P0943,2026-05-20,112/67,143.3,99.0,78
HM06045,P0432,2026-06-22,112/57,157.7,99.0,72
HM06046,P0431,2026-07-13,126/77,172.0,97.3,70
HM06047,P0718,2026-08-20,110/83,117.0,98.4,67
HM06048,P0313,2026-08-22,154/74,156.6,101.0,67
HM06049,P0120,2026-08-18,131/78,186.1,97.9,80
HM06050,P0604,2026-07-26,129/78,141.4,98.3,83
HM06051,P0787,2026-01-17,129/72,105.6,98.7,84
HM06052,P0470,2026-01-15,149/102,96.8,98.3,75
HM06053,P0351,2026-01-21,102/86,142.2,97.2,73
HM06054,P0066,2026-01-30,115/61,113.7,97.2,79
HM06055,P0155,2026-04-17,130/84,130.4,99.6,68
HM06056,P0997,2026-03-08,109/87,110.4,99.2,84
HM06057,P0347,2026-08-17,163/78,63.1,98.5,77
HM06058,P0216,2026-08-04,135/87,96.3,97.3,76
HM06059,P0444,2026-09-26,90/80,100.7,99.0,54
HM06060,P0488,2026-06-26,125/98,138.6,99.1,82
HM06061,P0350,2026-07-02,91/81,129.3,97.2,76
HM06062,P0394,2026-08-31,90/75,99.7,99.5,70
HM06063,P0963,2026-03-02,119/79,94.3,98.8,54
HM06064,P0037,2026-03-22,147/79,160.6,96.0,48
HM06065,P0459,2026-04-26,119/86,95.6,98.7,89
HM06066,P0144,2026-05-14,138/81,118.3,97.6,77
HM06067,P0518,2026-02-01,104/70,133.0,97.8,69
HM06068,P0972,2026-05-30,133/84,107.5,98.1,82
HM06069,P0173,2026-05-13,144/82,73.3,98.0,73
HM06070,P0121,2026-07-17,103/85,135.1,98.9,66
HM06071,P0199,2026-05-25,128/79,125.8,98.3,77
HM06072,P0654,2026-04-24,122/93,84.8,98.0,90
HM06073,P0286,2026-07-08,108/70,140.7,96.9,85
HM06074,P0461,2026-08-14,115/84,72.3,99.3,63
HM06075,P0788,2026-05-21,139/65,178.3,98.1,101
HM06076,P0915,2026-07-25,108/74,157.4,96.9,69
HM06077,P0231,2026-09-16,134/67,133.3,98.4,59
HM06078,P0679,2026-02-20,144/64,142.0,98.3,72
HM06079,P0566,2026-02-24,102/83,84.5,99.3,92
HM06080,P0220,2026-01-15,157/83,100.8,97.9,73
HM06081,P0155,2026-06-15,129/85,158.1,98.2,61
HM06082,P0835,2026-06-14,116/98,60.5,98.9,73
HM06083,P0260,2026-08-18,107/84,169.6,98.5,74
HM06084,P0273,2026-07-14,99/78,68.4,97.9,77
HM06085,P0339,2026-01-20,90/96,71.7,98.0,84
HM06086,P0217,2026-03-23,151/70,60.0,99.2,63
HM06087,P0677,2026-06-04,132/85,60.0,96.7,72
HM06088,P0998,2026-02-26,90/63,119.3,98.1,81
HM06089,P0548,2026-03-30,133/59,70.0,98.9,96
HM06090,P0020,2026-04-16,105/83,143.2,98.4,75
HM06091,P0580,2026-08-23,112/103,118.4,98.6,81
HM06092,P0256,2026-06-10,108/80,103.7,97.9,81
HM06093,P0886,2026-05-16,106/65,132.6,97.7,73
HM06094,P0021,2026-01-18,90/91,133.3,98.8,82
HM06095,P0706,2026-06-10,94/82,93.7,97.3,84
HM06096,P0975,2026-05-12,158/97,136.8,98.2,75
HM06097,P0912,2026-04-07,106/76,146.8,99.8,68
HM06098,P0359,2026-03-24,90/73,146.6,100.1,93
HM06099,P0499,2026-03-16,150/69,86.3,97.0,70
HM06100,P0609,2026-07-24,143/99,127.1,98.0,65
HM06101,P0371,2026-01-20,122/82,63.8,99.0,72
HM06102,P0235,2026-04-01,142/79,125.4,97.6,73
HM06103,P0283,2026-05-27,137/78,76.3,98.3,82
HM06104,P0751,2026-09-09,152/93,112.7,97.7,75
HM06105,P0364,2026-03-02,114/86,151.5,99.3,73
HM06106,P0444,2026-05-05,114/74,60.0,97.1,77
HM06107,P0875,2026-01-11,132/85,87.7,97.8,74
HM06108,P0599,2026-01-10,117/88,69.2,97.2,74
HM06109,P0787,2026-04-16,97/57,62.7,98.0,85
HM06110,P0556,2026-09-01,138/99,118.6,98.4,74
HM06111,P0519,2026-06-09,120/104,124.1,98.5,64
HM06112,P0202,2026-03-20,133/87,153.9,98.8,76
HM06113,P0139,2026-04-08,121/79,118.8,99.3,90
HM06114,P0341,2026-05-19,140/104,60.0,97.8,77
HM06115,P0903,2026-03-10,111/68,60.0,97.9,88
HM06116,P0151,2026-02-25,140/70,122.7,99.4,59
HM06117,P0010,2026-09-18,121/83,115.4,99.0,60
HM06118,P0823,2026-01-17,104/88,60.0,98.9,83
HM06119,P0768,2026-03-15,139/74,132.8,97.1,73
HM06120,P0662,2026-04-26,125/69,122.6,97.2,81
HM06121,P0807,2026-09-28,159/64,114.2,96.7,68
HM06122,P0450,2026-01-31,139/74,141.0,98.5,77
HM06123,P0183,2026-05-27,104/88,125.6,96.8,66
HM06124,P0099,2026-08-10,90/63,104.0,97.2,68
HM06125,P0155,2026-02-14,152/92,90.7,98.9,92
HM06126,P0204,2026-01-09,137/83,153.4,98.9,63
HM06127,P0858,2026-07-15,121/73,155.3,97.7,68
HM06128,P0656,2026-04-21,145/83,188.9,97.4,71
HM06129,P0081,2026-06-03,147/64,161.2,97.1,85
HM06130,P0186,2026-01-23,90/80,67.1,99.9,65
HM06131,P0373,2026-05-28,108/86,94.0,98.8,69
HM06132,P0118,2026-01-20,109/79,72.4,98.6,88
HM06133,P0379,2026-03-15,136/87,60.0,97.8,75
HM06134,P0533,2026-05-23,154/73,60.0,97.3,70
HM06135,P0545,2026-08-21,90/91,60.1,98.6,64
HM06136,P0629,2026-01-01,155/76,98.2,98.7,65
HM06137,P0896,2026-01-18,136/74,94.2,98.1,64
HM06138,P0977,2026-07-31,121/84,60.0,99.2,87
HM06139,P0559,2026-03-16,90/55,144.5,98.9,85
HM06140,P0877,2026-03-09,96/101,88.6,98.4,81
HM06141,P0640,2026-01-31,156/81,129.6,98.1,63
HM06142,P0302,2026-07-13,90/80,65.6,98.5,79
HM06143,P0937,2026-06-21,127/67,151.3,98.6,63
HM06144,P0206,2026-08-08,166/77,68.3,97.5,59
HM06145,P0619,2026-01-05,152/92,140.9,98.7,92
HM06146,P0626,2026-01-08,120/85,86.6,98.1,83
HM06147,P0513,2026-05-14,90/72,120.8,98.1,72
HM06148,P0949,2026-07-07,136/71,72.2,99.3,90
HM06149,P0405,2026-03-15,113/79,144.6,98.2,84
HM06150,P0766,2026-02-05,134/76,133.1,97.3,82
HM06151,P0991,2026-02-13,123/75,71.4,98.3,78
HM06152,P0813,2026-04-30,108/60,60.0,98.0,81
HM06153,P0316,2026-08-04,161/79,60.0,98.0,93
HM06154,P0117,2026-03-26,111/93,121.2,98.8,100
HM06155,P0092,2026-07-04,90/90,111.7,97.3,76
HM06156,P0272,2026-04-06,158/96,60.0,97.5,89
HM06157,P0015,2026-09-26,124/79,60.1,97.5,61
HM06158,P0754,2026-05-29,91/64,82.5,97.5,67
HM06159,P0299,2026-06-04,145/69,164.9,97.8,83
HM06160,P0015,2026-05-18,134/69,103.5,97.7,82
HM06161,P0783,2026-02-08,122/71,119.2,98.5,100
HM06162,P0204,2026-02-20,126/80,130.0,97.3,57
HM06163,P0373,2026-07-12,118/92,158.2,96.5,85
HM06164,P0046,2026-02-23,90/85,129.0,96.6,90
HM06165,P0871,2026-04-20,159/79,119.9,99.5,64
HM06166,P0799,2026-02-10,102/69,116.3,98.2,71
HM06167,P0541,2026-03-30,118/73,97.8,97.5,68
HM06168,P0983,2026-06-13,90/77,60.0,98.9,71
HM06169,P0750,2026-06-18,122/75,106.5,99.3,61
HM06170,P0092,2026-02-12,92/81,97.6,98.5,86
HM06171,P0887,2026-01-20,102/87,79.2,98.3,63
HM06172,P0197,2026-05-28,127/79,76.4,97.0,87
HM06173,P0625,2026-09-21,115/92,96.0,99.4,66
HM06174,P0837,2026-07-09,154/82,129.0,97.3,86
HM06175,P0827,2026-03-01,140/76,60.0,97.2,64
HM06176,P0600,2026-02-19,133/74,99.4,97.7,95
HM06177,P0727,2026-03-14,125/82,93.3,98.2,66
HM06178,P0077,2026-09-18,131/66,141.0,97.5,89
HM06179,P0181,2026-02-04,163/80,160.9,98.9,60
HM06180,P0385,2026-01-09,127/86,135.9,98.4,79
HM06181,P0520,2026-09-08,125/81,72.2,98.0,60
HM06182,P0618,2026-07-20,115/72,92.1,97.3,81
HM06183,P0796,2026-09-17,118/74,65.7,97.9,91
HM06184,P0004,2026-04-24,148/84,104.7,98.7,69
HM06185,P0938,2026-03-23,119/71,146.8,98.9,77
HM06186,P0313,2026-06-29,159/84,127.5,98.4,62
HM06187,P0169,2026-07-19,107/79,113.4,98.7,69
HM06188,P0630,2026-09-25,126/81,119.5,98.2,61
HM06189,P0538,2026-03-17,90/68,96.4,97.1,77
HM06190,P0750,2026-02-05,146/88,131.3,99.1,66
HM06191,P0834,2026-07-07,115/87,98.4,97.8,100
HM06192,P0622,2026-06-02,126/101,60.0,97.6,82
HM06193,P0645,2026-04-05,126/55,107.0,100.4,80
HM06194,P0240,2026-08-15,137/72,123.5,98.2,91
HM06195,P0474,2026-04-14,146/84,117.5,96.7,57
HM06196,P0169,2026-08-12,126/90,161.6,97.4,59
HM06197,P0275,2026-02-16,143/70,60.0,97.8,71
HM06198,P0863,2026-04-28,151/90,89.2,99.5,79
HM06199,P0373,2026-07-13,146/95,105.8,98.7,73
HM06200,P0383,2026-04-09,143/81,148.6,99.6,84
HM06201,P0054,2026-05-24,123/79,60.0,97.6,89
HM06202,P0224,2026-06-10,144/71,120.8,98.0,86
HM06203,P0679,2026-03-12,169/88,91.5,98.1,94
HM06204,P0472,2026-04-26,96/72,139.8,99.4,85
HM06205,P0112,2026-07-06,112/86,129.5,98.5,76
HM06206,P0781,2026-07-30,126/69,201.8,98.3,84
HM06207,P0970,2026-02-14,120/90,69.6,96.6,77
HM06208,P0589,2026-01-30,166/94,86.7,98.7,70
HM06209,P0292,2026-06-15,133/86,147.4,96.8,62
HM06210,P0130,2026-05-05,123/67,76.2,98.4,67
HM06211,P0671,2026-07-27,170/73,105.5,98.5,59
HM06212,P0969,2026-07-09,135/84,102.8,98.4,83
HM06213,P0401,2026-09-04,153/110,77.8,97.0,79
HM06214,P0468,2026-09-22,90/87,119.0,98.5,74
HM06215,P0095,2026-05-14,130/85,122.0,97.0,80
HM06216,P0492,2026-05-28,162/82,119.8,99.6,69
HM06217,P0280,2026-09-03,142/73,153.0,98.9,73
HM06218,P0196,2026-04-24,119/91,60.0,97.8,85
HM06219,P0425,2026-07-20,118/81,60.0,97.4,86
HM06220,P0230,2026-06-25,109/64,152.2,98.7,64
HM06221,P0642,2026-08-27,127/67,109.7,98.4,68
HM06222,P0802,2026-03-06,139/90,124.2,98.6,60
HM06223,P0010,2026-06-03,152/78,82.3,98.3,86
HM06224,P0280,2026-05-14,135/66,141.5,98.1,84
HM06225,P0005,2026-05-25,108/92,121.4,99.3,59
HM06226,P0632,2026-03-11,96/77,166.4,100.0,67
HM06227,P0689,2026-03-10,126/81,140.1,99.0,64
HM06228,P0396,2026-02-10,126/55,143.4,97.9,63
HM06229,P0992,2026-07-21,131/75,159.2,97.4,104
HM06230,P0668,2026-02-23,142/95,79.0,99.8,63
HM06231,P0806,2026-02-14,120/95,132.7,97.1,91
HM06232,P0065,2026-04-26,131/75,61.0,98.6,76
HM06233,P0463,2026-07-21,128/60,100.3,98.6,100
HM06234,P0620,2026-04-01,120/97,142.6,98.4,65
HM06235,P0254,2026-01-13,105/87,96.6,97.6,75
HM06236,P0194,2026-05-15,121/90,97.3,98.9,83
HM06237,P0599,2026-01-18,91/83,60.0,97.4,83
HM06238,P0838,2026-06-15,124/58,75.8,96.0,61
HM06239,P0286,2026-02-23,136/73,120.9,98.2,78
HM06240,P0023,2026-04-04,145/77,146.9,96.0,91
HM06241,P0530,2026-04-07,99/67,90.3,99.2,67
HM06242,P0944,2026-03-12,111/68,123.9,98.9,98
HM06243,P0399,2026-05-02,172/87,127.8,97.1,100
HM06244,P0138,2026-01-12,129/76,128.6,97.6,49
HM06245,P0767,2026-09-25,136/96,134.5,98.2,78
HM06246,P0848,2026-07-06,128/81,112.9,98.2,96
HM06247,P0553,2026-06-10,134/81,138.1,98.8,89
HM06248,P0991,2026-06-13,109/74,86.5,98.9,86
HM06249,P0360,2026-02-18,99/84,163.0,98.0,81
HM06250,P0621,2026-09-08,139/64,120.3,99.3,70
HM06251,P0817,2026-02-20,141/80,91.4,98.1,71
HM06252,P0503,2026-09-02,107/76,117.4,98.1,74
HM06253,P0910,2026-04-07,129/86,75.0,98.0,54
HM06254,P0613,2026-06-25,121/81,134.9,98.3,84
HM06255,P0994,2026-06-23,126/71,75.9,98.0,68
HM06256,P0089,2026-08-17,122/74,129.7,98.2,83
HM06257,P0441,2026-07-14,133/77,110.9,98.7,107
HM06258,P0252,2026-03-12,105/80,73.2,98.2,69
HM06259,P0594,2026-05-16,122/81,97.9,96.6,95
HM06260,P0718,2026-08-17,141/78,83.7,98.3,82
HM06261,P0766,2026-09-07,140/90,151.8,96.6,74
HM06262,P0173,2026-07-13,144/68,157.7,99.8,92
HM06263,P0598,2026-06-19,138/74,124.9,97.0,68
HM06264,P0355,2026-04-07,110/80,101.3,98.4,88
HM06265,P0156,2026-06-03,110/81,100.4,98.4,86
HM06266,P0940,2026-07-09,143/88,129.5,96.9,65
HM06267,P0963,2026-09-03,108/84,69.8,98.5,81
HM06268,P0157,2026-04-28,90/66,151.5,98.8,67
HM06269,P0821,2026-07-13,104/55,166.5,98.2,100
HM06270,P0565,2026-01-13,121/83,146.2,99.7,84
HM06271,P0547,2026-05-02,125/80,78.4,97.9,78
HM06272,P0375,2026-05-23,152/74,152.2,98.1,92
HM06273,P0592,2026-01-17,138/87,149.3,98.9,90
HM06274,P0953,2026-07-19,167/99,131.3,97.8,82
HM06275,P0887,2026-05-04,90/89,77.9,99.2,101
HM06276,P0878,2026-04-08,95/79,77.7,96.6,76
HM06277,P0966,2026-08-07,137/89,120.4,96.7,79
HM06278,P0563,2026-06-16,95/62,80.1,99.1,84
HM06279,P0330,2026-07-16,131/69,101.4,97.0,94
HM06280,P0824,2026-02-24,168/86,140.6,98.1,58
HM06281,P0297,2026-03-28,108/74,101.5,97.6,78
HM06282,P0046,2026-06-15,107/106,67.2,99.0,74
HM06283,P0239,2026-05-03,134/86,120.5,97.2,74
HM06284,P0291,2026-01-29,128/81,79.2,99.4,48
HM06285,P0567,2026-07-23,119/68,121.4,99.1,61
HM06286,P0874,2026-09-16,172/82,128.4,96.9,77
HM06287,P0224,2026-05-07,144/82,119.9,98.2,61
HM06288,P0694,2026-04-20,97/94,145.9,99.1,68
HM06289,P0819,2026-04-16,121/94,72.0,99.2,70
HM06290,P0333,2026-01-05,107/79,75.9,96.5,78
HM06291,P0689,2026-06-29,135/94,136.2,100.0,94
HM06292,P0686,2026-06-22,139/85,158.1,96.2,72
HM06293,P0367,2026-01-05,90/87,89.0,100.9,71
HM06294,P0644,2026-01-10,127/75,97.9,97.1,62
HM06295,P0212,2026-04-09,90/86,100.1,99.9,63
HM06296,P0199,2026-01-16,154/98,159.7,98.4,73
HM06297,P0655,2026-03-17,150/70,124.5,98.2,67
HM06298,P0799,2026-09-06,130/88,82.4,98.6,51
HM06299,P0225,2026-05-15,104/74,127.5,99.0,78
HM06300,P0605,2026-08-08,136/78,129.2,98.5,71
HM06301,P0558,2026-06-27,117/87,178.4,99.3,64
HM06302,P0332,2026-08-16,102/73,118.5,98.2,92
HM06303,P0077,2026-03-08,150/80,107.0,98.7,90
HM06304,P0706,2026-07-22,136/74,93.6,97.2,80
HM06305,P0765,2026-05-14,137/88,155.3,99.5,61
HM06306,P0226,2026-01-22,133/85,112.4,97.5,95
HM06307,P0828,2026-03-02,113/55,115.7,98.0,100
HM06308,P0717,2026-07-10,134/76,108.1,98.0,104
HM06309,P0028,2026-05-07,138/63,106.4,98.2,64
HM06310,P0657,2026-04-23,90/87,86.8,99.3,78
HM06311,P0276,2026-04-25,115/55,157.8,98.5,72
HM06312,P0111,2026-06-07,107/99,77.8,97.9,84
HM06313,P0222,2026-07-03,154/77,89.3,98.1,88
HM06314,P0443,2026-03-02,147/63,119.0,96.9,88
HM06315,P0631,2026-07-06,133/68,168.7,98.5,80
HM06316,P0622,2026-09-18,121/79,101.6,97.5,92
HM06317,P0509,2026-04-14,115/73,110.5,99.5,91
HM06318,P0890,2026-05-13,117/94,118.8,97.4,72
HM06319,P0324,2026-03-17,152/104,126.2,97.7,76
HM06320,P0983,2026-08-06,109/72,90.0,98.1,79
HM06321,P0146,2026-04-04,122/77,141.6,98.0,76
HM06322,P0836,2026-02-24,121/98,97.8,98.7,69
HM06323,P0043,2026-07-29,131/86,152.9,97.9,64
HM06324,P0766,2026-04-13,109/91,187.9,99.0,62
HM06325,P0092,2026-09-04,141/68,102.8,98.4,82
HM06326,P0870,2026-02-13,126/72,152.1,97.7,93
HM06327,P0284,2026-07-09,97/82,72.1,97.4,71
HM06328,P0308,2026-09-20,155/95,145.6,98.2,80
HM06329,P0981,2026-09-02,150/88,115.6,99.5,87
HM06330,P0445,2026-03-18,129/74,95.8,97.9,83
HM06331,P0407,2026-05-18,141/62,60.0,97.3,73
HM06332,P0648,2026-06-08,148/76,123.9,98.6,65
HM06333,P0780,2026-08-24,154/72,169.6,98.1,73
HM06334,P0845,2026-08-09,102/82,193.9,98.6,81
HM06335,P0821,2026-09-22,111/87,120.5,98.1,83
HM06336,P0698,2026-08-13,90/78,73.1,98.2,69
HM06337,P0800,2026-05-28,111/63,154.0,97.6,70
HM06338,P0454,2026-06-30,155/86,60.0,99.4,97
HM06339,P0391,2026-09-10,156/88,76.4,98.2,60
HM06340,P0142,2026-07-29,107/66,93.1,98.3,72
HM06341,P0608,2026-08-10,115/76,167.5,100.1,72
HM06342,P0554,2026-01-23,131/69,141.9,97.8,69
HM06343,P0062,2026-05-17,165/63,60.0,98.9,73
HM06344,P0214,2026-05-08,112/112,140.6,98.1,69
HM06345,P0815,2026-09-06,133/59,96.9,98.2,80
HM06346,P0953,2026-05-09,122/71,147.2,96.7,74
HM06347,P0978,2026-08-19,114/92,98.9,98.6,81
HM06348,P0209,2026-08-29,90/79,60.0,98.5,69
HM06349,P0568,2026-02-20,148/77,88.0,99.3,67
HM06350,P0317,2026-01-30,142/85,102.2,97.0,92
HM06351,P0204,2026-02-01,135/70,123.6,99.1,79
HM06352,P0203,2026-02-05,129/92,168.8,98.1,61
HM06353,P0725,2026-09-07,98/71,82.3,96.7,100
HM06354,P0472,2026-05-10,135/73,113.9,96.6,91
HM06355,P0292,2026-05-26,90/86,60.0,97.8,92
HM06356,P0438,2026-05-09,92/78,137.0,98.6,78
HM06357,P0799,2026-07-24,134/72,182.6,96.8,91
HM06358,P0896,2026-02-10,128/87,142.8,98.7,68
HM06359,P0232,2026-08-14,119/62,104.6,98.5,85
HM06360,P0150,2026-09-13,132/58,95.3,97.6,62
HM06361,P0378,2026-07-22,108/80,164.5,97.3,64
HM06362,P0312,2026-08-07,113/84,157.8,98.1,60
HM06363,P0989,2026-03-01,100/82,149.8,99.8,63
HM06364,P0981,2026-05-28,127/67,83.5,97.3,73
HM06365,P0984,2026-01-21,107/109,98.9,99.1,70
HM06366,P0283,2026-07-23,169/84,144.3,97.7,89
HM06367,P0653,2026-08-03,131/75,77.2,98.0,74
HM06368,P0011,2026-05-26,142/77,60.0,98.8,93
HM06369,P0348,2026-07-05,91/101,163.9,97.6,64
HM06370,P0114,2026-05-16,146/63,91.6,97.0,78
HM06371,P0518,2026-03-02,154/84,150.6,97.9,79
HM06372,P0374,2026-05-27,100/78,88.9,98.1,75
HM06373,P0623,2026-08-11,118/105,176.9,99.5,99
HM06374,P0124,2026-02-01,153/79,110.6,98.4,75
HM06375,P0222,2026-07-28,104/83,60.2,98.3,66
HM06376,P0931,2026-08-13,123/82,102.7,96.7,63
HM06377,P0483,2026-07-22,134/73,134.6,98.2,75
HM06378,P0575,2026-03-10,131/71,129.0,97.8,108
HM06379,P0404,2026-06-30,102/75,103.9,97.0,86
HM06380,P0666,2026-06-26,116/55,139.3,97.6,76
HM06381,P0916,2026-04-09,138/75,101.9,100.4,52
HM06382,P0177,2026-03-20,99/66,177.6,97.6,80
HM06383,P0541,2026-07-20,115/87,114.6,98.4,93
HM06384,P0084,2026-04-30,133/71,125.9,100.4,84
HM06385,P0508,2026-02-03,128/63,140.4,99.0,81
HM06386,P0248,2026-06-03,127/113,144.9,99.3,78
HM06387,P0251,2026-08-02,122/87,110.4,98.2,83
HM06388,P0203,2026-09-27,114/82,117.8,99.1,70
HM06389,P0354,2026-07-20,90/76,128.9,99.1,69
HM06390,P0274,2026-04-09,135/93,141.3,97.5,69
HM06391,P0973,2026-02-18,133/99,115.5,98.1,61
HM06392,P0393,2026-04-15,117/71,116.0,96.8,74
HM06393,P0899,2026-09-11,104/91,84.9,97.7,81
HM06394,P0044,2026-09-04,115/108,147.6,98.2,82
HM06395,P0768,2026-06-07,90/94,132.9,98.1,84
HM06396,P0616,2026-06-12,138/75,128.3,99.1,83
HM06397,P0858,2026-04-14,119/83,163.4,98.9,64
HM06398,P0733,2026-06-23,136/85,155.7,98.2,73
HM06399,P0661,2026-02-16,97/71,157.3,98.4,76
HM06400,P0104,2026-06-16,150/93,89.2,99.3,58
HM06401,P0358,2026-04-02,134/84,155.2,98.5,75
HM06402,P0308,2026-01-18,121/112,117.9,98.7,53
HM06403,P0440,2026-04-12,108/86,60.0,98.7,69
HM06404,P0884,2026-02-15,104/71,168.5,98.5,67
HM06405,P0795,2026-02-03,140/89,101.7,99.1,90
HM06406,P0503,2026-08-01,142/71,73.7,96.7,70
HM06407,P0663,2026-08-06,117/76,113.3,99.8,73
HM06408,P0327,2026-05-21,124/58,193.0,97.0,69
HM06409,P0801,2026-06-11,138/82,172.5,98.8,77
HM06410,P0029,2026-06-12,145/93,91.9,99.1,75
HM06411,P0190,2026-03-14,122/81,101.7,97.8,89
HM06412,P0568,2026-09-24,94/67,138.6,98.1,89
HM06413,P0932,2026-09-16,132/63,117.2,98.7,80
HM06414,P0666,2026-02-20,115/76,95.4,97.0,60
HM06415,P0843,2026-06-30,132/69,135.1,97.7,62
HM06416,P0449,2026-05-09,116/105,111.7,98.8,80
HM06417,P0287,2026-05-21,96/97,106.3,97.0,71
HM06418,P0235,2026-02-06,120/88,91.2,100.6,66
HM06419,P0929,2026-04-14,137/56,110.7,98.5,64
HM06420,P0899,2026-09-28,154/85,103.9,98.6,70
HM06421,P0049,2026-02-01,150/92,128.1,98.8,60
HM06422,P0340,2026-03-01,154/78,150.9,98.9,90
HM06423,P0225,2026-06-07,104/68,193.7,96.8,64
HM06424,P0275,2026-09-25,125/80,96.1,98.8,88
HM06425,P0769,2026-04-22,124/76,114.2,97.8,57
HM06426,P0544,2026-06-08,131/89,109.6,96.2,71
HM06427,P0144,2026-05-11,143/62,139.4,97.8,77
HM06428,P0932,2026-08-30,111/66,165.2,98.9,85
HM06429,P0873,2026-03-07,143/86,148.0,97.6,94
HM06430,P0308,2026-03-18,150/84,104.9,97.1,80
HM06431,P0803,2026-08-16,158/66,150.6,97.8,73
HM06432,P0016,2026-02-13,101/70,137.6,98.9,80
HM06433,P0074,2026-08-26,114/66,117.2,97.9,80
HM06434,P0083,2026-04-16,118/76,120.6,98.5,92
HM06435,P0354,2026-05-24,118/86,178.1,98.7,91
HM06436,P0556,2026-08-02,112/71,109.4,98.2,90
HM06437,P0952,2026-09-17,110/78,152.6,98.4,77
HM06438,P0440,2026-02-14,129/66,75.0,96.8,80
HM06439,P0263,2026-01-02,143/89,155.0,99.5,79
HM06440,P0629,2026-07-17,123/97,90.5,97.1,73
HM06441,P0310,2026-07-05,115/80,85.2,98.5,71
HM06442,P0880,2026-01-24,149/65,110.1,97.9,80
HM06443,P0373,2026-05-10,143/83,110.5,98.8,88
HM06444,P0800,2026-04-14,130/84,137.6,96.7,73
HM06445,P0720,2026-05-24,132/76,104.9,98.5,82
HM06446,P0615,2026-06-07,134/70,65.4,98.9,69
HM06447,P0799,2026-02-02,108/69,155.3,98.4,82
HM06448,P0977,2026-01-31,138/79,150.4,97.1,64
HM06449,P0671,2026-04-13,102/85,132.7,97.8,75
HM06450,P0343,2026-07-07,150/71,125.3,97.6,91
HM06451,P0551,2026-08-05,137/63,105.9,96.3,88
HM06452,P0130,2026-06-19,165/55,65.1,98.4,77
HM06453,P0826,2026-07-11,116/59,126.3,99.0,112
HM06454,P0182,2026-03-24,151/64,114.6,98.7,69
HM06455,P0431,2026-04-06,140/88,158.3,98.9,81
HM06456,P0411,2026-02-12,112/64,122.7,97.8,74
HM06457,P0770,2026-07-12,147/96,71.8,98.0,72
HM06458,P0773,2026-05-15,131/55,63.9,98.1,87
HM06459,P0634,2026-09-05,126/88,121.9,99.3,95
HM06460,P0525,2026-06-22,109/90,132.8,100.5,68
HM06461,P0629,2026-08-10,122/67,80.9,98.5,80
HM06462,P0767,2026-04-14,135/86,106.8,98.0,66
HM06463,P0719,2026-01-26,110/79,121.9,98.8,85
HM06464,P0385,2026-08-21,156/68,106.9,97.4,93
HM06465,P0430,2026-08-07,114/93,165.8,98.6,81
HM06466,P0136,2026-09-02,125/76,99.7,98.1,99
HM06467,P0037,2026-03-22,104/82,139.9,97.9,82
HM06468,P0885,2026-03-31,94/95,154.6,98.1,67
HM06469,P0408,2026-01-18,140/66,79.8,98.2,96
HM06470,P0385,2026-09-01,137/72,60.0,98.2,81
HM06471,P0159,2026-05-03,123/101,110.4,96.1,73
HM06472,P0223,2026-02-09,134/84,108.8,97.9,54
HM06473,P0840,2026-06-15,126/75,123.7,98.6,92
HM06474,P0341,2026-02-18,105/64,94.9,97.5,68
HM06475,P0814,2026-03-18,153/81,184.0,98.2,63
HM06476,P0914,2026-05-03,108/92,75.3,98.7,73
HM06477,P0313,2026-05-21,106/96,94.4,97.5,77
HM06478,P0991,2026-03-09,114/106,152.1,97.7,72
HM06479,P0904,2026-08-09,90/81,88.9,98.3,54
HM06480,P0254,2026-01-22,124/100,116.9,97.5,77
HM06481,P0035,2026-03-31,123/106,103.4,97.1,78
HM06482,P0526,2026-03-28,128/86,141.5,100.0,70
HM06483,P0616,2026-06-19,111/57,138.2,97.4,88
HM06484,P0573,2026-02-21,115/100,64.8,99.1,88
HM06485,P0876,2026-04-08,135/66,133.6,98.3,56
HM06486,P0011,2026-08-29,156/75,166.8,98.1,89
HM06487,P0326,2026-01-03,107/82,120.0,97.9,67
HM06488,P0652,2026-06-01,90/69,139.5,96.9,63
HM06489,P0005,2026-08-24,96/82,83.7,99.3,86
HM06490,P0205,2026-02-15,129/83,88.3,97.5,86
HM06491,P0919,2026-02-20,143/88,98.5,97.8,66
HM06492,P0851,2026-07-17,140/56,60.0,96.4,52
HM06493,P0219,2026-03-05,152/89,73.0,98.1,95
HM06494,P0752,2026-05-14,135/105,111.0,97.6,65
HM06495,P0921,2026-08-26,125/91,118.5,97.9,93
HM06496,P0110,2026-07-05,135/78,88.2,98.0,83
HM06497,P0552,2026-03-10,109/65,98.2,98.2,94
HM06498,P0724,2026-08-09,101/82,105.3,98.0,96
HM06499,P0446,2026-01-17,126/69,146.1,98.9,65
HM06500,P0930,2026-01-13,101/84,113.8,97.8,90
HM06501,P0981,2026-01-29,113/85,156.1,97.9,56
HM06502,P0031,2026-04-04,116/82,150.1,97.7,98
HM06503,P0242,2026-09-13,99/81,106.6,99.4,60
HM06504,P0208,2026-06-25,133/77,168.5,97.5,82
HM06505,P0477,2026-01-07,108/82,102.1,97.9,54
HM06506,P0912,2026-03-29,133/67,75.9,96.8,65
HM06507,P0701,2026-09-26,135/85,138.2,97.3,80
HM06508,P0900,2026-01-26,112/91,129.9,97.6,90
HM06509,P0796,2026-02-17,135/63,60.0,97.0,97
HM06510,P0184,2026-02-24,104/102,77.6,97.1,88
HM06511,P0188,2026-06-08,143/86,138.7,97.5,87
HM06512,P0394,2026-04-25,129/75,118.3,99.2,82
HM06513,P0621,2026-09-19,90/90,143.5,97.9,79
HM06514,P0550,2026-06-15,127/56,100.9,97.9,76
HM06515,P0548,2026-09-11,114/87,86.7,99.0,85
HM06516,P0690,2026-04-17,152/100,175.9,97.1,82
HM06517,P0449,2026-09-25,110/119,136.5,99.5,83
HM06518,P0855,2026-03-23,90/70,91.0,97.8,82
HM06519,P0236,2026-09-11,135/55,106.7,97.8,94
HM06520,P0535,2026-01-28,136/77,122.8,96.7,85
HM06521,P0970,2026-03-04,117/70,161.0,98.4,70
HM06522,P0768,2026-07-17,112/84,125.1,98.2,63
HM06523,P0113,2026-03-05,103/71,108.1,98.2,76
HM06524,P0420,2026-03-11,122/102,144.7,99.3,83
HM06525,P0647,2026-02-13,126/84,122.9,98.9,66
HM06526,P0094,2026-02-27,139/82,60.0,98.3,62
HM06527,P0344,2026-08-05,114/78,62.3,98.2,78
HM06528,P0497,2026-06-02,140/74,124.6,98.1,72
HM06529,P0768,2026-04-16,91/78,141.1,97.4,75
HM06530,P0041,2026-06-18,123/93,116.1,98.5,77
HM06531,P0891,2026-06-18,115/66,105.0,98.6,79
HM06532,P0524,2026-09-14,154/91,158.4,96.4,96
HM06533,P0067,2026-02-13,130/84,146.4,98.2,65
HM06534,P0964,2026-05-21,153/70,80.5,98.0,73
HM06535,P0430,2026-04-22,125/78,162.1,98.6,67
HM06536,P0411,2026-06-17,110/75,101.6,97.7,64
HM06537,P0114,2026-02-11,130/74,81.7,98.6,88
HM06538,P0915,2026-02-04,120/101,192.5,98.6,72
HM06539,P0904,2026-07-23,130/65,84.5,96.7,70
HM06540,P0399,2026-08-29,100/87,88.8,98.4,86
HM06541,P0106,2026-05-26,148/75,125.9,98.5,93
HM06542,P0950,2026-01-01,140/95,60.0,97.6,90
HM06543,P0256,2026-08-08,136/78,98.4,98.9,54
HM06544,P0308,2026-01-30,140/81,97.9,98.7,73
HM06545,P0858,2026-07-12,125/79,141.1,98.3,55
HM06546,P0898,2026-03-31,97/66,131.0,98.7,98
HM06547,P0290,2026-08-14,104/95,60.0,98.2,80
HM06548,P0919,2026-01-07,129/76,119.1,97.1,88
HM06549,P0176,2026-07-25,129/84,105.2,97.9,84
HM06550,P0805,2026-08-03,156/63,64.5,98.4,74
HM06551,P0871,2026-09-22,127/79,136.8,97.9,63
HM06552,P0122,2026-01-01,109/78,71.1,98.2,78
HM06553,P0210,2026-02-04,117/82,60.0,97.3,64
HM06554,P0794,2026-05-13,142/107,84.2,98.0,69
HM06555,P0949,2026-05-10,129/72,124.9,98.8,63
HM06556,P0580,2026-07-13,130/58,106.0,97.9,75
HM06557,P0536,2026-08-11,118/74,105.7,98.4,81
HM06558,P0355,2026-07-30,127/73,152.8,99.6,62
HM06559,P0480,2026-02-01,128/74,147.4,98.2,78
HM06560,P0047,2026-05-23,134/76,173.7,98.7,89
HM06561,P0887,2026-03-09,120/78,143.4,98.8,63
HM06562,P0167,2026-07-11,127/85,110.4,98.5,76
HM06563,P0726,2026-04-17,90/64,149.1,98.0,80
HM06564,P0392,2026-09-27,124/70,98.7,98.5,83
HM06565,P0900,2026-04-28,168/74,173.5,97.4,83
HM06566,P0991,2026-02-19,128/78,114.8,97.6,88
HM06567,P0835,2026-05-29,108/83,141.5,99.4,89
HM06568,P0209,2026-03-23,136/72,87.5,97.2,63
HM06569,P0073,2026-09-08,124/71,157.0,97.7,79
HM06570,P0730,2026-04-12,119/63,153.1,98.8,87
HM06571,P0013,2026-06-18,136/70,89.1,98.6,96
HM06572,P0900,2026-07-02,132/91,96.6,99.2,72
HM06573,P0526,2026-09-03,129/75,146.1,99.0,60
HM06574,P0985,2026-07-27,151/108,102.6,98.1,92
HM06575,P0573,2026-03-09,126/79,181.4,97.0,68
HM06576,P0096,2026-05-05,133/60,101.9,97.9,89
HM06577,P0196,2026-09-25,138/59,90.7,97.6,75
HM06578,P0218,2026-03-17,103/85,90.7,98.7,77
HM06579,P0385,2026-04-13,105/96,164.6,98.5,75
HM06580,P0111,2026-08-04,103/92,143.8,97.5,69
HM06581,P0338,2026-09-07,134/65,93.1,97.3,65
HM06582,P0222,2026-04-10,110/90,60.0,98.6,81
HM06583,P0155,2026-04-07,144/83,101.7,97.5,89
HM06584,P0377,2026-02-08,134/74,146.8,97.8,77
HM06585,P0125,2026-07-02,112/86,80.2,97.9,70
HM06586,P0431,2026-04-11,130/84,76.4,98.6,60
HM06587,P0266,2026-05-12,168/73,151.7,98.4,80
HM06588,P0508,2026-05-21,101/90,116.7,98.6,76
HM06589,P0573,2026-09-26,127/69,109.6,97.8,69
HM06590,P0454,2026-07-17,127/84,123.8,98.1,82
HM06591,P0092,2026-05-09,129/81,120.8,99.3,63
HM06592,P0034,2026-03-18,118/84,60.0,99.4,81
HM06593,P0720,2026-01-18,144/93,129.4,96.2,79
HM06594,P0550,2026-06-14,129/66,60.0,98.6,63
HM06595,P0451,2026-09-26,166/83,162.3,98.2,87
HM06596,P0998,2026-09-23,126/92,60.0,99.0,86
HM06597,P0156,2026-09-21,121/75,104.5,98.5,92
HM06598,P0730,2026-05-08,114/59,202.0,98.8,73
HM06599,P0748,2026-05-31,148/91,132.2,97.8,86
HM06600,P0744,2026-05-29,146/59,122.9,98.5,81
HM06601,P0542,2026-05-08,125/94,107.6,98.2,81
HM06602,P0498,2026-06-28,121/63,122.5,98.4,73
HM06603,P0732,2026-02-12,122/55,157.3,99.0,61
HM06604,P0795,2026-06-11,111/97,74.6,98.6,72
HM06605,P0453,2026-08-05,133/80,105.1,98.5,72
HM06606,P0484,2026-08-21,90/68,78.3,96.8,82
HM06607,P0645,2026-08-28,121/84,133.2,98.9,82
HM06608,P0275,2026-06-01,105/86,122.8,100.2,78
HM06609,P0117,2026-09-12,132/78,116.7,98.2,72
HM06610,P0155,2026-06-22,128/87,100.3,99.0,86
HM06611,P0562,2026-08-30,107/68,130.7,97.7,65
HM06612,P0812,2026-01-23,159/68,61.7,97.5,80
HM06613,P0267,2026-09-07,126/102,88.1,98.4,91
HM06614,P0304,2026-08-22,111/88,60.0,99.8,89
HM06615,P0120,2026-03-08,111/89,161.0,97.0,70
HM06616,P0318,2026-04-08,151/80,130.3,98.3,88
HM06617,P0274,2026-05-27,135/81,60.0,98.8,86
HM06618,P0907,2026-06-26,100/65,133.1,98.4,54
HM06619,P0166,2026-02-13,108/83,138.7,97.7,76
HM06620,P0095,2026-06-27,107/95,121.1,97.6,64
HM06621,P0216,2026-06-17,99/101,108.9,97.8,75
HM06622,P0973,2026-09-05,112/78,116.2,98.2,62
HM06623,P0679,2026-09-20,142/73,91.9,97.6,65
HM06624,P0004,2026-05-03,130/90,89.7,96.5,65
HM06625,P0079,2026-01-22,116/65,94.0,97.7,77
HM06626,P0420,2026-03-17,95/86,173.1,99.5,70
HM06627,P0161,2026-01-07,138/86,113.5,98.4,86
HM06628,P0460,2026-06-26,142/70,141.2,99.7,88
HM06629,P0970,2026-09-19,155/55,135.8,98.4,90
HM06630,P0304,2026-05-27,102/73,146.5,97.2,80
HM06631,P0778,2026-05-14,124/77,135.0,97.2,68
HM06632,P0133,2026-02-02,122/65,158.1,97.5,87
HM06633,P0378,2026-04-11,107/88,60.0,99.5,91
HM06634,P0678,2026-06-09,113/70,131.0,96.8,78
HM06635,P0840,2026-06-20,108/76,92.5,97.5,98
HM06636,P0228,2026-05-11,140/62,84.3,99.0,89
HM06637,P0355,2026-03-22,97/88,124.3,96.5,73
HM06638,P0315,2026-07-24,122/80,68.8,97.5,70
HM06639,P0209,2026-01-08,114/73,110.4,98.5,99
HM06640,P0352,2026-06-16,142/95,98.2,97.3,87
HM06641,P0396,2026-02-09,124/88,84.1,98.8,75
HM06642,P0934,2026-01-13,115/75,132.2,98.9,73
HM06643,P0869,2026-04-09,131/84,140.8,99.1,99
HM06644,P0484,2026-08-23,115/97,119.1,97.2,70
HM06645,P0421,2026-03-31,134/88,79.4,97.5,71
HM06646,P0616,2026-05-27,107/57,60.0,97.9,81
HM06647,P0424,2026-07-24,138/63,67.9,97.7,78
HM06648,P0964,2026-02-20,145/88,102.1,98.5,67
HM06649,P0641,2026-06-24,126/79,164.2,98.6,68
HM06650,P0832,2026-01-24,109/76,60.2,98.0,76
HM06651,P0373,2026-03-20,134/87,118.5,96.7,63
HM06652,P0795,2026-05-12,112/87,136.6,98.0,106
HM06653,P0302,2026-06-29,156/94,139.5,98.6,82
HM06654,P0447,2026-03-15,90/67,107.2,98.3,76
HM06655,P0521,2026-04-26,130/55,132.7,98.3,75
HM06656,P0489,2026-05-07,143/67,106.7,98.5,67
HM06657,P0534,2026-01-02,90/66,112.7,98.0,77
HM06658,P0389,2026-05-09,111/64,119.8,98.1,85
HM06659,P0591,2026-06-12,110/55,60.0,97.8,79
HM06660,P0101,2026-03-12,120/73,60.0,96.5,82
HM06661,P0154,2026-07-02,120/75,61.0,97.3,78
HM06662,P0318,2026-05-17,130/78,163.3,97.7,93
HM06663,P0593,2026-09-04,129/81,147.6,97.6,74
HM06664,P0809,2026-01-29,100/91,126.7,99.2,80
HM06665,P0400,2026-05-03,147/71,149.6,97.8,78
HM06666,P0744,2026-06-06,139/107,143.7,99.0,71
HM06667,P0414,2026-04-07,128/78,164.3,98.1,93
HM06668,P0620,2026-09-23,98/96,84.9,99.0,67
HM06669,P0747,2026-02-27,137/68,151.3,99.0,70
HM06670,P0553,2026-03-07,136/91,82.7,97.3,65
HM06671,P0802,2026-01-04,100/67,147.4,98.7,57
HM06672,P0960,2026-01-15,114/66,145.2,97.8,59
HM06673,P0378,2026-09-23,128/87,81.6,98.0,67
HM06674,P0181,2026-02-16,149/74,89.7,98.2,75
HM06675,P0491,2026-04-18,138/94,157.8,97.9,81
HM06676,P0075,2026-05-22,154/98,84.3,98.7,83
HM06677,P0787,2026-04-16,143/94,78.6,97.6,88
HM06678,P0411,2026-06-17,127/55,60.0,98.8,88
HM06679,P0765,2026-01-28,98/93,108.1,97.3,71
HM06680,P0241,2026-07-05,100/72,60.0,98.1,85
HM06681,P0010,2026-05-28,98/80,86.8,98.8,50
HM06682,P0716,2026-07-16,139/58,107.7,97.6,73
HM06683,P0664,2026-04-01,94/99,70.0,97.1,99
HM06684,P0577,2026-06-27,131/64,110.5,98.0,57
HM06685,P0129,2026-09-14,109/79,159.3,98.0,76
HM06686,P0730,2026-08-10,108/93,146.6,98.9,79
HM06687,P0426,2026-06-25,93/93,117.0,97.9,83
HM06688,P0359,2026-09-24,129/67,103.8,96.5,79
HM06689,P0753,2026-01-16,151/58,119.5,98.8,87
HM06690,P0938,2026-08-22,110/66,94.5,99.3,57
HM06691,P0220,2026-09-04,100/74,80.9,98.2,94
HM06692,P0352,2026-05-12,100/78,114.7,97.9,59
HM06693,P0465,2026-08-06,112/72,137.2,98.6,59
HM06694,P0826,2026-01-13,117/73,183.4,98.5,65
HM06695,P0696,2026-04-24,109/75,127.7,98.6,80
HM06696,P0546,2026-04-24,120/78,110.5,96.6,77
HM06697,P0882,2026-01-16,113/60,199.6,98.5,78
HM06698,P0264,2026-06-21,117/88,74.3,97.9,66
HM06699,P0405,2026-08-11,139/70,153.5,98.1,87
HM06700,P0651,2026-06-28,132/92,82.3,99.0,55
HM06701,P0199,2026-05-06,125/73,65.8,97.4,70
HM06702,P0091,2026-02-17,121/73,117.8,97.5,72
HM06703,P0736,2026-02-11,119/82,144.7,99.0,80
HM06704,P0154,2026-03-25,133/83,104.0,99.0,67
HM06705,P0552,2026-07-09,90/67,164.1,97.9,81
HM06706,P0801,2026-04-28,119/86,117.5,98.1,85
HM06707,P0667,2026-03-13,115/84,108.9,98.1,68
HM06708,P0043,2026-02-22,120/73,154.5,96.7,88
HM06709,P0136,2026-02-15,90/86,85.7,98.7,76
HM06710,P0254,2026-02-15,96/96,142.2,98.7,70
HM06711,P0869,2026-07-01,141/64,60.0,96.8,66
HM06712,P0968,2026-04-19,109/74,101.3,97.6,52
HM06713,P0621,2026-07-13,128/76,90.6,99.5,75
HM06714,P0335,2026-02-22,126/89,62.9,98.2,87
HM06715,P0563,2026-01-02,123/64,98.1,98.4,52
HM06716,P0839,2026-05-24,97/103,132.0,99.5,88
HM06717,P0380,2026-02-05,132/76,128.3,99.5,87
HM06718,P0141,2026-02-17,128/77,132.4,97.7,83
HM06719,P0891,2026-01-05,111/75,79.0,97.8,69
HM06720,P0125,2026-05-18,158/69,128.5,97.3,78
HM06721,P0091,2026-08-08,130/57,66.1,97.3,62
HM06722,P0469,2026-01-14,126/82,77.8,98.3,72
HM06723,P0513,2026-06-11,123/72,132.1,99.7,87
HM06724,P0378,2026-06-27,152/63,91.4,98.7,96
HM06725,P0760,2026-01-08,138/67,99.8,98.5,76
HM06726,P0479,2026-01-14,109/76,114.5,97.2,89
HM06727,P0793,2026-07-11,116/79,151.2,98.1,89
HM06728,P0619,2026-09-06,104/85,144.4,97.5,75
HM06729,P0995,2026-04-22,121/82,131.6,97.4,77
HM06730,P0711,2026-09-09,156/92,142.8,98.0,103
HM06731,P0640,2026-02-04,145/80,122.7,97.8,82
HM06732,P0162,2026-05-07,136/88,108.7,96.9,80
HM06733,P0078,2026-01-25,139/68,111.8,99.4,63
HM06734,P0873,2026-01-05,119/97,120.5,97.7,77
HM06735,P0860,2026-04-29,141/77,135.9,98.4,81
HM06736,P0749,2026-07-19,138/76,81.9,98.6,76
HM06737,P0252,2026-07-30,116/86,159.7,98.1,78
HM06738,P0653,2026-03-01,101/77,122.7,98.2,73
HM06739,P0032,2026-05-23,139/80,205.6,98.4,45
HM06740,P0831,2026-04-27,102/86,92.5,97.7,63
HM06741,P0777,2026-05-24,115/82,128.5,97.3,87
HM06742,P0077,2026-07-16,101/85,126.8,97.4,65
HM06743,P0985,2026-08-12,132/73,108.3,98.8,83
HM06744,P0500,2026-06-19,106/79,82.3,99.0,96
HM06745,P0688,2026-07-03,108/79,147.1,98.2,84
HM06746,P0843,2026-04-19,126/67,119.2,99.2,81
HM06747,P0967,2026-08-07,157/58,128.3,97.6,67
HM06748,P0233,2026-04-19,151/76,102.7,98.5,52
HM06749,P0765,2026-03-16,152/102,147.0,98.6,75
HM06750,P0228,2026-09-09,103/94,147.1,98.6,82
HM06751,P0941,2026-02-21,131/73,202.5,97.9,72
HM06752,P0962,2026-06-12,147/79,114.3,99.5,86
HM06753,P0441,2026-08-08,139/62,129.0,97.3,72
HM06754,P0166,2026-07-17,128/79,137.9,98.9,88
HM06755,P0743,2026-09-10,98/108,114.1,99.3,47
HM06756,P0034,2026-07-05,119/62,84.9,98.2,73
HM06757,P0070,2026-03-12,151/101,81.2,97.8,65
HM06758,P0208,2026-05-24,148/81,116.1,98.5,74
HM06759,P0822,2026-08-31,107/80,105.7,98.5,58
HM06760,P0399,2026-04-15,128/71,120.3,99.0,71
HM06761,P0181,2026-04-17,148/59,169.0,99.3,67
HM06762,P0548,2026-06-27,107/62,147.2,97.9,73
HM06763,P0022,2026-07-31,102/101,81.0,98.2,80
HM06764,P0841,2026-05-26,117/72,102.1,98.7,73
HM06765,P0154,2026-09-23,157/70,141.4,96.6,68
HM06766,P0016,2026-07-10,108/66,124.9,98.1,50
HM06767,P0806,2026-04-14,164/82,115.0,99.4,89
HM06768,P0120,2026-07-16,119/56,134.8,97.3,92
HM06769,P0613,2026-08-16,109/74,68.0,97.1,76
HM06770,P0970,2026-04-04,120/74,186.9,98.7,78
HM06771,P0323,2026-04-25,90/89,219.8,98.0,68
HM06772,P0250,2026-05-01,128/62,131.2,99.6,69
HM06773,P0570,2026-02-11,112/79,97.5,96.8,73
HM06774,P0844,2026-07-22,113/96,155.4,99.5,87
HM06775,P0526,2026-01-26,129/69,161.4,98.5,63
HM06776,P0542,2026-05-02,106/64,60.0,98.5,63
HM06777,P0342,2026-06-10,109/80,108.4,97.6,96
HM06778,P0730,2026-09-04,94/62,131.0,97.6,70
HM06779,P0747,2026-01-28,103/84,122.9,98.3,71
HM06780,P0220,2026-02-12,109/78,148.8,99.6,91
HM06781,P0046,2026-09-02,135/91,73.6,97.6,84
HM06782,P0233,2026-06-30,122/84,149.3,98.9,64
HM06783,P0138,2026-01-05,125/68,87.8,96.7,79
HM06784,P0224,2026-09-15,90/84,162.5,98.7,78
HM06785,P0224,2026-05-23,155/83,84.8,98.3,101
HM06786,P0098,2026-09-01,103/63,136.5,98.0,71
HM06787,P0215,2026-06-19,99/56,64.0,99.7,77
HM06788,P0918,2026-09-13,90/94,158.2,99.3,72
HM06789,P0894,2026-03-11,119/81,164.0,97.7,68
HM06790,P0007,2026-03-20,138/94,113.2,98.8,79
HM06791,P0504,2026-01-07,119/70,74.6,97.6,66
HM06792,P0641,2026-08-12,130/94,122.1,97.4,88
HM06793,P0871,2026-04-30,130/85,96.8,99.2,91
HM06794,P0236,2026-08-23,121/88,153.6,97.8,77
HM06795,P0744,2026-09-14,126/66,130.5,99.1,76
HM06796,P0457,2026-07-08,131/96,100.8,98.5,71
HM06797,P0744,2026-08-28,113/84,123.4,98.7,78
HM06798,P0857,2026-09-08,134/99,152.1,98.5,84
HM06799,P0887,2026-03-15,119/78,132.2,98.3,87
HM06800,P0247,2026-07-03,150/78,60.0,100.0,70
HM06801,P0106,2026-06-21,128/88,164.3,99.8,73
HM06802,P0395,2026-08-22,148/82,211.0,99.2,75
HM06803,P0805,2026-05-29,109/55,138.6,99.1,86
HM06804,P0413,2026-08-10,90/64,131.8,99.8,77
HM06805,P0266,2026-09-26,146/67,122.2,98.0,92
HM06806,P0619,2026-07-31,114/100,104.2,97.2,65
HM06807,P0022,2026-02-16,112/84,93.7,97.5,88
HM06808,P0849,2026-09-02,90/74,68.3,97.4,80
HM06809,P0893,2026-01-11,120/76,156.6,98.2,99
HM06810,P0395,2026-04-14,139/68,182.7,98.5,100
HM06811,P0992,2026-01-27,119/83,130.1,98.0,93
HM06812,P0757,2026-05-02,163/55,143.5,97.4,46
HM06813,P0399,2026-01-15,135/86,138.8,98.5,88
HM06814,P0299,2026-08-08,112/83,139.4,99.4,78
HM06815,P0090,2026-03-02,120/79,73.2,98.9,60
HM06816,P0893,2026-01-13,132/81,60.7,96.9,67
HM06817,P0701,2026-03-13,118/97,111.1,98.7,93
HM06818,P0089,2026-08-17,146/79,90.3,98.6,69
HM06819,P0962,2026-06-08,161/90,122.3,98.7,80
HM06820,P0534,2026-05-30,117/85,106.5,99.9,69
HM06821,P0630,2026-09-11,135/70,87.2,96.6,82
HM06822,P0840,2026-07-06,114/93,129.5,98.3,61
HM06823,P0633,2026-06-01,136/72,64.9,98.6,62
HM06824,P0656,2026-01-13,90/95,95.4,96.6,66
HM06825,P0326,2026-02-19,110/93,60.0,97.0,89
HM06826,P0187,2026-04-20,116/82,97.8,100.0,62
HM06827,P0001,2026-04-25,130/98,101.9,97.5,87
HM06828,P0251,2026-06-13,145/70,166.2,98.2,84
HM06829,P0754,2026-03-25,154/89,115.0,97.6,110
HM06830,P0322,2026-02-02,109/83,132.8,98.7,103
HM06831,P0083,2026-06-02,125/78,169.3,98.1,88
HM06832,P0863,2026-06-10,128/91,140.4,97.8,55
HM06833,P0802,2026-06-17,91/57,111.8,96.1,76
HM06834,P0007,2026-05-03,127/90,132.7,99.0,82
HM06835,P0201,2026-09-16,118/78,85.2,98.4,58
HM06836,P0376,2026-09-23,146/68,120.4,98.5,91
HM06837,P0161,2026-06-03,91/76,134.2,99.8,77
HM06838,P0289,2026-09-25,113/104,143.1,99.4,63
HM06839,P0343,2026-07-21,135/67,69.3,98.7,85
HM06840,P0311,2026-01-08,115/97,102.1,98.0,77
HM06841,P0014,2026-02-05,120/95,78.5,97.5,63
HM06842,P0300,2026-03-02,162/76,88.1,97.9,88
HM06843,P0556,2026-06-18,138/73,101.0,96.9,79
HM06844,P0747,2026-09-10,150/73,137.3,97.7,64
HM06845,P0066,2026-06-10,138/108,134.0,97.8,73
HM06846,P0451,2026-01-07,163/83,88.2,98.1,80
HM06847,P0651,2026-02-11,134/98,159.7,98.4,77
HM06848,P0948,2026-03-03,132/72,149.3,98.0,83
HM06849,P0223,2026-03-05,159/86,123.1,97.7,77
HM06850,P0637,2026-09-27,102/86,60.0,99.1,86
HM06851,P0256,2026-01-28,126/73,114.4,96.6,87
HM06852,P0551,2026-03-08,121/98,128.7,98.4,82
HM06853,P0479,2026-08-19,105/74,119.7,97.9,71
HM06854,P0857,2026-03-09,119/80,196.2,97.9,69
HM06855,P0149,2026-04-18,121/98,170.1,100.0,78
HM06856,P0747,2026-05-04,137/67,102.6,97.2,83
HM06857,P0714,2026-03-02,125/82,85.4,99.0,49
HM06858,P0977,2026-05-06,119/78,60.0,98.5,75
HM06859,P0735,2026-06-15,136/103,126.4,99.1,94
HM06860,P0453,2026-04-11,134/69,60.0,98.5,73
HM06861,P0801,2026-04-05,150/74,114.5,97.2,73
HM06862,P0992,2026-05-25,106/69,113.2,97.7,109
HM06863,P0977,2026-08-03,141/93,111.1,98.3,72
HM06864,P0800,2026-07-21,177/78,93.9,97.5,82
HM06865,P0854,2026-06-13,153/93,88.5,97.5,92
HM06866,P0502,2026-07-04,167/78,157.2,96.9,67
HM06867,P0758,2026-04-18,104/84,108.7,98.4,92
HM06868,P0032,2026-06-06,111/81,68.2,99.2,91
HM06869,P0514,2026-01-24,132/81,97.2,96.9,81
HM06870,P0959,2026-01-28,140/104,101.2,98.4,91
HM06871,P0288,2026-03-04,147/72,105.2,97.7,67
HM06872,P0666,2026-05-25,154/80,112.4,98.4,78
HM06873,P0414,2026-09-04,120/70,169.8,97.7,66
HM06874,P0064,2026-02-22,123/105,86.2,98.8,75
HM06875,P0006,2026-01-25,129/91,60.0,97.4,88
HM06876,P0762,2026-03-04,126/82,139.9,97.4,90
HM06877,P0386,2026-01-20,141/82,131.4,99.2,70
HM06878,P0887,2026-05-04,138/100,137.4,98.0,105
HM06879,P0940,2026-07-03,129/96,100.2,99.2,71
HM06880,P0108,2026-06-22,131/72,181.5,98.0,64
HM06881,P0182,2026-09-08,126/86,114.1,97.5,90
HM06882,P0551,2026-08-29,150/60,84.3,98.1,71
HM06883,P0372,2026-02-01,135/102,101.7,99.6,60
HM06884,P0286,2026-04-08,134/72,131.7,96.6,62
HM06885,P0614,2026-02-28,134/72,103.7,99.9,79
HM06886,P0315,2026-09-21,143/70,68.1,98.1,60
HM06887,P0652,2026-05-14,111/82,111.1,98.5,85
HM06888,P0439,2026-09-12,101/68,60.0,97.9,86
HM06889,P0907,2026-03-23,154/82,163.1,98.5,79
HM06890,P0503,2026-08-02,112/55,157.8,98.2,94
HM06891,P0063,2026-01-21,106/109,106.3,97.6,75
HM06892,P0881,2026-03-29,128/79,97.0,96.6,68
HM06893,P0145,2026-01-19,146/69,60.0,97.3,76
HM06894,P0637,2026-07-18,109/76,87.1,99.1,83
HM06895,P0358,2026-04-11,169/75,105.0,99.3,82
HM06896,P0583,2026-04-28,106/86,128.9,96.6,70
HM06897,P0592,2026-08-15,128/97,139.4,97.7,69
HM06898,P0179,2026-06-09,140/55,86.7,99.5,81
HM06899,P0134,2026-07-05,109/65,144.4,98.3,75
HM06900,P0949,2026-08-01,132/81,118.1,97.0,65
HM06901,P0191,2026-06-02,139/86,128.4,97.7,87
HM06902,P0161,2026-08-21,117/95,88.9,97.7,76
HM06903,P0575,2026-08-23,141/79,116.3,97.8,81
HM06904,P0642,2026-06-08,123/70,119.5,98.3,106
HM06905,P0746,2026-08-30,112/69,124.8,97.3,65
HM06906,P0460,2026-06-28,96/70,88.8,97.0,74
HM06907,P0366,2026-07-18,90/85,95.5,97.8,85
HM06908,P0445,2026-02-22,132/72,130.8,99.6,65
HM06909,P0308,2026-07-29,140/66,156.1,97.6,68
HM06910,P0887,2026-02-12,147/88,91.2,98.3,69
HM06911,P0792,2026-08-18,93/82,102.5,97.3,93
HM06912,P0008,2026-06-09,106/81,152.8,98.0,69
HM06913,P0566,2026-06-15,130/85,145.7,99.9,72
HM06914,P0308,2026-04-20,128/64,138.3,98.4,75
HM06915,P0859,2026-07-07,112/75,123.3,97.3,74
HM06916,P0852,2026-02-19,125/61,78.2,97.6,96
HM06917,P0091,2026-07-05,108/79,78.6,97.5,60
HM06918,P0538,2026-09-03,138/64,146.7,98.6,77
HM06919,P0617,2026-02-27,143/117,131.7,97.2,95
HM06920,P0762,2026-08-01,128/105,97.3,99.4,77
HM06921,P0134,2026-09-03,178/76,220.1,98.6,88
HM06922,P0324,2026-03-23,159/70,148.9,97.9,79
HM06923,P0944,2026-01-04,126/86,133.6,97.7,79
HM06924,P0280,2026-03-22,90/91,174.3,98.4,58
HM06925,P0701,2026-07-03,139/70,121.4,98.8,84
HM06926,P0558,2026-05-22,146/81,121.1,98.9,77
HM06927,P0899,2026-07-06,111/85,75.5,98.1,61
HM06928,P0152,2026-02-19,113/73,80.6,99.2,90
HM06929,P0970,2026-06-01,151/77,99.8,98.9,79
HM06930,P0601,2026-09-03,127/55,141.5,98.8,77
HM06931,P0410,2026-09-10,141/87,90.6,98.0,65
HM06932,P0661,2026-03-10,154/91,86.5,98.8,81
HM06933,P0918,2026-08-03,111/81,145.0,99.0,105
HM06934,P0207,2026-03-19,126/77,134.7,98.0,70
HM06935,P0832,2026-07-24,106/55,140.7,96.7,67
HM06936,P0888,2026-02-12,130/76,190.2,96.8,104
HM06937,P0638,2026-09-03,152/90,165.4,98.6,57
HM06938,P0011,2026-02-14,135/62,96.5,98.1,67
HM06939,P0719,2026-04-30,143/77,129.3,98.2,79
HM06940,P0334,2026-05-18,107/65,109.6,97.3,94
HM06941,P0882,2026-02-12,97/108,125.6,98.3,71
HM06942,P0818,2026-08-11,138/77,125.5,99.0,86
HM06943,P0899,2026-03-12,149/86,81.7,96.3,80
HM06944,P0480,2026-04-07,129/103,110.9,98.5,87
HM06945,P0115,2026-02-23,135/90,86.4,97.3,74
HM06946,P0268,2026-01-12,90/79,91.9,98.5,74
HM06947,P0802,2026-04-26,104/95,117.9,99.0,80
HM06948,P0266,2026-01-20,134/63,159.7,99.0,77
HM06949,P0069,2026-06-22,130/92,102.0,96.8,73
HM06950,P0853,2026-07-11,128/79,161.1,97.3,68
HM06951,P0776,2026-03-27,103/85,61.6,98.9,66
HM06952,P0588,2026-09-04,109/101,158.1,98.3,62
HM06953,P0600,2026-07-04,165/77,123.7,99.0,54
HM06954,P0309,2026-06-23,112/79,119.6,97.0,81
HM06955,P0378,2026-01-27,125/100,150.0,98.0,75
HM06956,P0834,2026-08-28,145/83,67.0,100.1,66
HM06957,P0711,2026-06-28,174/85,92.8,96.1,87
HM06958,P0555,2026-09-28,93/84,182.7,97.2,86
HM06959,P0252,2026-08-14,108/93,117.3,98.2,92
HM06960,P0811,2026-07-18,137/70,177.5,96.8,81
HM06961,P0217,2026-01-05,108/62,75.3,98.2,82
HM06962,P0574,2026-06-12,146/97,124.7,97.8,90
HM06963,P0658,2026-02-18,112/60,147.9,99.4,68
HM06964,P0041,2026-08-29,164/86,130.2,97.7,90
HM06965,P0934,2026-09-22,94/75,89.3,97.0,88
HM06966,P0001,2026-05-11,131/89,105.3,99.1,78
HM06967,P0897,2026-04-07,115/72,60.0,99.2,90
HM06968,P0126,2026-05-21,183/75,91.7,96.7,89
HM06969,P0346,2026-06-05,139/98,82.9,98.8,71
HM06970,P0602,2026-06-05,151/86,60.6,98.1,54
HM06971,P0376,2026-07-11,101/66,92.6,98.0,79
HM06972,P0038,2026-02-14,127/79,126.6,97.1,78
HM06973,P0473,2026-02-07,153/78,132.3,98.6,88
HM06974,P0147,2026-07-11,130/90,132.8,98.8,83
HM06975,P0473,2026-05-08,104/65,102.6,99.6,75
HM06976,P0545,2026-06-19,131/56,121.8,98.3,45
HM06977,P0624,2026-08-28,130/60,89.6,99.1,79
HM06978,P0106,2026-03-25,116/73,100.4,98.3,63
HM06979,P0046,2026-04-22,147/66,60.0,99.1,72
HM06980,P0748,2026-08-19,126/87,89.8,98.3,85
HM06981,P0436,2026-04-08,157/73,98.8,98.7,80
HM06982,P0412,2026-08-24,122/99,60.0,96.9,57
HM06983,P0977,2026-01-18,149/86,67.0,98.1,77
HM06984,P0251,2026-08-17,90/82,73.8,98.8,64
HM06985,P0622,2026-08-06,129/95,149.1,98.7,77
HM06986,P0213,2026-05-13,94/74,107.1,97.9,59
HM06987,P0450,2026-04-08,133/65,169.1,98.3,89
HM06988,P0498,2026-08-28,144/104,121.4,97.8,73
HM06989,P0287,2026-04-03,154/64,84.3,98.4,76
HM06990,P0601,2026-07-01,144/63,112.7,98.0,65
HM06991,P0013,2026-07-31,142/78,110.3,97.5,73
HM06992,P0447,2026-01-11,104/90,151.1,99.7,83
HM06993,P0998,2026-08-06,118/74,132.2,98.4,75
HM06994,P0975,2026-07-27,119/94,99.9,99.4,80
HM06995,P0386,2026-09-24,117/70,109.6,98.7,73
HM06996,P0566,2026-02-24,142/74,110.6,97.0,84
HM06997,P0852,2026-01-13,119/98,139.7,98.3,92
HM06998,P0556,2026-06-06,133/92,84.8,98.6,84
HM06999,P0331,2026-02-25,94/98,74.4,97.0,45
HM07000,P0368,2026-06-29,134/60,96.9,99.0,80
HM07001,P0220,2026-08-17,112/60,111.2,99.0,86
HM07002,P0972,2026-05-17,160/72,68.9,98.5,80
HM07003,P0010,2026-01-19,124/71,60.0,97.3,84
HM07004,P0883,2026-08-17,130/91,127.1,98.9,87
HM07005,P0408,2026-07-04,125/80,60.0,97.6,70
HM07006,P0575,2026-04-19,122/68,147.8,97.4,91
HM07007,P0292,2026-03-01,105/72,91.2,97.8,92
HM07008,P0209,2026-07-29,118/76,89.0,98.0,80
HM07009,P0697,2026-04-21,120/78,150.6,98.4,64
HM07010,P0855,2026-05-13,123/73,133.2,98.3,91
HM07011,P0688,2026-03-01,110/77,77.8,98.2,59
HM07012,P0149,2026-01-24,131/79,120.4,98.9,80
HM07013,P0578,2026-08-30,99/73,112.2,97.9,75
HM07014,P0424,2026-05-21,157/81,128.4,96.4,86
HM07015,P0854,2026-02-13,182/96,99.6,100.3,78
HM07016,P0533,2026-04-01,131/76,104.7,96.2,87
HM07017,P0327,2026-05-28,119/77,124.6,97.8,81
HM07018,P0114,2026-06-27,149/84,109.6,98.1,80
HM07019,P0093,2026-06-29,108/82,139.0,98.3,72
HM07020,P0945,2026-07-23,119/87,76.5,97.5,58
HM07021,P0529,2026-02-04,125/90,161.6,99.6,69
HM07022,P0627,2026-02-24,130/75,172.7,99.4,80
HM07023,P0295,2026-04-03,112/55,64.8,96.5,60
HM07024,P0857,2026-06-04,162/64,77.9,97.4,109
HM07025,P0234,2026-05-28,123/91,121.1,96.4,96
HM07026,P0940,2026-06-09,133/78,176.6,97.9,76
HM07027,P0530,2026-07-11,118/92,143.5,98.5,65
HM07028,P0545,2026-09-28,117/67,155.6,96.8,97
HM07029,P0435,2026-07-24,150/68,100.4,97.6,83
HM07030,P0209,2026-04-21,153/94,99.8,99.3,92
HM07031,P0062,2026-04-26,121/79,169.0,99.2,92
HM07032,P0462,2026-03-30,176/86,126.4,99.4,101
HM07033,P0162,2026-02-07,112/77,79.4,98.5,88
HM07034,P0551,2026-03-06,106/93,99.1,97.7,91
HM07035,P0010,2026-05-06,112/63,141.0,98.1,92
HM07036,P0161,2026-04-02,141/59,161.0,99.9,90
HM07037,P0778,2026-04-13,146/77,98.3,98.4,89
HM07038,P0991,2026-09-09,142/74,96.1,96.9,85
HM07039,P0070,2026-06-04,117/76,175.5,98.7,81
HM07040,P0151,2026-08-14,141/97,60.0,97.7,75
HM07041,P0799,2026-08-17,105/76,60.7,99.0,71
HM07042,P0937,2026-05-29,129/80,134.5,96.0,83
HM07043,P0792,2026-09-22,119/84,73.7,98.6,93
HM07044,P0856,2026-09-24,128/71,91.4,98.7,84
HM07045,P0861,2026-02-05,132/79,122.1,98.1,73
HM07046,P0389,2026-04-18,140/83,160.2,99.2,81
HM07047,P0056,2026-01-04,136/68,112.3,98.5,59
HM07048,P0150,2026-08-25,133/68,85.3,97.7,77
HM07049,P0682,2026-04-23,98/90,121.2,99.9,81
HM07050,P0588,2026-06-21,136/69,73.6,98.8,64
HM07051,P0381,2026-09-16,137/100,148.1,98.7,81
HM07052,P0751,2026-07-02,117/78,95.2,97.0,78
HM07053,P0276,2026-02-12,147/64,163.9,99.3,82
HM07054,P0137,2026-02-06,133/77,116.5,97.8,78
HM07055,P0048,2026-02-18,127/102,134.8,98.0,76
HM07056,P0442,2026-02-23,110/73,146.9,97.8,70
HM07057,P0424,2026-09-21,113/71,154.5,98.3,74
HM07058,P0664,2026-09-13,125/82,88.8,96.9,94
HM07059,P0747,2026-07-19,144/84,147.2,99.9,71
HM07060,P0871,2026-05-11,102/87,63.7,98.2,74
HM07061,P0936,2026-05-07,138/74,157.0,97.5,86
HM07062,P0486,2026-05-02,111/86,79.5,98.2,93
HM07063,P0578,2026-02-07,127/94,114.1,97.7,80
HM07064,P0526,2026-05-28,137/57,133.3,97.4,63
HM07065,P0639,2026-05-27,135/96,122.6,97.0,69
HM07066,P0839,2026-06-13,116/82,112.5,98.6,89
HM07067,P0446,2026-09-28,131/90,105.6,101.2,84
HM07068,P0541,2026-05-28,138/101,118.1,97.6,93
HM07069,P0463,2026-06-20,152/81,176.6,98.1,89
HM07070,P0761,2026-05-17,155/81,131.0,99.1,73
HM07071,P0977,2026-05-08,108/95,125.7,97.7,79
HM07072,P0614,2026-03-20,135/61,140.1,98.6,97
HM07073,P0127,2026-09-15,120/96,113.4,98.3,81
HM07074,P0969,2026-08-06,166/65,132.3,98.2,77
HM07075,P0025,2026-05-10,136/93,133.6,99.3,74
HM07076,P0898,2026-04-10,124/67,184.4,98.0,74
HM07077,P0158,2026-06-08,137/93,90.8,99.3,74
HM07078,P0712,2026-06-19,153/73,140.7,98.2,64
HM07079,P0680,2026-03-28,96/71,149.7,96.5,82
HM07080,P0899,2026-07-22,129/59,87.1,97.5,78
HM07081,P0518,2026-05-12,154/92,102.4,97.5,59
HM07082,P0817,2026-01-01,117/69,113.7,98.2,72
HM07083,P0335,2026-05-24,115/71,97.1,99.5,84
HM07084,P0678,2026-05-05,135/92,147.3,99.5,85
HM07085,P0364,2026-02-14,129/72,86.2,99.0,76
HM07086,P0338,2026-01-29,97/55,190.2,97.3,69
HM07087,P0967,2026-03-03,149/65,133.6,99.8,103
HM07088,P0920,2026-02-28,116/79,101.1,98.2,93
HM07089,P0816,2026-04-13,97/87,108.2,99.4,93
HM07090,P0169,2026-08-30,116/78,146.2,99.1,48
HM07091,P0648,2026-03-17,142/99,123.9,99.1,93
HM07092,P0549,2026-04-03,129/89,115.4,98.2,70
HM07093,P0367,2026-02-11,128/102,83.4,98.8,81
HM07094,P0182,2026-06-30,154/99,82.7,97.7,71
HM07095,P0089,2026-09-08,115/75,127.1,97.4,69
HM07096,P0180,2026-04-13,109/85,112.8,98.0,67
HM07097,P0749,2026-05-03,92/99,104.9,100.6,87
HM07098,P0362,2026-09-12,161/91,120.5,97.7,66
HM07099,P0550,2026-05-18,147/83,136.6,98.9,82
HM07100,P0188,2026-06-01,115/92,108.1,98.3,86
HM07101,P0548,2026-08-27,123/58,151.4,99.3,56
HM07102,P0815,2026-02-22,104/104,123.1,98.2,72
HM07103,P0360,2026-02-20,104/77,149.1,98.2,85
HM07104,P0897,2026-08-08,160/73,125.6,99.1,66
HM07105,P0741,2026-03-02,128/102,103.1,99.2,76
HM07106,P0506,2026-02-08,160/60,117.3,96.9,69
HM07107,P0308,2026-04-23,110/76,73.4,98.1,83
HM07108,P0580,2026-08-30,94/72,203.9,98.5,56
HM07109,P0043,2026-06-10,96/82,118.5,97.7,104
HM07110,P0182,2026-04-20,177/76,145.6,99.0,90
HM07111,P0553,2026-01-07,112/103,112.6,98.6,78
HM07112,P0327,2026-07-27,122/83,73.5,96.4,75
HM07113,P0205,2026-07-18,107/86,130.2,98.2,95
HM07114,P0157,2026-08-04,124/62,107.2,99.3,55
HM07115,P0333,2026-06-16,123/86,207.8,99.3,79
HM07116,P0849,2026-06-11,135/57,78.3,98.8,79
HM07117,P0799,2026-03-06,130/80,114.8,98.3,65
HM07118,P0238,2026-09-16,120/65,93.3,99.3,75
HM07119,P0918,2026-02-21,136/81,101.5,97.3,73
HM07120,P0248,2026-08-12,128/86,119.3,98.8,59
HM07121,P0344,2026-01-25,142/66,149.4,98.7,55
HM07122,P0299,2026-09-27,139/91,159.0,97.5,80
HM07123,P0302,2026-06-10,138/88,129.3,97.8,89
HM07124,P0898,2026-09-26,144/78,87.6,97.5,94
HM07125,P0724,2026-09-03,144/79,108.0,96.6,76
HM07126,P0559,2026-07-03,101/81,156.5,97.3,80
HM07127,P0333,2026-03-19,144/82,96.7,98.2,89
HM07128,P0914,2026-03-15,130/79,155.5,98.7,63
HM07129,P0724,2026-06-29,137/91,71.7,96.2,65
HM07130,P0392,2026-02-15,122/92,83.8,98.7,45
HM07131,P0788,2026-01-22,128/75,188.5,96.5,77
HM07132,P0653,2026-08-31,90/73,60.0,100.3,73
HM07133,P0597,2026-08-16,120/79,75.4,99.1,85
HM07134,P0140,2026-06-08,143/65,154.7,99.1,75
HM07135,P0446,2026-09-18,142/83,60.0,98.0,72
HM07136,P0581,2026-09-26,126/92,60.0,97.8,68
HM07137,P0317,2026-02-03,109/70,117.4,98.7,82
HM07138,P0313,2026-09-09,128/87,198.3,98.3,90
HM07139,P0295,2026-08-14,144/101,134.6,97.4,81
HM07140,P0191,2026-07-25,130/89,84.4,99.3,78
HM07141,P0596,2026-01-19,141/83,119.3,98.4,86
HM07142,P0974,2026-03-07,164/55,133.9,98.2,75
HM07143,P0914,2026-04-03,90/86,110.6,97.4,78
HM07144,P0046,2026-02-24,119/59,118.1,98.7,71
HM07145,P0194,2026-08-15,130/81,151.6,98.1,87
HM07146,P0060,2026-03-24,118/103,99.7,97.6,76
HM07147,P0656,2026-09-03,110/65,140.5,96.0,69
HM07148,P0462,2026-06-15,98/81,60.0,98.7,85
HM07149,P0445,2026-02-28,92/82,133.1,99.0,60
HM07150,P0063,2026-03-31,92/98,86.2,97.7,85
HM07151,P0438,2026-06-20,101/76,146.2,96.9,71
HM07152,P0457,2026-03-19,102/70,156.5,99.5,81
HM07153,P0034,2026-05-27,135/86,91.5,98.4,62
HM07154,P0536,2026-03-26,105/78,77.9,97.1,69
HM07155,P0132,2026-09-13,147/98,113.9,98.7,71
HM07156,P0638,2026-01-11,90/69,104.2,98.3,76
HM07157,P0732,2026-04-12,119/73,127.0,97.0,87
HM07158,P0713,2026-02-28,113/104,104.0,97.8,71
HM07159,P0910,2026-09-04,115/87,113.5,99.1,83
HM07160,P0473,2026-02-25,125/84,156.9,98.8,81
HM07161,P0586,2026-05-30,133/66,205.0,98.7,85
HM07162,P0088,2026-05-05,124/55,105.7,98.3,68
HM07163,P0583,2026-06-25,108/75,142.0,99.3,80
HM07164,P0416,2026-01-31,113/75,118.5,98.4,83
HM07165,P0701,2026-09-20,116/86,130.8,97.8,57
HM07166,P0414,2026-08-24,107/98,60.0,99.4,57
HM07167,P0357,2026-04-15,109/75,177.4,98.2,75
HM07168,P0448,2026-04-05,106/86,97.1,98.0,73
HM07169,P0128,2026-01-12,139/89,83.8,97.6,69
HM07170,P0533,2026-09-14,128/90,121.9,96.2,87
HM07171,P0473,2026-01-15,98/71,121.9,98.1,88
HM07172,P0986,2026-07-02,112/68,104.1,99.1,85
HM07173,P0778,2026-08-01,126/95,155.1,98.9,63
HM07174,P0095,2026-09-07,140/77,101.2,97.6,75
HM07175,P0050,2026-08-27,112/82,108.9,98.4,84
HM07176,P0600,2026-02-25,119/71,60.0,98.9,78
HM07177,P0907,2026-09-08,121/94,69.9,98.3,66
HM07178,P0194,2026-06-07,138/55,143.1,98.9,66
HM07179,P0678,2026-09-06,126/69,130.0,98.9,65
HM07180,P0801,2026-07-18,99/93,182.9,98.6,84
HM07181,P0832,2026-03-08,118/82,127.3,98.0,94
HM07182,P0254,2026-06-11,128/83,109.3,98.1,92
HM07183,P0706,2026-06-02,127/82,121.4,97.9,61
HM07184,P0980,2026-04-07,156/92,158.7,97.2,95
HM07185,P0869,2026-05-21,164/92,172.7,98.9,67
HM07186,P0058,2026-06-19,135/67,94.1,98.5,80
HM07187,P0112,2026-07-16,134/58,109.6,98.7,86
HM07188,P0942,2026-06-08,141/83,101.7,98.7,74
HM07189,P0936,2026-04-19,143/85,112.8,97.5,91
HM07190,P0308,2026-09-12,136/105,133.4,98.7,60
HM07191,P0654,2026-07-20,131/76,143.9,98.5,89
HM07192,P0422,2026-03-24,167/70,148.1,98.8,101
HM07193,P0552,2026-08-29,139/87,144.8,99.0,95
HM07194,P0096,2026-06-09,108/75,175.7,96.4,76
HM07195,P0122,2026-07-22,127/77,170.3,98.6,73
HM07196,P0160,2026-08-04,112/83,155.8,98.3,76
HM07197,P0696,2026-07-15,111/84,126.1,97.5,90
HM07198,P0090,2026-08-12,159/80,125.6,97.2,86
HM07199,P0549,2026-07-28,134/76,89.0,99.9,82
HM07200,P0291,2026-04-12,106/90,123.0,98.3,89
HM07201,P0815,2026-01-17,90/58,163.3,98.1,72
HM07202,P0024,2026-06-26,98/82,126.1,99.5,82
HM07203,P0271,2026-03-10,118/84,153.8,99.0,85
HM07204,P0231,2026-04-22,130/73,78.9,97.1,82
HM07205,P0983,2026-04-14,134/93,134.7,99.1,76
HM07206,P0386,2026-08-14,140/67,112.9,96.6,78
HM07207,P0362,2026-05-08,149/80,140.3,98.4,71
HM07208,P0472,2026-09-05,121/94,140.1,97.6,61
HM07209,P0112,2026-06-25,129/73,108.8,96.9,90
HM07210,P0902,2026-04-28,123/80,85.8,98.0,79
HM07211,P0418,2026-03-30,112/77,163.5,96.6,80
HM07212,P0870,2026-01-23,109/96,108.7,97.3,75
HM07213,P0914,2026-09-06,131/113,60.0,97.1,93
HM07214,P0466,2026-04-14,94/80,98.1,97.6,75
HM07215,P0007,2026-06-29,118/92,161.5,98.6,75
HM07216,P0189,2026-03-25,130/89,150.1,98.5,96
HM07217,P0076,2026-08-08,112/93,139.7,97.7,80
HM07218,P0796,2026-05-09,131/78,109.6,96.8,69
HM07219,P0933,2026-03-11,120/73,85.1,99.2,76
HM07220,P0816,2026-08-19,168/82,151.4,98.0,70
HM07221,P0473,2026-06-23,130/95,111.9,98.6,81
HM07222,P0395,2026-04-27,123/79,80.1,98.2,85
HM07223,P0824,2026-06-12,130/82,140.4,98.4,78
HM07224,P0281,2026-08-04,139/81,106.7,98.6,77
HM07225,P0409,2026-05-15,119/81,120.8,97.2,81
HM07226,P0010,2026-05-11,161/68,97.4,100.7,68
HM07227,P0319,2026-04-10,150/77,117.1,98.1,83
HM07228,P0135,2026-04-19,93/82,100.9,96.5,91
HM07229,P0719,2026-09-08,90/105,136.6,97.0,94
HM07230,P0956,2026-03-27,109/71,60.0,97.4,69
HM07231,P0262,2026-07-07,141/94,71.6,98.4,55
HM07232,P0466,2026-05-21,130/105,60.0,97.3,86
HM07233,P0598,2026-05-15,141/68,166.6,97.5,98
HM07234,P0607,2026-03-10,134/95,128.0,98.8,86
HM07235,P0008,2026-03-10,147/79,83.5,98.1,69
HM07236,P0686,2026-07-24,112/99,136.8,98.7,90
HM07237,P0111,2026-06-01,137/102,60.0,97.3,69
HM07238,P0268,2026-09-28,97/81,120.6,100.0,88
HM07239,P0102,2026-07-06,114/85,60.0,98.3,79
HM07240,P0076,2026-01-19,106/77,90.8,97.4,86
HM07241,P0237,2026-08-12,145/86,99.7,97.6,73
HM07242,P0991,2026-07-01,120/69,151.9,98.0,87
HM07243,P0264,2026-03-06,97/71,145.1,99.0,63
HM07244,P0922,2026-02-13,131/83,90.2,98.5,59
HM07245,P0500,2026-05-22,106/87,116.0,98.3,75
HM07246,P0506,2026-01-17,135/87,142.7,98.3,73
HM07247,P0045,2026-05-24,113/67,100.9,97.7,97
HM07248,P0829,2026-08-02,104/92,105.6,98.0,82
HM07249,P0676,2026-04-04,96/70,71.6,97.9,67
HM07250,P0950,2026-05-20,151/72,60.0,97.9,87
HM07251,P0654,2026-05-01,157/77,96.9,98.2,82
HM07252,P0627,2026-04-06,102/77,113.3,98.2,76
HM07253,P0701,2026-09-11,106/84,113.4,98.2,65
HM07254,P0517,2026-09-09,137/68,171.6,97.1,87
HM07255,P0968,2026-08-30,90/55,95.6,96.2,86
HM07256,P0741,2026-04-07,124/96,109.1,98.4,74
HM07257,P0600,2026-03-05,107/75,72.9,98.5,74
HM07258,P0177,2026-08-26,122/113,100.9,98.5,77
HM07259,P0137,2026-09-24,148/82,105.5,100.3,67
HM07260,P0254,2026-04-26,121/90,86.4,98.9,72
HM07261,P0404,2026-02-23,145/91,111.8,97.3,73
HM07262,P0328,2026-08-06,124/90,126.2,98.7,82
HM07263,P0472,2026-04-24,141/77,120.8,98.2,72
HM07264,P0676,2026-08-23,145/91,157.2,97.5,82
HM07265,P0575,2026-09-12,146/98,62.2,98.2,75
HM07266,P0949,2026-08-12,156/55,78.3,99.5,72
HM07267,P0937,2026-02-22,98/98,64.9,99.1,59
HM07268,P0818,2026-06-24,96/82,85.3,98.4,99
HM07269,P0789,2026-01-21,121/99,126.4,99.1,49
HM07270,P0905,2026-01-11,137/85,102.4,99.9,72
HM07271,P0800,2026-02-23,92/89,65.2,98.3,94
HM07272,P0545,2026-03-09,134/77,102.7,99.3,63
HM07273,P0322,2026-07-22,140/106,134.0,98.0,76
HM07274,P0089,2026-03-25,115/72,119.1,98.8,97
HM07275,P0542,2026-03-06,90/55,172.1,98.3,79
HM07276,P0624,2026-07-02,135/77,184.1,98.6,72
HM07277,P0335,2026-07-02,117/78,87.8,99.7,79
HM07278,P0066,2026-03-20,101/84,165.4,99.2,68
HM07279,P0109,2026-07-23,102/97,60.0,98.5,71
HM07280,P0604,2026-01-31,151/67,87.1,98.8,87
HM07281,P0999,2026-07-28,152/85,127.2,99.1,61
HM07282,P0475,2026-05-04,107/64,60.0,99.0,95
HM07283,P0461,2026-02-21,136/84,118.0,98.2,98
HM07284,P0624,2026-08-15,155/72,153.8,99.3,85
HM07285,P0937,2026-07-08,132/84,63.1,96.8,87
HM07286,P0289,2026-07-10,102/63,60.0,97.8,82
HM07287,P0699,2026-07-21,134/90,101.3,98.3,88
HM07288,P0632,2026-09-10,134/72,125.5,96.4,78
HM07289,P0997,2026-08-15,112/98,80.8,98.3,72
HM07290,P0678,2026-09-10,113/84,100.4,99.9,54
HM07291,P0029,2026-05-04,137/78,113.2,98.5,89
HM07292,P0564,2026-03-25,130/92,116.6,97.3,76
HM07293,P0058,2026-03-09,148/75,77.1,98.8,82
HM07294,P0046,2026-08-22,109/77,108.6,98.2,85
HM07295,P0097,2026-03-14,116/88,96.3,99.7,98
HM07296,P0354,2026-05-02,107/65,149.2,98.4,84
HM07297,P0906,2026-05-24,111/78,102.9,98.5,63
HM07298,P0356,2026-05-12,123/64,97.0,98.1,84
HM07299,P0905,2026-09-06,136/89,63.1,99.3,70
HM07300,P0686,2026-09-03,113/83,103.2,98.5,84
HM07301,P0551,2026-04-13,109/77,109.6,99.1,72
HM07302,P0438,2026-01-04,114/67,83.2,97.0,69
HM07303,P0523,2026-04-03,156/88,159.7,97.3,54
HM07304,P0798,2026-06-25,131/102,98.0,98.3,59
HM07305,P0385,2026-01-06,125/78,60.0,97.3,64
HM07306,P0022,2026-07-27,93/71,132.8,97.6,91
HM07307,P0689,2026-03-23,117/83,132.4,99.6,69
HM07308,P0001,2026-02-04,133/68,175.3,97.3,82
HM07309,P0035,2026-05-17,156/65,135.8,97.3,105
HM07310,P0891,2026-07-21,90/61,75.7,97.2,84
HM07311,P0393,2026-04-18,160/93,123.2,98.2,70
HM07312,P0472,2026-02-20,132/77,121.6,97.5,63
HM07313,P0770,2026-07-12,125/80,94.1,97.5,84
HM07314,P0824,2026-07-11,134/102,163.3,97.1,75
HM07315,P0016,2026-06-22,97/57,191.8,99.5,70
HM07316,P0812,2026-06-06,149/96,60.0,99.0,72
HM07317,P0102,2026-07-27,132/116,170.5,98.1,95
HM07318,P0952,2026-03-04,90/86,133.5,98.8,71
HM07319,P0408,2026-09-15,132/90,60.0,97.9,67
HM07320,P0305,2026-02-14,138/96,93.6,97.2,79
HM07321,P0018,2026-04-23,101/77,103.4,98.7,81
HM07322,P0200,2026-09-01,128/99,124.4,97.8,74
HM07323,P0989,2026-01-19,109/67,66.4,99.2,69
HM07324,P0091,2026-05-19,131/76,114.0,99.2,80
HM07325,P0063,2026-02-01,106/73,145.1,98.6,89
HM07326,P0291,2026-09-13,120/63,132.7,98.4,81
HM07327,P0961,2026-07-27,97/72,82.2,98.6,83
HM07328,P0676,2026-05-17,124/91,167.2,98.5,86
HM07329,P0575,2026-04-01,114/71,150.3,97.4,86
HM07330,P0173,2026-01-16,159/87,112.2,97.0,79
HM07331,P0165,2026-08-18,145/77,150.8,98.5,81
HM07332,P0349,2026-03-16,118/62,100.1,97.8,84
HM07333,P0212,2026-08-20,124/92,124.8,97.7,68
HM07334,P0506,2026-09-27,112/81,102.0,97.2,90
HM07335,P0039,2026-03-03,128/83,86.2,97.3,76
HM07336,P0121,2026-08-26,90/89,90.4,98.0,83
HM07337,P0994,2026-09-14,120/65,167.7,96.8,51
HM07338,P0600,2026-07-22,142/62,158.8,98.5,81
HM07339,P0918,2026-06-15,113/70,101.8,97.4,92
HM07340,P0515,2026-09-24,110/86,150.2,97.4,82
HM07341,P0487,2026-03-19,107/77,98.9,97.6,79
HM07342,P0077,2026-03-07,100/91,77.1,97.1,74
HM07343,P0031,2026-07-09,117/84,118.0,96.7,89
HM07344,P0654,2026-09-05,119/82,192.1,99.4,80
HM07345,P0941,2026-04-10,97/63,155.7,97.8,75
HM07346,P0453,2026-01-21,102/85,154.9,99.6,72
HM07347,P0989,2026-01-20,137/78,145.8,98.2,68
HM07348,P0326,2026-08-04,151/81,102.7,98.4,69
HM07349,P0127,2026-01-20,133/77,87.2,100.3,65
HM07350,P0534,2026-04-24,132/80,79.1,97.9,61
HM07351,P0455,2026-01-07,166/76,108.6,100.0,68
HM07352,P0720,2026-05-10,150/87,60.0,97.9,83
HM07353,P0432,2026-06-22,125/80,93.7,97.6,74
HM07354,P0672,2026-04-25,164/69,98.1,98.2,60
HM07355,P0528,2026-08-26,133/64,76.9,97.2,58
HM07356,P0952,2026-04-29,150/86,147.3,98.9,75
HM07357,P0423,2026-05-14,124/92,172.3,97.1,108
HM07358,P0486,2026-06-03,98/74,117.6,98.3,101
HM07359,P0553,2026-02-10,145/84,151.2,98.5,69
HM07360,P0460,2026-01-29,134/80,85.5,99.3,77
HM07361,P0418,2026-09-08,102/68,133.7,99.1,83
HM07362,P0914,2026-06-16,134/70,118.3,97.9,75
HM07363,P0342,2026-04-21,122/72,141.3,97.3,62
HM07364,P0909,2026-09-27,109/90,126.9,96.6,85
HM07365,P0897,2026-04-21,124/74,106.5,97.0,80
HM07366,P0935,2026-06-05,99/75,102.8,98.9,78
HM07367,P0705,2026-08-24,139/65,111.2,98.7,92
HM07368,P0633,2026-04-22,102/69,132.7,99.7,81
HM07369,P0570,2026-02-01,102/66,119.7,98.5,75
HM07370,P0648,2026-01-16,103/93,102.8,98.7,56
HM07371,P0323,2026-07-30,149/71,162.1,98.8,60
HM07372,P0305,2026-01-01,129/99,94.1,99.7,82
HM07373,P0060,2026-04-05,151/81,110.7,99.9,86
HM07374,P0624,2026-09-09,120/85,95.2,98.3,92
HM07375,P0766,2026-03-06,121/69,81.2,98.3,68
HM07376,P0455,2026-08-22,96/65,156.1,98.1,78
HM07377,P0732,2026-01-26,105/73,93.5,98.0,58
HM07378,P0092,2026-03-27,146/79,122.1,99.0,88
HM07379,P0595,2026-08-28,113/87,135.8,98.5,90
HM07380,P0780,2026-07-14,140/88,162.8,98.2,78
HM07381,P0092,2026-07-19,141/77,131.9,97.7,50
HM07382,P0762,2026-06-13,136/61,90.5,98.9,87
HM07383,P0309,2026-08-08,148/55,125.4,98.0,89
HM07384,P0244,2026-05-24,154/64,115.6,98.9,73
HM07385,P0368,2026-01-29,159/75,104.5,97.2,79
HM07386,P0208,2026-09-25,90/77,159.4,96.9,58
HM07387,P0261,2026-04-06,147/95,67.6,99.8,83
HM07388,P0747,2026-06-24,145/70,167.1,98.0,74
HM07389,P0479,2026-08-05,134/75,61.8,98.3,74
HM07390,P0366,2026-03-24,109/94,198.7,97.4,80
HM07391,P0754,2026-07-18,117/107,132.2,99.0,92
HM07392,P0946,2026-01-09,127/77,168.2,98.9,67
HM07393,P0477,2026-02-27,110/75,155.6,99.5,103
HM07394,P0233,2026-03-27,110/81,101.0,98.0,89
HM07395,P0558,2026-09-02,124/95,96.9,98.9,72
HM07396,P0900,2026-09-12,90/67,119.3,99.9,72
HM07397,P0725,2026-07-07,121/85,94.0,97.8,78
HM07398,P0462,2026-08-01,116/58,92.2,98.8,85
HM07399,P0611,2026-04-06,151/95,83.5,97.5,69
HM07400,P0817,2026-02-25,121/72,108.9,97.4,87
HM07401,P0840,2026-05-12,106/68,133.2,98.9,75
HM07402,P0437,2026-08-11,142/89,181.5,98.9,98
HM07403,P0985,2026-01-21,126/96,164.7,98.1,69
HM07404,P0285,2026-06-21,114/84,74.8,97.8,92
HM07405,P0885,2026-01-21,138/55,68.4,100.1,92
HM07406,P0631,2026-08-03,113/62,71.3,98.7,101
HM07407,P0687,2026-05-18,163/61,104.6,97.4,79
HM07408,P0743,2026-07-20,98/73,84.6,98.7,71
HM07409,P0433,2026-04-20,117/86,172.5,100.1,83
HM07410,P0753,2026-08-05,123/95,155.9,99.0,59
HM07411,P0729,2026-09-24,149/84,83.7,97.6,84
HM07412,P0403,2026-06-26,90/78,92.1,97.5,72
HM07413,P0886,2026-02-20,95/92,60.0,98.4,67
HM07414,P0570,2026-08-12,164/80,60.0,98.7,64
HM07415,P0908,2026-04-21,144/87,166.5,98.4,87
HM07416,P0517,2026-02-26,125/72,152.3,97.1,77
HM07417,P0514,2026-09-02,113/90,81.9,97.8,78
HM07418,P0984,2026-04-27,154/73,101.0,97.0,66
HM07419,P0662,2026-01-08,133/80,116.7,99.8,57
HM07420,P0125,2026-04-19,171/94,103.6,98.6,69
HM07421,P0528,2026-07-24,131/105,92.4,98.0,68
HM07422,P0038,2026-05-02,113/75,76.7,98.0,78
HM07423,P0500,2026-05-16,116/55,109.6,98.2,100
HM07424,P0275,2026-04-15,125/91,100.1,99.4,66
HM07425,P0882,2026-09-01,135/90,139.3,100.1,70
HM07426,P0430,2026-08-09,153/93,116.7,99.9,76
HM07427,P0158,2026-07-18,125/79,70.4,98.9,85
HM07428,P0622,2026-09-24,122/101,99.7,96.6,100
HM07429,P0614,2026-08-09,145/87,103.1,98.5,62
HM07430,P0461,2026-03-30,120/69,124.2,99.0,65
HM07431,P0172,2026-07-27,139/82,138.9,98.0,86
HM07432,P0324,2026-01-11,111/59,64.1,97.7,58
HM07433,P0696,2026-05-21,156/79,147.2,98.9,78
HM07434,P0943,2026-09-24,190/115,163.7,97.4,95
HM07435,P0547,2026-06-12,90/96,60.0,97.9,92
HM07436,P0571,2026-07-30,132/62,121.0,98.5,80
HM07437,P0565,2026-07-15,116/90,155.1,98.1,96
HM07438,P0394,2026-03-16,121/74,162.5,99.4,70
HM07439,P0306,2026-02-15,109/101,111.4,98.2,74
HM07440,P0183,2026-02-02,151/105,117.4,100.4,71
HM07441,P0200,2026-06-06,119/88,86.4,98.8,71
HM07442,P0051,2026-05-13,94/59,103.7,98.6,61
HM07443,P0365,2026-05-16,128/82,109.1,97.4,80
HM07444,P0305,2026-06-28,122/91,69.8,98.3,62
HM07445,P0268,2026-06-30,120/66,82.9,98.2,71
HM07446,P0505,2026-02-13,154/94,143.2,98.9,79
HM07447,P0320,2026-01-16,151/76,189.2,97.4,64
HM07448,P0771,2026-09-26,97/65,60.0,98.4,88
HM07449,P0975,2026-05-03,125/63,98.6,99.0,73
HM07450,P0809,2026-08-12,109/61,100.2,97.6,76
HM07451,P0838,2026-05-25,134/76,121.5,98.6,63
HM07452,P0668,2026-04-09,162/71,133.1,97.2,79
HM07453,P0972,2026-08-19,127/99,106.9,99.4,81
HM07454,P0129,2026-03-24,162/58,131.9,96.0,77
HM07455,P0569,2026-03-05,145/97,140.9,97.9,84
HM07456,P0080,2026-07-26,175/80,148.6,97.8,90
HM07457,P0915,2026-05-10,143/72,142.2,98.9,86
HM07458,P0598,2026-05-08,124/94,82.3,98.2,79
HM07459,P0332,2026-01-15,148/68,123.4,97.8,79
HM07460,P0177,2026-05-13,132/64,159.2,98.6,67
HM07461,P0783,2026-02-15,118/97,129.6,97.3,68
HM07462,P0987,2026-05-13,137/88,127.7,97.9,87
HM07463,P0475,2026-08-08,118/69,170.5,98.6,68
HM07464,P0223,2026-06-03,127/80,102.8,98.4,66
HM07465,P0083,2026-01-21,142/79,60.0,98.0,70
HM07466,P0907,2026-03-15,90/78,151.3,98.1,86
HM07467,P0429,2026-09-28,125/74,89.4,97.0,89
HM07468,P0161,2026-01-19,139/76,60.0,98.6,67
HM07469,P0359,2026-05-15,127/61,118.2,98.1,49
HM07470,P0997,2026-03-06,157/76,105.9,98.7,77
HM07471,P0813,2026-01-04,132/66,110.0,96.5,75
HM07472,P0701,2026-08-09,153/61,102.7,96.3,78
HM07473,P0156,2026-06-15,134/84,93.9,96.3,63
HM07474,P0698,2026-03-06,150/90,111.8,98.3,65
HM07475,P0116,2026-05-18,150/71,130.3,97.0,75
HM07476,P0811,2026-03-01,149/68,141.2,97.2,67
HM07477,P0971,2026-01-25,124/91,104.6,98.8,91
HM07478,P0996,2026-01-27,109/61,102.6,99.3,68
HM07479,P0643,2026-05-13,145/76,176.5,100.2,90
HM07480,P0243,2026-04-20,92/55,117.1,99.0,84
HM07481,P0166,2026-09-10,110/62,147.5,99.9,69
HM07482,P0972,2026-06-25,141/111,108.4,98.0,84
HM07483,P0220,2026-02-23,119/96,100.9,98.2,60
HM07484,P0515,2026-07-12,120/67,127.1,96.7,89
HM07485,P0537,2026-06-20,107/101,163.0,98.7,59
HM07486,P0835,2026-08-25,112/69,88.0,99.6,76
HM07487,P0080,2026-07-01,111/71,96.4,98.7,58
HM07488,P0306,2026-02-08,126/85,60.0,96.9,77
HM07489,P0580,2026-04-20,153/94,93.7,99.5,74
HM07490,P0324,2026-07-31,118/81,144.4,97.7,73
HM07491,P0833,2026-03-23,100/84,147.7,99.1,61
HM07492,P0565,2026-01-01,117/94,123.1,98.2,78
HM07493,P0712,2026-09-20,135/83,94.9,99.0,63
HM07494,P0080,2026-02-04,151/69,134.2,98.1,72
HM07495,P0780,2026-05-14,152/88,112.9,99.8,89
HM07496,P0156,2026-06-20,108/55,118.7,99.4,85
HM07497,P0120,2026-07-07,156/72,110.9,98.1,80
HM07498,P0212,2026-03-21,140/99,179.5,99.7,86
HM07499,P0275,2026-05-23,118/82,137.9,98.3,67
HM07500,P0170,2026-05-29,115/90,106.4,98.2,77
HM07501,P0449,2026-03-09,107/77,99.0,97.6,65
HM07502,P0376,2026-07-25,122/87,154.2,96.9,97
HM07503,P0614,2026-03-10,130/66,100.9,96.5,58
HM07504,P0434,2026-09-09,159/71,133.8,98.1,78
HM07505,P0003,2026-02-15,132/55,161.1,98.1,71
HM07506,P0006,2026-09-23,134/71,122.3,98.1,86
HM07507,P0316,2026-01-12,120/67,127.7,98.0,56
HM07508,P0296,2026-09-18,128/73,127.1,97.4,63
HM07509,P0167,2026-01-22,148/90,114.8,98.6,87
HM07510,P0831,2026-05-07,124/65,125.5,99.1,85
HM07511,P0887,2026-01-05,126/86,107.2,99.1,94
HM07512,P0291,2026-04-22,99/93,193.3,98.7,89
HM07513,P0352,2026-03-17,112/73,107.7,97.8,62
HM07514,P0717,2026-02-12,121/90,69.6,98.4,79
HM07515,P0202,2026-07-04,118/85,129.1,97.9,90
HM07516,P0959,2026-07-21,136/98,112.7,97.9,75
HM07517,P0982,2026-07-04,148/78,111.9,100.0,61
HM07518,P0197,2026-07-23,132/79,106.2,97.3,70
HM07519,P0477,2026-06-23,116/85,144.8,96.6,63
HM07520,P0548,2026-03-09,135/87,63.8,99.0,77
HM07521,P0790,2026-04-20,139/69,66.3,97.9,74
HM07522,P0632,2026-08-28,118/75,174.3,96.7,67
HM07523,P0847,2026-09-21,116/80,139.9,99.0,90
HM07524,P0934,2026-09-23,134/59,60.0,99.2,90
HM07525,P0255,2026-06-23,137/70,103.7,97.8,65
HM07526,P0413,2026-07-13,130/105,97.7,99.4,67
HM07527,P0119,2026-05-25,94/91,107.3,99.3,95
HM07528,P0052,2026-02-10,119/96,84.3,97.4,90
HM07529,P0471,2026-03-29,94/79,158.7,99.4,72
HM07530,P0350,2026-02-15,145/66,91.6,98.4,82
HM07531,P0181,2026-08-05,104/102,60.0,98.2,80
HM07532,P0908,2026-06-16,90/95,89.1,98.3,81
HM07533,P0899,2026-02-17,95/67,169.7,98.1,45
HM07534,P0240,2026-07-01,118/79,122.7,96.4,77
HM07535,P0719,2026-01-26,108/82,132.7,98.6,94
HM07536,P0288,2026-09-04,168/66,101.6,98.9,76
HM07537,P0736,2026-05-28,90/77,158.2,96.9,80
HM07538,P0037,2026-09-24,90/90,123.5,97.7,72
HM07539,P0219,2026-01-23,95/92,87.0,98.7,66
HM07540,P0515,2026-02-15,168/98,187.6,100.2,70
HM07541,P0919,2026-02-13,107/104,110.1,98.9,70
HM07542,P0698,2026-02-10,112/89,60.0,98.9,84
HM07543,P0205,2026-03-23,114/80,121.3,98.4,86
HM07544,P0898,2026-05-28,108/112,107.8,98.1,101
HM07545,P0742,2026-03-05,90/103,118.3,97.7,64
HM07546,P0658,2026-02-23,99/75,124.7,98.8,81
HM07547,P0625,2026-05-29,114/96,208.6,99.5,73
HM07548,P0584,2026-05-18,135/86,171.1,97.9,66
HM07549,P0812,2026-04-02,147/84,76.2,98.8,100
HM07550,P0696,2026-03-02,111/69,116.1,98.8,77
HM07551,P0453,2026-06-20,147/83,150.4,97.6,63
HM07552,P0350,2026-06-04,118/63,129.3,96.4,72
HM07553,P0136,2026-01-13,119/67,104.3,98.2,93
HM07554,P0662,2026-06-24,104/84,134.5,98.2,72
HM07555,P0770,2026-02-07,102/102,117.5,97.9,103
HM07556,P0648,2026-02-22,129/110,65.4,98.0,61
HM07557,P0995,2026-08-06,122/78,99.0,98.2,73
HM07558,P0783,2026-05-31,122/70,165.5,97.2,80
HM07559,P0068,2026-07-29,101/69,89.5,98.1,80
HM07560,P0169,2026-01-21,102/75,80.3,97.3,91
HM07561,P0918,2026-08-09,97/80,174.4,99.3,83
HM07562,P0222,2026-06-30,124/88,127.9,99.5,76
HM07563,P0386,2026-02-18,145/76,181.3,98.1,58
HM07564,P0909,2026-09-18,126/89,172.0,97.3,57
HM07565,P0903,2026-08-09,134/85,65.6,97.9,74
HM07566,P0094,2026-03-03,141/75,99.8,98.3,61
HM07567,P0662,2026-02-13,163/91,90.4,97.2,65
HM07568,P0457,2026-05-26,136/67,106.3,96.7,84
HM07569,P0158,2026-02-25,136/77,121.8,98.9,80
HM07570,P0004,2026-02-25,140/65,128.3,98.4,92
HM07571,P0370,2026-08-10,125/78,95.5,99.5,49
HM07572,P0307,2026-05-23,135/79,108.6,97.9,77
HM07573,P0043,2026-04-03,134/70,119.7,98.5,66
HM07574,P0091,2026-05-22,135/84,87.0,97.1,68
HM07575,P0385,2026-09-04,127/79,163.8,97.9,67
HM07576,P0717,2026-07-16,138/68,87.3,97.5,45
HM07577,P0639,2026-09-25,136/91,147.1,99.9,96
HM07578,P0403,2026-02-27,118/93,111.6,97.8,68
HM07579,P0128,2026-06-25,119/83,170.3,98.9,68
HM07580,P0062,2026-05-18,104/86,146.6,99.3,74
HM07581,P0808,2026-01-02,134/90,67.7,98.4,88
HM07582,P0513,2026-01-03,135/79,206.3,99.9,78
HM07583,P0269,2026-02-09,121/88,113.0,99.3,62
HM07584,P0207,2026-08-14,120/88,150.1,96.9,66
HM07585,P0369,2026-05-24,91/69,70.3,98.7,80
HM07586,P0732,2026-05-14,121/80,156.8,97.3,54
HM07587,P0718,2026-04-06,139/75,79.4,98.7,54
HM07588,P0945,2026-04-28,107/55,124.1,99.6,71
HM07589,P0192,2026-02-06,109/101,137.0,100.3,79
HM07590,P0656,2026-02-19,129/97,109.8,98.4,48
HM07591,P0658,2026-05-12,159/84,111.2,99.0,63
HM07592,P0708,2026-04-08,113/86,116.5,98.6,80
HM07593,P0175,2026-05-26,137/64,159.7,97.8,78
HM07594,P0220,2026-01-09,112/76,123.0,98.9,88
HM07595,P0995,2026-09-02,133/72,127.9,98.4,78
HM07596,P0208,2026-06-15,135/64,60.0,99.3,76
HM07597,P0135,2026-05-23,133/69,159.2,98.5,75
HM07598,P0067,2026-05-09,130/59,128.1,99.5,81
HM07599,P0775,2026-02-03,128/76,152.9,99.3,72
HM07600,P0860,2026-06-27,132/82,129.1,97.5,91
HM07601,P0203,2026-01-12,136/94,76.0,97.2,102
HM07602,P0682,2026-09-03,147/70,145.4,97.8,57
HM07603,P0698,2026-04-12,90/79,169.6,99.6,93
HM07604,P0058,2026-01-12,141/83,155.3,96.4,89
HM07605,P0228,2026-02-21,102/69,139.4,99.0,70
HM07606,P0850,2026-07-11,137/86,104.1,98.3,102
HM07607,P0487,2026-02-14,119/77,120.3,98.0,87
HM07608,P0836,2026-01-04,154/77,85.0,100.0,79
HM07609,P0818,2026-04-17,90/102,154.4,99.6,95
HM07610,P0531,2026-08-02,177/67,87.2,97.8,71
HM07611,P0073,2026-03-31,127/74,73.4,97.4,74
HM07612,P0277,2026-04-23,147/73,143.3,97.0,45
HM07613,P0410,2026-08-11,122/72,84.1,97.3,69
HM07614,P0122,2026-06-04,105/69,67.4,96.3,51
HM07615,P0659,2026-03-03,174/79,168.4,98.0,76
HM07616,P0857,2026-04-08,131/87,71.4,97.9,81
HM07617,P0024,2026-06-27,90/95,152.2,96.3,67
HM07618,P0434,2026-02-02,127/90,168.4,97.6,106
HM07619,P0894,2026-02-19,124/77,134.7,98.5,81
HM07620,P0464,2026-03-12,164/82,80.6,97.4,95
HM07621,P0787,2026-05-01,138/61,60.0,98.2,85
HM07622,P0635,2026-02-16,111/59,75.6,99.7,83
HM07623,P0281,2026-07-17,145/93,93.1,97.9,75
HM07624,P0897,2026-01-26,133/93,180.4,98.9,87
HM07625,P0844,2026-02-21,163/77,156.6,98.7,85
HM07626,P0811,2026-07-11,120/63,127.1,98.5,71
HM07627,P0902,2026-09-12,123/69,84.4,97.8,62
HM07628,P0267,2026-05-11,113/88,166.0,100.1,73
HM07629,P0118,2026-08-27,149/84,106.7,98.6,91
HM07630,P0950,2026-08-05,115/73,100.7,97.6,92
HM07631,P0591,2026-02-05,109/72,125.9,98.4,73
HM07632,P0783,2026-02-16,158/72,109.0,96.5,74
HM07633,P0424,2026-07-07,98/69,60.0,97.4,77
HM07634,P0858,2026-05-25,120/75,103.6,97.7,77
HM07635,P0005,2026-08-19,122/83,108.0,97.8,87
HM07636,P0452,2026-07-14,137/79,156.8,98.3,76
HM07637,P0070,2026-06-25,123/81,82.9,96.5,81
HM07638,P0320,2026-05-11,141/67,152.6,96.7,71
HM07639,P0615,2026-04-18,159/84,104.4,98.4,92
HM07640,P0235,2026-01-07,96/95,97.8,98.8,70
HM07641,P0197,2026-03-28,158/79,68.5,98.6,93
HM07642,P0201,2026-03-10,148/81,143.4,97.8,85
HM07643,P0697,2026-02-16,132/55,80.0,98.4,79
HM07644,P0450,2026-07-09,124/81,157.3,98.5,50
HM07645,P0782,2026-03-01,163/57,148.5,96.8,95
HM07646,P0796,2026-09-02,119/84,60.0,98.9,82
HM07647,P0357,2026-04-02,137/91,121.2,98.0,68
HM07648,P0290,2026-01-19,116/94,85.7,96.5,66
HM07649,P0471,2026-01-25,137/76,136.2,96.4,45
HM07650,P0070,2026-03-17,130/92,60.0,98.7,92
HM07651,P0468,2026-08-10,124/90,121.7,98.0,87
HM07652,P0010,2026-06-30,163/73,111.9,97.3,79
HM07653,P0779,2026-05-16,121/93,164.7,98.9,90
HM07654,P0611,2026-01-06,110/68,130.3,98.2,101
HM07655,P0051,2026-08-07,90/87,136.1,97.5,66
HM07656,P0357,2026-08-20,118/60,166.0,100.6,73
HM07657,P0605,2026-02-26,112/64,76.6,97.7,92
HM07658,P0813,2026-03-25,188/71,83.4,97.1,83
HM07659,P0907,2026-03-19,131/81,99.4,99.4,87
HM07660,P0905,2026-07-07,139/84,108.4,97.6,84
HM07661,P0021,2026-06-06,133/86,60.2,98.5,74
HM07662,P0783,2026-05-20,107/88,121.2,100.3,83
HM07663,P0928,2026-07-26,119/78,74.0,99.3,81
HM07664,P0024,2026-06-20,131/67,142.3,97.4,71
HM07665,P0288,2026-06-02,127/73,87.3,98.2,90
HM07666,P0141,2026-08-11,142/88,132.0,97.8,91
HM07667,P0884,2026-03-24,90/85,144.4,98.1,69
HM07668,P0375,2026-09-28,124/70,133.0,99.1,83
HM07669,P0062,2026-06-18,132/89,145.7,97.5,59
HM07670,P0507,2026-08-13,130/91,60.0,98.3,91
HM07671,P0517,2026-04-02,122/98,161.7,98.0,73
HM07672,P0428,2026-09-17,118/81,73.9,97.0,50
HM07673,P0583,2026-09-06,124/104,60.0,98.0,75
HM07674,P0133,2026-02-19,121/95,83.9,96.4,71
HM07675,P0827,2026-03-25,111/55,123.6,97.1,77
HM07676,P0583,2026-07-01,117/67,146.2,97.9,78
HM07677,P0553,2026-01-09,136/83,120.1,97.5,64
HM07678,P0150,2026-02-26,128/68,142.8,98.1,85
HM07679,P0226,2026-06-23,105/66,173.8,98.1,88
HM07680,P0579,2026-01-26,96/76,160.6,96.8,105
HM07681,P0059,2026-06-02,129/70,127.3,99.2,68
HM07682,P0836,2026-09-28,111/82,131.2,98.0,82
HM07683,P0825,2026-08-19,142/82,90.8,98.2,99
HM07684,P0702,2026-07-15,131/94,97.0,98.4,87
HM07685,P0349,2026-03-15,154/94,75.8,99.2,98
HM07686,P0008,2026-04-11,113/69,114.1,98.4,73
HM07687,P0303,2026-08-18,101/97,84.9,97.7,79
HM07688,P0745,2026-07-04,95/61,99.9,98.9,80
HM07689,P0323,2026-02-05,90/96,142.9,98.4,79
HM07690,P0683,2026-09-06,138/107,145.8,98.5,63
HM07691,P0659,2026-04-01,128/89,111.0,97.7,84
HM07692,P0845,2026-04-29,105/90,99.8,96.3,72
HM07693,P0044,2026-05-01,123/86,130.3,97.0,79
HM07694,P0027,2026-03-02,114/75,80.1,98.2,115
HM07695,P0719,2026-01-17,162/68,117.3,97.9,79
HM07696,P0200,2026-08-22,143/78,90.1,99.2,63
HM07697,P0441,2026-02-21,128/62,79.1,98.9,69
HM07698,P0899,2026-09-19,90/71,86.0,97.1,84
HM07699,P0456,2026-03-02,94/72,119.7,97.9,73
HM07700,P0636,2026-05-29,110/65,92.7,98.8,72
HM07701,P0402,2026-07-31,128/93,136.0,97.1,83
HM07702,P0278,2026-07-18,145/73,60.0,97.8,80
HM07703,P0683,2026-08-05,136/73,60.0,97.1,82
HM07704,P0484,2026-03-02,164/79,161.0,97.2,70
HM07705,P0769,2026-04-14,90/84,83.7,98.7,71
HM07706,P0550,2026-01-10,165/101,60.0,98.7,69
HM07707,P0846,2026-02-03,137/63,165.4,99.1,61
HM07708,P0087,2026-06-01,121/81,140.2,98.2,87
HM07709,P0531,2026-02-28,123/87,67.1,98.2,91
HM07710,P0891,2026-05-09,153/82,111.5,99.4,76
HM07711,P0946,2026-03-05,147/78,116.4,97.2,63
HM07712,P0628,2026-03-31,144/100,118.7,98.1,90
HM07713,P0385,2026-01-07,131/55,149.8,97.0,77
HM07714,P0991,2026-04-27,116/72,116.6,99.0,78
HM07715,P0492,2026-09-25,153/98,168.4,98.1,72
HM07716,P0140,2026-09-08,124/93,152.3,96.0,81
HM07717,P0942,2026-07-09,90/79,96.5,97.4,88
HM07718,P0699,2026-07-30,112/79,82.4,98.3,89
HM07719,P0706,2026-01-10,107/87,117.0,98.2,73
HM07720,P0786,2026-09-15,140/88,110.3,98.4,86
HM07721,P0228,2026-02-17,135/76,155.8,99.0,103
HM07722,P0511,2026-05-02,93/88,155.3,99.1,74
HM07723,P0166,2026-09-04,97/98,98.1,97.9,102
HM07724,P0501,2026-07-24,99/89,88.6,97.5,80
HM07725,P0133,2026-09-24,138/91,152.9,97.6,64
HM07726,P0180,2026-07-03,118/84,107.8,96.0,56
HM07727,P0288,2026-08-25,120/90,83.3,98.9,60
HM07728,P0627,2026-02-28,130/83,131.4,97.3,59
HM07729,P0811,2026-08-15,139/61,88.0,99.5,80
HM07730,P0115,2026-01-23,132/87,135.6,98.2,67
HM07731,P0712,2026-08-02,178/76,126.6,98.6,71
HM07732,P0257,2026-06-25,116/97,89.1,98.6,88
HM07733,P0081,2026-04-09,120/78,148.5,98.1,53
HM07734,P0804,2026-01-08,155/68,122.5,97.0,71
HM07735,P0854,2026-06-02,116/82,84.3,100.0,78
HM07736,P0496,2026-09-05,142/79,149.9,96.3,69
HM07737,P0012,2026-08-12,114/73,133.2,98.7,77
HM07738,P0447,2026-08-02,124/109,126.4,96.2,87
HM07739,P0997,2026-03-26,136/93,135.9,97.4,88
HM07740,P0346,2026-09-23,126/92,169.2,98.1,88
HM07741,P0248,2026-05-01,145/81,183.5,99.1,70
HM07742,P0676,2026-04-16,130/90,182.2,98.8,81
HM07743,P0042,2026-05-08,150/77,80.4,98.8,73
HM07744,P0880,2026-08-14,179/83,139.8,97.6,93
HM07745,P0709,2026-07-05,124/78,111.5,97.0,74
HM07746,P0224,2026-07-04,135/61,150.8,98.0,80
HM07747,P0354,2026-03-10,90/82,78.5,97.9,59
HM07748,P0336,2026-06-21,107/78,105.5,99.0,55
HM07749,P0454,2026-06-26,123/78,99.0,97.4,91
HM07750,P0861,2026-01-09,165/59,82.7,97.3,74
HM07751,P0611,2026-05-07,150/86,109.6,98.2,74
HM07752,P0409,2026-03-14,139/90,135.7,96.2,78
HM07753,P0392,2026-05-20,121/91,123.4,98.7,72
HM07754,P0010,2026-02-23,143/94,60.0,97.0,87
HM07755,P0160,2026-07-02,121/92,123.5,98.8,69
HM07756,P0658,2026-02-04,131/84,90.9,99.1,55
HM07757,P0964,2026-06-04,129/64,79.2,99.1,64
HM07758,P0895,2026-04-30,102/86,76.1,99.1,85
HM07759,P0239,2026-09-16,109/91,60.0,98.6,63
HM07760,P0251,2026-02-06,114/74,159.8,97.7,77
HM07761,P0066,2026-02-15,116/68,78.9,98.5,77
HM07762,P0045,2026-03-02,140/77,107.7,98.9,73
HM07763,P0336,2026-09-09,96/90,91.3,98.3,70
HM07764,P0125,2026-01-17,105/57,126.9,96.0,93
HM07765,P0927,2026-04-16,145/69,170.6,100.1,74
HM07766,P0891,2026-01-21,133/81,168.0,96.9,75
HM07767,P0036,2026-01-03,143/89,113.5,99.5,80
HM07768,P0853,2026-01-30,127/88,112.9,98.2,68
HM07769,P0127,2026-09-16,183/74,140.5,99.9,61
HM07770,P0056,2026-09-03,137/80,177.8,97.4,68
HM07771,P0391,2026-05-21,124/74,98.9,100.0,79
HM07772,P0654,2026-03-14,109/75,129.2,98.5,71
HM07773,P0337,2026-01-19,92/79,112.3,97.6,93
HM07774,P0766,2026-01-13,136/81,102.4,99.8,64
HM07775,P0331,2026-02-21,115/74,125.5,98.8,61
HM07776,P0135,2026-01-17,111/85,91.7,97.8,80
HM07777,P0877,2026-02-26,105/83,136.4,98.2,95
HM07778,P0594,2026-01-15,139/79,103.8,99.8,70
HM07779,P0996,2026-08-29,119/75,128.9,100.2,80
HM07780,P0450,2026-07-22,118/82,69.0,98.0,98
HM07781,P0053,2026-04-01,138/94,150.5,97.6,100
HM07782,P0522,2026-07-03,90/83,60.0,96.7,89
HM07783,P0025,2026-07-09,111/94,60.0,98.1,63
HM07784,P0932,2026-07-09,118/98,177.7,98.7,58
HM07785,P0860,2026-07-02,100/81,86.8,98.8,98
HM07786,P0676,2026-09-17,105/69,73.7,98.0,78
HM07787,P0048,2026-02-17,125/90,128.8,98.1,78
HM07788,P0678,2026-09-14,126/79,91.3,97.1,79
HM07789,P0397,2026-03-12,115/86,117.5,98.2,89
HM07790,P0178,2026-04-23,96/101,60.0,99.5,80
HM07791,P0137,2026-05-31,114/62,94.0,98.1,80
HM07792,P0437,2026-09-10,153/80,126.2,98.5,74
HM07793,P0415,2026-07-27,121/78,136.9,97.4,71
HM07794,P0682,2026-08-27,132/67,119.0,97.7,84
HM07795,P0999,2026-06-04,152/73,141.5,98.4,73
HM07796,P0599,2026-07-21,125/95,109.0,99.4,76
HM07797,P0995,2026-02-05,96/78,62.8,97.9,73
HM07798,P0364,2026-05-10,161/99,118.0,99.3,73
HM07799,P0030,2026-06-30,96/86,127.6,97.4,67
HM07800,P0506,2026-03-06,143/59,134.5,97.9,84
HM07801,P0900,2026-04-14,144/69,75.1,99.5,77
HM07802,P0489,2026-06-04,131/90,81.4,99.0,85
HM07803,P0564,2026-06-27,154/97,117.2,98.9,78
HM07804,P0213,2026-02-03,127/66,107.1,96.6,76
HM07805,P0184,2026-01-08,151/89,118.9,98.0,71
HM07806,P0677,2026-09-21,106/89,61.3,96.8,88
HM07807,P0858,2026-01-12,129/80,122.2,100.0,78
HM07808,P0662,2026-04-13,130/104,112.8,99.8,52
HM07809,P0205,2026-05-09,101/71,135.4,99.8,70
HM07810,P0527,2026-04-28,144/106,169.8,97.8,88
HM07811,P0252,2026-04-07,131/72,130.0,97.8,79
HM07812,P0536,2026-04-07,97/58,105.0,98.5,64
HM07813,P0082,2026-09-10,135/80,137.8,99.1,94
HM07814,P0809,2026-08-29,137/76,121.6,100.3,89
HM07815,P0682,2026-02-06,126/78,94.1,97.1,98
HM07816,P0243,2026-08-15,134/64,110.6,99.3,72
HM07817,P0789,2026-05-28,108/84,138.0,97.8,70
HM07818,P0614,2026-09-25,134/66,96.2,98.1,86
HM07819,P0887,2026-03-02,116/86,155.8,97.7,116
HM07820,P0052,2026-07-25,153/83,108.6,97.7,97
HM07821,P0245,2026-06-07,129/62,60.0,98.3,79
HM07822,P0993,2026-03-25,106/61,60.0,97.5,73
HM07823,P0169,2026-04-17,138/78,152.2,98.7,84
HM07824,P0518,2026-05-17,144/63,96.2,100.4,55
HM07825,P0531,2026-08-01,119/85,60.0,97.5,101
HM07826,P0006,2026-03-01,128/73,122.4,97.7,98
HM07827,P0797,2026-03-07,105/73,62.8,97.9,75
HM07828,P0449,2026-02-06,148/67,131.9,98.3,55
HM07829,P0945,2026-07-29,110/70,173.9,98.7,79
HM07830,P0049,2026-01-18,90/57,140.5,98.9,69
HM07831,P0910,2026-04-22,125/79,120.9,97.9,87
HM07832,P0014,2026-05-09,147/68,73.2,97.5,78
HM07833,P0747,2026-09-20,132/89,149.0,98.5,80
HM07834,P0787,2026-08-29,157/80,135.7,98.5,75
HM07835,P0288,2026-04-14,121/95,111.8,97.9,69
HM07836,P0912,2026-02-28,133/73,126.6,98.4,72
HM07837,P0527,2026-04-26,97/67,84.5,97.3,83
HM07838,P0482,2026-01-10,167/73,101.6,97.7,88
HM07839,P0411,2026-08-26,133/79,72.5,97.3,80
HM07840,P0835,2026-03-07,129/79,138.3,97.1,81
HM07841,P0374,2026-06-21,129/68,93.8,98.8,64
HM07842,P0911,2026-05-10,174/86,113.0,98.0,87
HM07843,P0692,2026-02-11,116/75,165.8,97.8,79
HM07844,P0311,2026-02-05,109/83,135.3,99.7,66
HM07845,P0001,2026-01-21,96/76,93.4,98.2,84
HM07846,P0104,2026-03-30,170/74,60.0,98.0,82
HM07847,P0601,2026-02-22,105/82,119.8,98.4,87
HM07848,P0368,2026-09-21,123/86,60.0,97.3,73
HM07849,P0038,2026-04-01,104/80,103.0,97.8,88
HM07850,P0602,2026-09-14,126/66,93.9,98.9,80
HM07851,P0032,2026-05-18,148/90,101.4,99.5,96
HM07852,P0129,2026-06-04,90/80,95.8,98.0,68
HM07853,P0372,2026-07-12,106/90,74.1,98.3,61
HM07854,P0162,2026-09-27,150/80,141.1,98.4,74
HM07855,P0750,2026-02-28,126/98,83.6,96.0,68
HM07856,P0576,2026-04-03,100/91,108.8,98.9,78
HM07857,P0458,2026-07-19,125/81,166.8,98.4,91
HM07858,P0145,2026-05-27,145/78,112.4,97.9,93
HM07859,P0975,2026-04-27,106/71,105.3,97.2,70
HM07860,P0700,2026-06-03,147/87,100.3,98.9,102
HM07861,P0866,2026-01-11,131/97,144.8,97.9,80
HM07862,P0285,2026-06-26,135/71,60.0,97.4,52
HM07863,P0571,2026-05-02,109/59,145.8,97.1,84
HM07864,P0308,2026-06-08,140/88,60.0,99.2,83
HM07865,P0909,2026-08-01,141/101,142.8,97.1,85
HM07866,P0737,2026-02-24,94/79,97.4,98.2,59
HM07867,P0070,2026-03-22,97/74,107.2,97.8,95
HM07868,P0687,2026-09-05,133/84,101.6,96.9,77
HM07869,P0930,2026-09-16,161/82,154.0,99.3,84
HM07870,P0584,2026-06-19,129/68,107.7,97.9,81
HM07871,P0403,2026-09-02,96/73,129.1,97.6,67
HM07872,P0356,2026-04-27,109/76,60.0,97.5,89
HM07873,P0565,2026-06-17,131/85,60.0,97.8,76
HM07874,P0584,2026-02-28,134/93,148.4,97.7,71
HM07875,P0902,2026-02-24,153/75,77.1,98.0,94
HM07876,P0131,2026-09-22,106/74,84.8,99.1,81
HM07877,P0056,2026-02-20,143/98,62.1,97.5,72
HM07878,P0813,2026-08-10,126/86,97.8,97.6,89
HM07879,P0013,2026-01-13,135/83,60.0,99.3,80
HM07880,P0210,2026-06-06,121/70,92.8,97.4,54
HM07881,P0451,2026-05-13,108/60,112.9,97.2,86
HM07882,P0899,2026-07-29,91/94,144.3,97.2,76
HM07883,P0292,2026-04-06,107/86,178.0,99.3,69
HM07884,P0658,2026-01-04,127/98,133.3,99.1,85
HM07885,P0255,2026-06-20,126/79,72.6,97.5,67
HM07886,P0058,2026-07-02,117/81,111.2,98.4,85
HM07887,P0992,2026-08-14,116/88,154.8,98.6,71
HM07888,P0247,2026-09-16,143/85,136.7,99.6,86
HM07889,P0270,2026-01-16,156/78,99.9,99.2,66
HM07890,P0198,2026-04-01,162/95,118.1,99.3,85
HM07891,P0084,2026-08-02,99/70,125.0,98.3,93
HM07892,P0141,2026-02-27,131/64,95.9,98.9,56
HM07893,P0374,2026-09-09,96/75,147.4,98.0,83
HM07894,P0845,2026-06-13,125/78,92.1,99.0,62
HM07895,P0592,2026-01-16,120/93,88.3,96.8,52
HM07896,P0203,2026-04-13,138/88,103.0,97.1,76
HM07897,P0030,2026-03-16,148/64,152.0,96.7,64
HM07898,P0260,2026-04-03,127/91,166.5,99.1,96
HM07899,P0221,2026-02-05,128/72,156.4,99.4,89
HM07900,P0017,2026-03-22,137/96,127.0,98.2,86
HM07901,P0483,2026-05-20,134/90,110.4,99.0,88
HM07902,P0691,2026-09-25,129/70,158.4,97.1,66
HM07903,P0951,2026-09-02,128/55,169.0,98.2,96
HM07904,P0735,2026-02-23,161/78,162.2,97.2,83
HM07905,P0014,2026-05-14,115/88,145.9,98.1,84
HM07906,P0515,2026-07-04,143/82,203.9,98.1,97
HM07907,P0419,2026-01-30,147/57,167.3,99.2,79
HM07908,P0745,2026-07-26,132/85,163.1,97.8,97
HM07909,P0898,2026-06-03,103/58,135.8,99.3,75
HM07910,P0976,2026-07-18,90/62,130.3,98.2,93
HM07911,P0937,2026-07-25,126/71,125.8,99.1,94
HM07912,P0483,2026-04-16,122/80,142.3,97.5,86
HM07913,P0095,2026-09-28,120/79,115.1,98.3,100
HM07914,P0552,2026-03-04,115/74,165.6,98.6,87
HM07915,P0624,2026-02-11,104/82,143.4,97.6,85
HM07916,P0867,2026-03-19,120/72,150.5,99.2,79
HM07917,P0433,2026-04-02,134/95,101.2,98.5,73
HM07918,P0829,2026-03-06,104/75,75.6,98.6,68
HM07919,P0008,2026-05-15,97/88,138.7,97.9,86
HM07920,P0353,2026-03-18,108/75,129.3,99.1,73
HM07921,P0259,2026-06-28,113/91,136.4,98.3,92
HM07922,P0209,2026-03-14,163/84,94.4,98.6,68
HM07923,P0908,2026-06-03,149/71,108.2,97.4,80
HM07924,P0277,2026-06-02,129/88,119.2,98.2,71
HM07925,P0117,2026-01-22,119/63,163.8,98.1,97
HM07926,P0897,2026-09-16,122/57,99.2,98.2,78
HM07927,P0823,2026-07-23,138/82,103.2,97.4,73
HM07928,P0331,2026-08-03,137/90,91.4,99.1,84
HM07929,P0358,2026-08-17,107/82,127.9,97.2,61
HM07930,P0278,2026-05-06,134/74,167.9,99.7,83
HM07931,P0252,2026-03-05,144/67,68.4,98.1,62
HM07932,P0577,2026-01-17,131/70,121.7,98.0,85
HM07933,P0437,2026-01-11,131/75,67.1,98.3,57
HM07934,P0108,2026-07-20,149/86,144.5,97.3,82
HM07935,P0124,2026-06-04,111/81,80.1,98.1,61
HM07936,P0254,2026-09-23,121/60,176.1,98.3,78
HM07937,P0025,2026-07-20,138/64,87.7,98.7,79
HM07938,P0098,2026-02-02,110/87,125.6,98.7,82
HM07939,P0825,2026-09-21,111/79,60.0,97.7,75
HM07940,P0280,2026-08-16,137/86,88.7,97.5,93
HM07941,P0919,2026-03-03,119/81,142.5,98.1,76
HM07942,P0024,2026-09-01,118/73,120.0,96.6,73
HM07943,P0050,2026-07-05,135/85,164.4,99.0,82
HM07944,P0313,2026-04-01,125/74,132.6,98.5,73
HM07945,P0951,2026-04-26,107/79,155.5,98.3,78
HM07946,P0743,2026-01-06,133/85,123.7,98.2,71
HM07947,P0222,2026-08-15,145/74,170.0,98.3,78
HM07948,P0702,2026-05-17,140/72,135.1,98.3,82
HM07949,P0799,2026-04-24,111/71,60.0,97.8,71
HM07950,P0820,2026-04-01,111/78,117.2,98.6,84
HM07951,P0997,2026-08-30,138/88,124.6,98.2,89
HM07952,P0350,2026-04-24,138/62,109.0,96.6,56
HM07953,P0893,2026-02-18,114/78,100.2,96.6,87
HM07954,P0858,2026-08-26,110/85,91.2,97.8,83
HM07955,P0109,2026-08-26,118/82,124.7,96.9,83
HM07956,P0739,2026-02-02,106/66,89.6,98.9,58
HM07957,P0357,2026-04-19,138/84,117.6,98.4,74
HM07958,P0974,2026-08-20,138/74,60.0,98.1,87
HM07959,P0105,2026-06-06,134/101,106.1,98.1,75
HM07960,P0837,2026-09-23,109/74,78.6,96.1,71
HM07961,P0900,2026-09-13,125/87,94.9,97.7,90
HM07962,P0977,2026-05-26,98/78,148.5,97.6,59
HM07963,P0151,2026-09-01,159/89,144.1,98.1,85
HM07964,P0027,2026-07-13,90/74,148.2,96.9,73
HM07965,P0345,2026-06-15,131/70,115.3,98.5,81
HM07966,P0103,2026-01-26,116/70,128.9,98.5,81
HM07967,P0688,2026-07-21,127/84,145.7,98.5,79
HM07968,P0706,2026-06-11,114/96,75.7,98.0,71
HM07969,P0298,2026-09-06,90/84,107.9,98.2,75
HM07970,P0767,2026-02-13,140/90,76.5,99.8,75
HM07971,P0357,2026-05-01,136/82,118.7,98.7,93
HM07972,P0665,2026-06-19,140/77,112.1,97.7,86
HM07973,P0776,2026-03-18,136/75,161.4,99.2,99
HM07974,P0422,2026-05-15,109/78,108.1,100.5,78
HM07975,P0577,2026-04-30,150/92,112.1,98.2,84
HM07976,P0739,2026-04-25,150/77,97.2,99.0,64
HM07977,P0095,2026-07-22,130/92,130.1,97.7,65
HM07978,P0393,2026-02-04,148/77,83.5,99.2,87
HM07979,P0498,2026-06-03,103/110,96.1,98.9,101
HM07980,P0067,2026-05-21,142/83,64.9,100.0,88
HM07981,P0629,2026-03-15,96/98,117.1,98.0,71
HM07982,P0306,2026-07-30,128/89,97.7,98.3,118
HM07983,P0299,2026-08-16,134/91,81.5,97.0,95
HM07984,P0067,2026-03-13,148/100,112.2,99.3,47
HM07985,P0103,2026-03-15,135/92,90.9,99.2,75
HM07986,P0215,2026-05-07,123/76,170.3,97.8,71
HM07987,P0434,2026-08-10,107/75,121.8,98.8,68
HM07988,P0181,2026-01-19,132/87,82.4,98.3,76
HM07989,P0954,2026-02-15,126/73,110.3,98.2,100
HM07990,P0939,2026-08-24,125/96,164.5,97.0,74
HM07991,P0584,2026-03-05,153/82,110.9,98.9,90
HM07992,P0887,2026-01-26,124/76,60.0,98.2,73
HM07993,P0624,2026-02-22,104/77,100.4,98.4,74
HM07994,P0624,2026-04-21,133/82,159.6,97.7,99
HM07995,P0650,2026-05-07,146/97,123.8,97.9,71
HM07996,P0343,2026-02-07,160/93,79.7,99.1,68
HM07997,P0898,2026-07-21,131/89,166.0,98.4,76
HM07998,P0513,2026-09-10,125/92,142.6,98.2,55
HM07999,P0424,2026-03-20,90/82,73.7,97.7,75
HM08000,P0470,2026-05-09,166/81,140.2,98.7,48
HM08001,P0535,2026-03-09,117/65,175.5,96.6,72
HM08002,P0083,2026-09-27,119/68,118.5,98.2,79
HM08003,P0819,2026-09-21,135/82,128.3,99.2,58
HM08004,P0238,2026-01-25,138/67,92.5,98.3,82
HM08005,P0303,2026-04-23,135/68,172.1,97.8,69
HM08006,P0946,2026-03-03,99/63,66.0,98.5,85
HM08007,P0478,2026-09-25,107/66,107.6,98.3,81
HM08008,P0443,2026-03-21,105/77,169.9,97.1,77
HM08009,P0014,2026-08-07,134/68,136.4,97.0,85
HM08010,P0820,2026-07-13,125/62,139.1,97.4,76
HM08011,P0112,2026-03-27,137/68,96.5,99.2,53
HM08012,P0396,2026-02-24,153/62,90.5,98.5,85
HM08013,P0811,2026-02-12,130/80,99.7,99.6,87
HM08014,P0200,2026-09-06,148/74,60.0,99.1,82
HM08015,P0963,2026-08-05,128/73,102.8,97.7,78
HM08016,P0732,2026-08-25,102/89,186.3,97.7,58
HM08017,P0242,2026-03-02,122/83,130.9,99.6,87
HM08018,P0686,2026-08-16,90/65,129.2,97.8,96
HM08019,P0651,2026-04-10,106/91,92.3,98.4,68
HM08020,P0719,2026-04-11,136/92,123.9,99.9,69
HM08021,P0319,2026-06-24,126/90,81.8,98.3,85
HM08022,P0038,2026-04-10,143/93,84.6,98.5,62
HM08023,P0649,2026-09-10,110/77,155.0,98.7,78
HM08024,P0371,2026-05-10,133/86,127.9,97.7,66
HM08025,P0462,2026-08-12,120/70,136.7,99.6,84
HM08026,P0576,2026-06-18,90/72,115.6,96.9,78
HM08027,P0642,2026-01-09,134/96,178.7,97.1,76
HM08028,P0106,2026-05-24,122/71,118.5,98.1,85
HM08029,P0836,2026-05-31,152/81,97.8,97.3,102
HM08030,P0361,2026-04-02,143/84,109.2,99.7,76
HM08031,P0117,2026-08-11,90/83,72.0,98.4,94
HM08032,P0443,2026-02-24,91/69,145.3,97.8,82
HM08033,P0132,2026-04-04,133/90,92.4,96.0,82
HM08034,P0218,2026-03-06,93/91,113.5,97.9,86
HM08035,P0966,2026-07-29,90/77,130.7,98.4,72
HM08036,P0552,2026-09-12,115/98,146.9,97.6,94
HM08037,P0570,2026-07-27,140/85,133.4,97.2,96
HM08038,P0703,2026-03-08,144/82,123.5,98.1,71
HM08039,P0156,2026-01-31,135/70,120.3,98.3,82
HM08040,P0442,2026-03-03,143/84,139.3,96.5,83
HM08041,P0319,2026-02-02,126/84,96.5,99.2,81
HM08042,P0210,2026-02-15,110/73,146.6,98.1,77
HM08043,P0433,2026-06-04,121/92,131.9,97.1,66
HM08044,P0948,2026-04-05,125/72,60.0,97.5,74
HM08045,P0169,2026-01-17,116/88,60.0,97.5,87
HM08046,P0845,2026-08-03,111/65,91.2,98.6,74
HM08047,P0863,2026-02-08,110/85,128.1,97.1,79
HM08048,P0503,2026-02-22,99/94,158.1,97.9,90
HM08049,P0119,2026-01-12,109/78,94.5,98.2,78
HM08050,P0446,2026-04-15,124/78,119.5,99.3,53
HM08051,P0048,2026-05-10,163/75,112.3,99.4,85
HM08052,P0785,2026-01-02,135/94,109.2,99.0,62
HM08053,P0504,2026-07-30,133/86,155.1,98.8,80
HM08054,P0232,2026-09-18,118/76,103.8,97.0,98
HM08055,P0335,2026-05-06,144/83,143.5,98.9,66
HM08056,P0550,2026-05-06,137/95,91.3,96.8,64
HM08057,P0193,2026-04-16,123/65,109.0,97.6,77
HM08058,P0303,2026-02-22,114/79,136.1,97.3,81
HM08059,P0681,2026-08-15,107/79,112.1,98.5,80
HM08060,P0380,2026-01-09,149/79,93.0,99.0,81
HM08061,P0895,2026-05-27,142/78,69.2,100.2,70
HM08062,P0221,2026-06-28,101/88,81.9,97.8,79
HM08063,P0854,2026-09-01,122/75,170.6,98.1,67
HM08064,P0119,2026-06-06,144/71,111.2,97.4,80
HM08065,P0004,2026-03-03,125/79,120.3,98.9,86
HM08066,P0482,2026-04-30,104/71,147.4,97.5,83
HM08067,P0117,2026-01-16,141/60,100.8,98.9,76
HM08068,P0828,2026-08-14,116/89,153.6,97.6,99
HM08069,P0219,2026-01-19,90/61,99.1,97.9,74
HM08070,P0280,2026-02-20,114/71,107.3,97.7,86
HM08071,P0729,2026-06-04,125/77,112.5,99.2,72
HM08072,P0447,2026-03-09,99/68,106.8,98.6,88
HM08073,P0710,2026-03-09,157/88,84.1,98.0,52
HM08074,P0262,2026-05-31,118/72,60.0,100.1,73
HM08075,P0727,2026-01-08,90/76,172.8,99.9,78
HM08076,P0097,2026-07-20,126/94,109.7,98.6,88
HM08077,P0649,2026-08-31,103/98,84.2,97.6,79
HM08078,P0259,2026-02-26,143/88,113.3,98.5,90
HM08079,P0179,2026-03-11,125/70,93.9,99.0,68
HM08080,P0846,2026-05-19,93/76,112.4,99.0,60
HM08081,P0922,2026-08-12,131/93,86.4,98.3,52
HM08082,P0287,2026-01-14,142/89,114.3,97.0,86
HM08083,P0624,2026-05-07,120/55,142.2,99.2,94
HM08084,P0605,2026-05-14,99/56,100.6,98.7,66
HM08085,P0137,2026-06-21,93/88,102.9,98.8,78
HM08086,P0084,2026-08-31,121/79,102.5,97.8,64
HM08087,P0291,2026-04-24,134/94,97.5,99.9,82
HM08088,P0162,2026-01-28,130/87,149.1,97.8,84
HM08089,P0299,2026-08-29,145/75,115.2,97.5,72
HM08090,P0428,2026-04-10,118/69,112.8,98.5,83
HM08091,P0282,2026-06-28,108/72,144.8,97.7,87
HM08092,P0920,2026-06-15,110/84,141.3,96.0,88
HM08093,P0478,2026-04-14,151/76,127.1,97.4,82
HM08094,P0956,2026-08-18,174/55,97.5,98.9,93
HM08095,P0292,2026-03-08,97/72,94.7,97.6,76
HM08096,P0914,2026-03-01,96/76,82.2,98.1,69
HM08097,P0491,2026-07-04,121/67,148.3,97.9,78
HM08098,P0061,2026-01-21,122/80,115.1,98.9,74
HM08099,P0868,2026-06-28,110/80,93.5,98.1,65
HM08100,P0677,2026-08-04,145/70,157.0,98.1,88
HM08101,P0919,2026-08-03,109/56,60.0,100.5,70
HM08102,P0828,2026-07-24,146/64,121.3,98.5,112
HM08103,P0655,2026-09-09,118/71,127.3,97.4,82
HM08104,P0136,2026-06-09,123/70,132.3,98.3,87
HM08105,P0612,2026-01-01,158/73,100.6,97.0,84
HM08106,P0408,2026-04-10,112/84,155.8,97.6,72
HM08107,P0627,2026-05-07,145/88,136.1,97.8,60
HM08108,P0505,2026-07-14,110/67,135.4,98.5,70
HM08109,P0722,2026-05-23,116/85,103.8,97.7,101
HM08110,P0909,2026-07-05,114/88,128.7,96.8,69
HM08111,P0414,2026-06-07,141/78,63.7,98.6,71
HM08112,P0792,2026-02-06,133/112,128.4,98.8,74
HM08113,P0826,2026-03-07,102/92,93.8,98.0,99
HM08114,P0085,2026-03-24,118/94,128.6,97.7,82
HM08115,P0898,2026-05-06,110/90,158.6,98.2,94
HM08116,P0962,2026-09-19,128/90,218.3,100.4,75
HM08117,P0604,2026-08-17,130/67,143.0,98.6,68
HM08118,P0016,2026-09-21,148/76,96.8,98.6,72
HM08119,P0470,2026-01-05,124/100,93.5,98.8,70
HM08120,P0940,2026-04-10,105/79,209.0,98.9,83
HM08121,P0302,2026-05-31,114/75,63.1,99.8,81
HM08122,P0537,2026-04-17,128/82,188.2,98.5,75
HM08123,P0486,2026-02-03,160/78,60.0,96.8,75
HM08124,P0123,2026-07-18,130/89,82.9,98.0,68
HM08125,P0834,2026-06-19,147/95,183.5,98.5,100
HM08126,P0634,2026-05-28,111/82,77.9,98.7,81
HM08127,P0088,2026-04-07,90/93,144.9,97.7,81
HM08128,P0750,2026-03-07,95/70,173.4,97.2,78
HM08129,P0885,2026-08-15,97/84,134.7,98.9,83
HM08130,P0743,2026-05-03,153/73,78.0,97.7,61
HM08131,P0051,2026-04-20,126/78,131.7,96.7,77
HM08132,P0243,2026-07-26,149/86,60.0,98.2,69
HM08133,P0077,2026-02-18,125/75,175.9,98.3,81
HM08134,P0670,2026-06-04,124/85,107.4,98.9,73
HM08135,P0485,2026-05-31,152/85,109.7,99.0,83
HM08136,P0958,2026-06-22,141/81,106.6,98.3,71
HM08137,P0610,2026-06-25,144/97,135.3,99.5,91
HM08138,P0344,2026-05-12,119/90,70.1,98.4,63
HM08139,P0033,2026-09-19,122/62,153.3,97.8,88
HM08140,P0287,2026-03-01,123/57,98.1,97.7,77
HM08141,P0539,2026-02-13,155/100,106.9,97.1,69
HM08142,P0018,2026-09-13,134/78,60.0,97.7,93
HM08143,P0001,2026-01-10,130/80,101.4,97.8,84
HM08144,P0112,2026-04-10,127/89,134.1,98.2,82
HM08145,P0115,2026-04-04,113/79,161.9,98.2,75
HM08146,P0970,2026-07-25,129/66,122.7,99.7,68
HM08147,P0057,2026-09-01,130/79,113.3,98.1,86
HM08148,P0207,2026-05-27,103/88,117.4,96.6,82
HM08149,P0266,2026-05-04,127/69,120.6,97.0,69
HM08150,P0127,2026-03-21,125/59,74.7,97.3,78
HM08151,P0085,2026-02-15,133/69,81.8,98.3,79
HM08152,P0338,2026-07-15,110/101,121.5,98.0,73
HM08153,P0872,2026-09-23,145/86,60.0,97.6,72
HM08154,P0436,2026-09-15,124/87,77.5,98.1,98
HM08155,P0233,2026-06-10,125/71,68.3,97.8,65
HM08156,P0620,2026-01-16,117/86,116.3,97.8,56
HM08157,P0611,2026-02-10,141/75,118.8,97.4,73
HM08158,P0366,2026-02-14,113/63,83.2,98.2,81
HM08159,P0446,2026-01-07,111/65,102.5,98.9,66
HM08160,P0440,2026-04-11,125/72,154.5,97.7,85
HM08161,P0427,2026-01-05,145/98,67.6,96.9,91
HM08162,P0916,2026-08-16,145/72,60.0,98.3,59
HM08163,P0470,2026-08-29,108/82,126.0,99.6,73
HM08164,P0231,2026-05-25,105/91,128.2,97.9,78
HM08165,P0564,2026-03-29,117/88,174.1,97.5,83
HM08166,P0674,2026-03-29,94/67,134.7,98.1,64
HM08167,P0110,2026-06-07,125/90,64.4,99.8,84
HM08168,P0413,2026-09-07,136/79,176.1,99.1,73
HM08169,P0027,2026-05-29,140/71,105.2,99.5,82
HM08170,P0356,2026-05-11,138/94,134.2,97.5,97
HM08171,P0652,2026-06-06,135/87,117.0,99.2,100
HM08172,P0268,2026-01-24,117/92,116.2,96.4,61
HM08173,P0781,2026-05-14,133/92,136.3,98.9,109
HM08174,P0546,2026-07-01,135/76,110.6,99.7,62
HM08175,P0837,2026-08-21,149/80,85.9,96.9,95
HM08176,P0494,2026-03-27,107/80,80.9,100.0,79
HM08177,P0767,2026-07-27,98/74,163.8,97.3,73
HM08178,P0193,2026-06-15,148/84,72.3,98.4,76
HM08179,P0910,2026-04-29,126/91,123.4,98.1,76
HM08180,P0092,2026-07-16,146/71,60.0,98.0,82
HM08181,P0134,2026-05-23,116/73,102.3,98.2,62
HM08182,P0029,2026-08-14,138/55,133.9,98.5,83
HM08183,P0243,2026-07-05,90/83,96.0,99.6,82
HM08184,P0413,2026-01-20,101/59,93.5,98.9,91
HM08185,P0416,2026-07-01,128/80,103.4,98.2,92
HM08186,P0586,2026-09-11,118/87,96.5,99.1,84
HM08187,P0173,2026-09-20,144/102,60.0,98.9,83
HM08188,P0519,2026-06-24,133/82,123.4,98.5,88
HM08189,P0848,2026-08-22,141/79,108.4,98.2,73
HM08190,P0962,2026-04-24,160/64,141.2,98.9,71
HM08191,P0566,2026-08-01,130/95,103.4,99.4,91
HM08192,P0518,2026-04-16,110/66,120.8,97.1,45
HM08193,P0266,2026-07-03,115/106,99.3,98.5,86
HM08194,P0712,2026-05-22,124/75,158.0,98.2,76
HM08195,P0541,2026-03-28,140/67,70.8,96.7,84
HM08196,P0456,2026-03-30,121/89,116.8,97.0,73
HM08197,P0067,2026-03-24,142/76,156.5,97.8,86
HM08198,P0379,2026-03-19,90/77,101.5,96.9,91
HM08199,P0963,2026-09-06,112/71,160.5,98.3,87
HM08200,P0479,2026-01-13,90/70,188.0,99.0,65
HM08201,P0008,2026-04-24,129/68,163.8,96.2,81
HM08202,P0799,2026-01-24,130/66,105.4,98.5,56
HM08203,P0043,2026-02-11,99/78,85.8,97.8,77
HM08204,P0708,2026-07-26,106/79,125.4,98.9,63
HM08205,P0687,2026-03-20,112/87,63.1,98.3,78
HM08206,P0817,2026-03-09,90/74,126.6,98.0,72
HM08207,P0956,2026-06-23,128/91,133.8,97.5,60
HM08208,P0765,2026-04-11,135/65,96.5,98.4,91
HM08209,P0804,2026-06-20,150/80,97.2,97.1,101
HM08210,P0215,2026-01-20,119/88,121.9,97.8,71
HM08211,P0224,2026-07-05,97/93,110.8,99.5,72
HM08212,P0271,2026-07-05,119/66,104.1,97.1,82
HM08213,P0652,2026-08-26,127/97,64.0,99.3,66
HM08214,P0590,2026-06-03,131/66,122.1,96.0,69
HM08215,P0594,2026-05-27,127/101,60.0,98.2,71
HM08216,P0701,2026-03-18,90/66,98.5,98.6,79
HM08217,P0859,2026-05-29,98/57,129.6,98.0,97
HM08218,P0133,2026-03-22,117/93,134.0,98.9,83
HM08219,P0329,2026-09-17,134/55,106.7,97.6,93
HM08220,P0458,2026-03-08,104/76,143.0,98.5,80
HM08221,P0788,2026-03-10,147/83,95.9,97.0,83
HM08222,P0448,2026-06-12,109/77,152.7,98.0,72
HM08223,P0268,2026-01-15,119/76,80.3,99.7,71
HM08224,P0938,2026-08-12,140/67,134.2,98.4,78
HM08225,P0052,2026-06-01,128/84,107.1,98.0,84
HM08226,P0586,2026-03-25,102/64,121.3,96.4,57
HM08227,P0349,2026-03-01,161/98,95.0,99.1,90
HM08228,P0321,2026-01-09,134/79,136.9,98.9,85
HM08229,P0864,2026-07-13,94/104,199.1,96.5,84
HM08230,P0870,2026-03-18,165/92,150.5,96.9,87
HM08231,P0195,2026-05-31,129/89,78.8,97.2,76
HM08232,P0557,2026-04-25,117/78,98.2,98.0,70
HM08233,P0111,2026-04-14,124/62,133.0,98.4,62
HM08234,P0187,2026-02-10,151/70,156.6,98.5,90
HM08235,P0425,2026-01-21,128/86,149.6,99.9,90
HM08236,P0522,2026-03-24,133/63,60.0,98.1,69
HM08237,P0461,2026-07-04,111/79,138.2,97.6,88
HM08238,P0727,2026-08-02,125/80,180.6,98.4,77
HM08239,P0964,2026-02-12,135/101,113.4,98.6,76
HM08240,P0867,2026-04-17,122/74,95.4,99.7,71
HM08241,P0374,2026-02-21,94/81,150.6,99.3,63
HM08242,P0617,2026-01-13,147/104,91.1,98.0,63
HM08243,P0412,2026-05-01,162/62,101.0,98.9,69
HM08244,P0035,2026-08-27,105/79,198.7,98.0,75
HM08245,P0498,2026-09-16,102/84,145.9,97.7,84
HM08246,P0633,2026-01-06,113/57,131.0,100.1,63
HM08247,P0749,2026-06-29,128/95,111.4,96.9,78
HM08248,P0460,2026-01-16,154/73,123.1,97.3,76
HM08249,P0123,2026-03-07,132/81,99.9,98.6,86
HM08250,P0685,2026-09-06,139/76,93.3,100.0,79
HM08251,P0002,2026-09-17,119/62,82.4,97.6,83
HM08252,P0520,2026-02-04,117/80,64.8,99.5,69
HM08253,P0506,2026-07-27,129/73,103.9,97.5,81
HM08254,P0266,2026-02-06,105/83,110.8,98.8,86
HM08255,P0776,2026-03-06,118/84,99.3,99.4,73
HM08256,P0051,2026-06-12,120/74,89.3,100.0,83
HM08257,P0117,2026-05-31,126/74,154.0,97.7,79
HM08258,P0759,2026-01-22,169/68,133.9,98.5,84
HM08259,P0928,2026-08-14,119/72,122.9,97.8,50
HM08260,P0822,2026-01-11,108/76,77.3,98.3,68
HM08261,P0095,2026-07-09,124/106,157.9,98.7,99
HM08262,P0843,2026-01-17,123/79,78.1,99.4,101
HM08263,P0818,2026-04-02,143/97,60.0,100.3,76
HM08264,P0811,2026-09-20,172/100,142.0,97.9,79
HM08265,P0751,2026-05-04,90/91,60.0,97.9,96
HM08266,P0356,2026-08-21,139/61,68.1,97.7,78
HM08267,P0094,2026-01-05,142/87,77.9,98.8,86
HM08268,P0011,2026-02-13,134/109,140.4,99.1,100
HM08269,P0458,2026-09-14,142/73,158.5,97.8,66
HM08270,P0490,2026-03-18,107/94,136.7,99.2,85
HM08271,P0161,2026-08-21,128/83,135.7,97.7,62
HM08272,P0191,2026-08-29,115/86,92.3,100.1,83
HM08273,P0884,2026-05-01,127/72,147.1,97.1,81
HM08274,P0905,2026-06-29,116/81,132.0,97.2,57
HM08275,P0701,2026-03-01,106/90,128.1,97.8,101
HM08276,P0878,2026-08-30,150/92,89.7,99.1,82
HM08277,P0482,2026-05-19,110/78,78.7,97.6,64
HM08278,P0467,2026-04-16,144/79,82.0,98.7,78
HM08279,P0501,2026-02-25,146/81,64.7,97.8,64
HM08280,P0313,2026-03-10,136/93,61.0,98.1,91
HM08281,P0015,2026-03-27,93/74,115.0,99.2,84
HM08282,P0810,2026-08-31,139/87,101.9,99.7,69
HM08283,P0240,2026-04-06,90/58,110.9,97.9,71
HM08284,P0194,2026-03-21,128/94,130.9,98.8,65
HM08285,P0251,2026-06-04,114/88,118.8,98.6,85
HM08286,P0403,2026-05-05,128/98,96.4,97.5,56
HM08287,P0745,2026-01-02,139/73,159.3,98.4,73
HM08288,P0818,2026-04-11,103/90,113.1,98.4,85
HM08289,P0523,2026-07-17,130/69,133.2,98.9,82
HM08290,P0074,2026-05-10,137/88,101.1,97.8,104
HM08291,P0762,2026-03-25,151/79,138.9,97.4,70
HM08292,P0609,2026-01-07,100/83,125.4,99.2,75
HM08293,P0982,2026-01-31,146/87,201.1,99.7,95
HM08294,P0560,2026-02-21,141/69,125.2,100.2,84
HM08295,P0749,2026-07-25,108/84,80.4,97.4,82
HM08296,P0319,2026-08-14,139/70,95.4,96.9,76
HM08297,P0527,2026-07-13,90/76,117.8,96.6,65
HM08298,P0017,2026-05-20,123/77,109.7,98.5,57
HM08299,P0369,2026-07-02,139/76,94.1,96.5,74
HM08300,P0222,2026-06-17,135/81,121.0,97.9,77
HM08301,P0247,2026-01-07,102/79,97.8,97.2,87
HM08302,P0165,2026-05-14,93/86,135.6,97.7,90
HM08303,P0211,2026-03-27,114/72,73.0,98.2,66
HM08304,P0276,2026-04-03,109/79,114.2,99.3,89
HM08305,P0808,2026-06-13,136/78,100.9,98.2,71
HM08306,P0550,2026-02-13,110/79,84.3,97.5,89
HM08307,P0476,2026-06-13,97/67,159.6,97.8,94
HM08308,P0612,2026-09-03,101/80,142.0,97.4,98
HM08309,P0835,2026-06-04,117/86,91.3,99.5,81
HM08310,P0374,2026-07-04,166/94,144.3,97.3,79
HM08311,P0250,2026-09-25,118/80,120.2,97.4,76
HM08312,P0823,2026-04-26,123/67,143.0,98.4,87
HM08313,P0872,2026-05-05,134/59,85.8,99.7,87
HM08314,P0613,2026-01-01,92/85,85.9,96.3,97
HM08315,P0573,2026-09-28,126/82,71.0,97.2,58
HM08316,P0897,2026-09-12,153/60,171.6,97.3,63
HM08317,P0767,2026-08-30,123/71,118.4,97.4,74
HM08318,P0664,2026-04-12,109/90,132.9,98.4,90
HM08319,P0118,2026-05-29,130/82,110.8,97.6,69
HM08320,P0123,2026-04-06,127/92,135.0,98.7,64
HM08321,P0810,2026-05-22,135/75,121.2,98.7,64
HM08322,P0610,2026-01-27,128/82,150.0,97.7,77
HM08323,P0291,2026-03-09,128/73,96.3,97.7,76
HM08324,P0307,2026-09-09,159/78,132.1,98.2,74
HM08325,P0293,2026-05-04,124/89,113.1,98.1,75
HM08326,P0710,2026-01-09,105/92,99.4,99.5,80
HM08327,P0460,2026-09-01,153/77,89.3,99.1,71
HM08328,P0670,2026-01-28,150/86,166.3,97.3,89
HM08329,P0548,2026-08-16,110/55,146.4,98.2,89
HM08330,P0128,2026-07-10,126/80,167.4,98.3,72
HM08331,P0913,2026-07-07,123/81,60.0,98.6,94
HM08332,P0617,2026-06-02,124/74,128.6,99.8,83
HM08333,P0862,2026-04-28,129/75,77.6,98.2,78
HM08334,P0981,2026-04-22,90/71,155.6,98.0,48
HM08335,P0541,2026-06-10,157/69,98.5,99.2,69
HM08336,P0950,2026-01-14,90/82,142.9,97.8,76
HM08337,P0916,2026-01-28,101/68,103.7,98.8,79
HM08338,P0568,2026-07-30,145/99,146.0,96.8,74
HM08339,P0075,2026-02-17,142/78,60.0,97.7,50
HM08340,P0902,2026-06-15,119/71,102.4,99.3,62
HM08341,P0072,2026-07-30,110/66,152.5,99.2,82
HM08342,P0298,2026-06-16,131/65,122.0,97.2,78
HM08343,P0134,2026-01-15,118/72,116.0,98.8,99
HM08344,P0522,2026-04-09,136/107,122.0,99.8,83
HM08345,P0347,2026-01-07,129/77,125.5,98.6,60
HM08346,P0973,2026-09-26,139/62,139.5,98.7,95
HM08347,P0870,2026-09-06,107/68,153.8,97.2,63
HM08348,P0855,2026-09-22,129/79,120.4,98.7,84
HM08349,P0378,2026-01-26,123/80,112.7,98.2,61
HM08350,P0161,2026-02-06,140/92,137.3,98.7,66
HM08351,P0122,2026-01-25,96/89,116.0,98.4,80
HM08352,P0618,2026-01-22,130/87,111.7,96.5,86
HM08353,P0588,2026-05-04,136/64,74.2,99.0,91
HM08354,P0627,2026-03-10,90/85,107.3,98.3,79
HM08355,P0136,2026-06-07,109/87,90.9,98.9,89
HM08356,P0408,2026-04-13,107/69,119.0,99.6,70
HM08357,P0272,2026-01-06,116/83,138.0,98.7,78
HM08358,P0931,2026-01-24,118/83,60.0,99.9,75
HM08359,P0857,2026-01-29,128/105,89.1,100.3,86
HM08360,P0688,2026-07-16,133/87,85.5,96.7,63
HM08361,P0038,2026-06-05,146/68,60.0,98.1,84
HM08362,P0828,2026-04-16,125/87,155.4,98.7,76
HM08363,P0928,2026-08-04,114/89,124.6,97.4,93
HM08364,P0884,2026-04-15,130/87,101.3,99.2,58
HM08365,P0864,2026-03-13,158/56,66.8,98.4,71
HM08366,P0326,2026-03-06,118/73,87.6,98.5,77
HM08367,P0912,2026-01-02,142/80,100.4,98.9,56
HM08368,P0629,2026-05-20,90/60,103.0,98.6,45
HM08369,P0680,2026-03-19,124/75,119.8,96.5,109
HM08370,P0199,2026-09-10,125/65,119.5,99.5,62
HM08371,P0205,2026-05-27,95/78,113.9,98.8,95
HM08372,P0859,2026-03-29,140/63,77.5,97.5,87
HM08373,P0494,2026-08-27,137/95,134.5,97.6,75
HM08374,P0418,2026-03-28,95/87,93.1,99.3,85
HM08375,P0493,2026-01-27,163/85,129.0,98.0,73
HM08376,P0668,2026-09-12,119/91,67.8,98.3,58
HM08377,P0395,2026-08-29,132/74,132.6,97.5,74
HM08378,P0484,2026-06-02,137/81,169.0,97.8,71
HM08379,P0172,2026-08-12,149/75,100.5,98.5,76
HM08380,P0528,2026-05-15,118/71,162.7,98.1,71
HM08381,P0922,2026-09-24,119/84,166.1,98.0,67
HM08382,P0510,2026-03-02,163/81,111.3,98.3,63
HM08383,P0263,2026-08-25,124/89,157.7,97.9,80
HM08384,P0024,2026-04-24,149/80,140.2,98.6,70
HM08385,P0294,2026-09-16,106/92,60.0,97.6,61
HM08386,P0558,2026-05-15,146/96,89.6,100.7,94
HM08387,P0153,2026-03-16,128/97,92.5,98.0,83
HM08388,P0283,2026-02-21,111/64,82.2,98.0,83
HM08389,P0316,2026-01-18,118/60,131.5,99.3,70
HM08390,P0675,2026-04-17,158/90,78.1,97.6,74
HM08391,P0944,2026-02-06,121/55,88.6,97.7,100
HM08392,P0235,2026-06-04,129/70,99.7,98.6,73
HM08393,P0370,2026-04-24,113/73,131.8,97.0,64
HM08394,P0760,2026-09-23,106/66,86.2,99.0,90
HM08395,P0568,2026-09-14,130/82,91.6,96.3,79
HM08396,P0752,2026-01-06,130/71,77.3,97.1,80
HM08397,P0274,2026-08-15,126/94,86.8,97.9,78
HM08398,P0846,2026-04-30,114/90,158.3,97.2,72
HM08399,P0672,2026-05-01,151/83,119.1,98.5,85
HM08400,P0465,2026-08-22,132/82,115.3,99.4,74
HM08401,P0442,2026-09-04,125/98,126.4,98.1,85
HM08402,P0273,2026-08-21,129/71,123.6,97.5,99
HM08403,P0436,2026-08-23,129/68,101.3,98.9,64
HM08404,P0916,2026-03-31,179/62,147.4,97.8,68
HM08405,P0477,2026-04-26,135/74,170.7,96.9,84
HM08406,P0909,2026-06-27,119/83,133.0,96.6,80
HM08407,P0123,2026-01-29,146/85,102.1,96.9,84
HM08408,P0911,2026-08-18,162/87,155.5,99.0,73
HM08409,P0840,2026-02-17,126/90,60.0,98.8,93
HM08410,P0689,2026-05-16,123/89,95.6,98.2,74
HM08411,P0906,2026-01-23,134/78,60.0,97.6,101
HM08412,P0658,2026-06-11,136/55,157.3,97.2,88
HM08413,P0169,2026-06-13,150/81,80.1,97.6,85
HM08414,P0443,2026-01-16,102/73,133.0,97.6,95
HM08415,P0651,2026-03-31,104/55,87.8,98.5,88
HM08416,P0826,2026-05-13,116/76,113.9,99.8,82
HM08417,P0285,2026-09-17,115/104,115.4,96.3,61
HM08418,P0408,2026-02-07,136/58,132.4,97.5,92
HM08419,P0906,2026-06-08,128/60,147.0,99.4,62
HM08420,P0753,2026-08-09,108/86,138.9,100.3,88
HM08421,P0358,2026-04-01,173/80,128.4,97.7,71
HM08422,P0863,2026-03-02,127/73,60.0,97.6,90
HM08423,P0180,2026-02-09,126/80,88.3,98.5,97
HM08424,P0896,2026-09-15,153/84,85.1,99.8,90
HM08425,P0123,2026-08-11,95/58,65.1,97.8,88
HM08426,P0957,2026-06-21,142/84,110.1,100.3,78
HM08427,P0669,2026-08-13,123/73,192.4,98.8,65
HM08428,P0221,2026-03-17,101/59,111.6,96.9,63
HM08429,P0259,2026-03-17,146/90,167.2,96.9,65
HM08430,P0832,2026-09-07,112/99,117.2,99.8,85
HM08431,P0572,2026-08-11,122/86,60.0,96.4,81
HM08432,P0596,2026-03-02,125/103,66.7,98.5,86
HM08433,P0684,2026-07-16,131/93,92.9,98.9,84
HM08434,P0240,2026-04-07,148/73,73.5,97.6,65
HM08435,P0992,2026-07-17,113/75,83.1,98.2,63
HM08436,P0873,2026-06-12,123/74,110.8,98.6,72
HM08437,P0383,2026-03-26,109/72,150.8,99.3,71
HM08438,P0398,2026-04-26,121/59,108.6,96.9,72
HM08439,P0250,2026-08-17,146/61,83.4,97.4,57
HM08440,P0258,2026-08-23,142/83,178.3,97.3,56
HM08441,P0143,2026-02-11,143/75,98.7,99.5,80
HM08442,P0635,2026-05-04,143/72,89.6,97.9,86
HM08443,P0977,2026-02-24,126/85,60.0,96.5,52
HM08444,P0423,2026-06-30,117/63,174.1,98.2,80
HM08445,P0231,2026-09-11,103/66,169.3,99.8,82
HM08446,P0064,2026-05-03,90/74,126.0,98.0,52
HM08447,P0670,2026-02-01,161/69,68.1,98.2,92
HM08448,P0549,2026-09-02,135/64,63.2,96.2,74
HM08449,P0922,2026-08-07,115/86,91.0,99.1,85
HM08450,P0379,2026-03-21,110/84,161.5,97.3,75
HM08451,P0648,2026-08-03,120/75,143.1,99.0,82
HM08452,P0316,2026-07-09,132/73,126.6,97.0,107
HM08453,P0770,2026-07-28,152/91,129.3,98.6,57
HM08454,P0043,2026-01-27,99/66,117.0,97.9,87
HM08455,P0066,2026-06-25,105/92,86.3,97.8,88
HM08456,P0718,2026-03-22,135/64,152.2,98.3,52
HM08457,P0395,2026-05-11,108/75,74.1,99.4,73
HM08458,P0932,2026-08-07,134/82,139.7,99.7,86
HM08459,P0347,2026-02-28,159/88,119.6,98.5,46
HM08460,P0295,2026-09-14,115/78,130.3,98.2,82
HM08461,P0865,2026-09-16,98/61,73.6,99.6,62
HM08462,P0324,2026-01-10,109/81,60.0,97.4,86
HM08463,P0856,2026-03-24,116/100,60.0,97.9,72
HM08464,P0768,2026-04-17,124/65,94.7,98.9,74
HM08465,P0293,2026-06-13,103/104,116.7,98.8,87
HM08466,P0109,2026-06-13,123/70,122.0,97.6,82
HM08467,P0036,2026-05-10,121/92,75.0,98.8,85
HM08468,P0288,2026-03-30,120/88,129.7,98.8,85
HM08469,P0572,2026-09-23,126/72,93.7,98.0,88
HM08470,P0438,2026-01-30,137/92,153.7,98.0,101
HM08471,P0153,2026-01-06,122/74,126.7,98.6,69
HM08472,P0508,2026-08-09,121/74,120.0,98.9,74
HM08473,P0989,2026-01-07,136/63,146.1,97.8,72
HM08474,P0156,2026-02-02,133/85,111.1,97.4,72
HM08475,P0589,2026-04-14,126/85,86.2,97.6,81
HM08476,P0931,2026-02-25,123/81,60.0,97.9,88
HM08477,P0954,2026-04-23,112/85,72.7,96.8,83
HM08478,P0713,2026-05-12,123/75,144.6,97.9,70
HM08479,P0371,2026-09-03,110/68,131.3,97.9,91
HM08480,P0225,2026-02-20,90/91,127.6,98.1,62
HM08481,P0387,2026-01-20,91/89,123.5,98.4,76
HM08482,P0485,2026-05-27,141/72,103.2,98.0,75
HM08483,P0003,2026-01-15,151/64,60.0,96.9,86
HM08484,P0608,2026-04-29,122/60,118.5,97.9,84
HM08485,P0433,2026-06-27,140/110,73.6,96.5,85
HM08486,P0518,2026-09-13,144/64,70.4,98.5,98
HM08487,P0850,2026-01-01,107/81,60.0,98.0,76
HM08488,P0329,2026-07-15,154/71,139.0,97.5,79
HM08489,P0262,2026-06-11,166/101,183.6,98.6,75
HM08490,P0431,2026-07-22,130/85,128.6,97.6,68
HM08491,P0133,2026-09-20,113/92,156.3,101.1,83
HM08492,P0426,2026-01-14,109/74,109.5,99.6,86
HM08493,P0805,2026-01-07,98/79,63.5,98.7,69
HM08494,P0786,2026-06-05,112/57,141.5,99.3,69
HM08495,P0972,2026-01-04,121/74,107.4,97.5,64
HM08496,P0560,2026-07-29,152/55,132.6,98.5,97
HM08497,P0930,2026-05-25,120/75,86.7,98.5,69
HM08498,P0358,2026-05-08,102/71,81.9,97.3,79
HM08499,P0553,2026-02-02,121/86,120.2,97.1,52
HM08500,P0646,2026-02-13,103/89,140.9,99.1,88
HM08501,P0821,2026-03-20,146/84,178.1,98.5,101
HM08502,P0402,2026-03-13,112/72,108.3,98.2,74
HM08503,P0570,2026-08-19,135/78,93.7,97.8,92
HM08504,P0357,2026-05-03,131/59,167.9,98.6,85
HM08505,P0949,2026-07-20,143/91,82.8,97.2,106
HM08506,P0138,2026-03-30,111/84,172.1,97.8,73
HM08507,P0601,2026-08-25,143/82,132.3,98.1,71
HM08508,P0452,2026-07-21,118/94,104.7,98.6,66
HM08509,P0958,2026-08-14,165/83,126.9,99.0,72
HM08510,P0720,2026-09-20,148/61,93.5,97.5,55
HM08511,P0834,2026-05-12,114/79,76.9,97.1,78
HM08512,P0863,2026-03-03,123/76,70.7,97.8,70
HM08513,P0695,2026-03-19,126/73,113.6,97.0,61
HM08514,P0964,2026-08-03,136/89,101.3,98.2,72
HM08515,P0773,2026-01-27,146/77,97.5,99.1,68
HM08516,P0184,2026-04-06,128/67,138.3,98.9,62
HM08517,P0632,2026-07-26,96/83,182.9,99.0,75
HM08518,P0081,2026-04-17,107/65,140.1,99.0,70
HM08519,P0618,2026-08-29,120/80,178.4,98.3,66
HM08520,P0770,2026-02-19,101/69,159.2,98.7,73
HM08521,P0157,2026-02-24,90/69,127.0,98.5,82
HM08522,P0694,2026-02-14,98/82,80.8,98.2,68
HM08523,P0393,2026-06-08,146/84,110.0,99.4,73
HM08524,P0184,2026-02-28,96/92,123.8,97.9,70
HM08525,P0541,2026-02-16,135/89,88.2,98.7,81
HM08526,P0113,2026-05-15,108/80,95.9,99.3,70
HM08527,P0285,2026-09-08,155/81,60.0,96.2,75
HM08528,P0246,2026-09-17,151/94,120.8,97.5,72
HM08529,P0303,2026-04-22,129/93,134.9,99.1,85
HM08530,P0889,2026-04-26,143/55,83.8,97.2,63
HM08531,P0652,2026-03-27,125/62,82.0,98.1,58
HM08532,P0445,2026-04-21,115/87,72.1,98.9,68
HM08533,P0653,2026-04-23,130/66,130.9,97.9,83
HM08534,P0075,2026-07-07,114/86,144.6,98.3,72
HM08535,P0071,2026-05-30,120/64,122.1,98.8,96
HM08536,P0642,2026-01-20,151/68,122.4,98.1,92
HM08537,P0419,2026-05-26,110/90,80.5,98.1,67
HM08538,P0585,2026-09-22,90/69,106.0,99.5,64
HM08539,P0274,2026-09-19,112/62,155.4,97.8,73
HM08540,P0725,2026-02-06,118/56,63.7,97.3,85
HM08541,P0446,2026-02-13,90/86,127.0,96.6,74
HM08542,P0294,2026-05-28,148/67,95.7,100.7,81
HM08543,P0277,2026-05-16,119/74,128.1,98.8,52
HM08544,P0872,2026-01-11,90/68,109.6,98.3,57
HM08545,P0989,2026-06-13,120/79,85.3,97.7,69
HM08546,P0855,2026-09-05,134/80,75.0,99.1,61
HM08547,P0665,2026-05-19,90/77,106.2,98.3,63
HM08548,P0453,2026-08-13,142/100,114.2,98.5,52
HM08549,P0519,2026-04-01,116/71,85.0,97.6,71
HM08550,P0137,2026-03-14,95/74,78.5,98.9,81
HM08551,P0017,2026-02-27,131/91,86.1,98.4,90
HM08552,P0074,2026-03-06,107/55,90.8,99.1,66
HM08553,P0472,2026-01-01,115/70,108.3,97.3,60
HM08554,P0690,2026-03-27,116/76,154.1,98.3,63
HM08555,P0628,2026-05-29,110/88,100.2,97.2,78
HM08556,P0311,2026-04-06,109/85,127.7,97.2,99
HM08557,P0469,2026-08-09,122/55,128.3,96.0,90
HM08558,P0084,2026-01-21,126/78,112.0,98.7,71
HM08559,P0435,2026-08-07,123/80,60.0,98.7,86
HM08560,P0636,2026-08-16,132/83,167.9,98.1,76
HM08561,P0258,2026-02-09,110/56,128.1,97.6,53
HM08562,P0346,2026-07-18,121/77,104.0,98.2,58
HM08563,P0375,2026-05-21,143/84,155.5,97.6,82
HM08564,P0750,2026-01-19,90/68,64.0,98.4,63
HM08565,P0214,2026-08-13,114/78,97.8,96.9,96
HM08566,P0780,2026-05-16,125/98,75.9,97.8,78
HM08567,P0664,2026-04-20,153/98,96.8,97.5,76
HM08568,P0514,2026-03-24,147/80,123.2,99.2,89
HM08569,P0367,2026-06-15,144/87,162.3,97.1,104
HM08570,P0103,2026-08-17,146/78,153.8,97.9,83
HM08571,P0146,2026-04-05,136/90,98.9,99.0,72
HM08572,P0483,2026-05-19,139/79,60.0,97.5,88
HM08573,P0223,2026-03-10,118/94,72.5,98.8,77
HM08574,P0862,2026-07-25,120/65,122.4,97.3,70
HM08575,P0858,2026-02-19,122/75,151.0,96.0,75
HM08576,P0547,2026-07-11,117/79,96.0,99.1,74
HM08577,P0735,2026-04-14,127/90,116.8,97.1,72
HM08578,P0766,2026-07-26,122/60,90.1,98.1,102
HM08579,P0941,2026-04-14,132/81,174.2,98.7,86
HM08580,P0296,2026-05-17,116/64,124.2,99.8,96
HM08581,P0342,2026-07-24,138/71,60.7,97.5,80
HM08582,P0968,2026-07-16,115/92,62.9,98.1,68
HM08583,P0112,2026-09-23,144/86,85.9,99.0,58
HM08584,P0819,2026-03-23,90/69,60.0,98.1,77
HM08585,P0025,2026-08-12,116/86,89.7,97.0,68
HM08586,P0011,2026-01-12,100/72,135.9,96.6,73
HM08587,P0512,2026-06-07,144/92,91.1,100.2,65
HM08588,P0884,2026-09-18,120/65,130.2,100.7,100
HM08589,P0386,2026-09-04,141/72,109.1,99.2,86
HM08590,P0844,2026-01-29,126/81,151.9,99.4,59
HM08591,P0994,2026-03-13,129/86,96.4,99.4,74
HM08592,P0670,2026-07-26,151/75,124.1,98.4,97
HM08593,P0478,2026-03-31,139/74,105.5,98.0,78
HM08594,P0080,2026-06-10,106/79,162.9,99.4,59
HM08595,P0387,2026-01-19,90/72,60.0,97.1,82
HM08596,P0818,2026-01-15,124/59,156.0,97.8,71
HM08597,P0450,2026-02-10,145/84,113.5,97.8,84
HM08598,P0052,2026-09-28,116/77,73.8,99.2,96
HM08599,P0841,2026-06-05,129/74,147.7,98.7,72
HM08600,P0827,2026-06-29,148/74,70.0,98.1,91
HM08601,P0969,2026-09-04,127/65,100.9,99.3,81
HM08602,P0575,2026-01-04,124/78,152.8,99.1,61
HM08603,P0316,2026-01-24,143/86,170.8,98.1,91
HM08604,P0462,2026-06-01,134/66,150.7,98.9,70
HM08605,P0733,2026-01-13,130/105,98.1,98.9,64
HM08606,P0768,2026-07-30,113/89,124.0,98.0,98
HM08607,P0504,2026-07-05,106/78,132.2,97.4,84
HM08608,P0764,2026-07-14,146/78,91.0,97.9,45
HM08609,P0537,2026-09-01,145/83,108.8,96.7,91
HM08610,P0681,2026-04-15,116/86,114.6,96.7,93
HM08611,P0416,2026-05-30,146/89,126.0,97.1,88
HM08612,P0709,2026-01-20,169/81,119.7,97.2,53
HM08613,P0803,2026-06-20,117/97,162.0,98.1,83
HM08614,P0786,2026-03-04,100/81,96.6,98.2,74
HM08615,P0257,2026-09-23,119/91,183.7,98.0,95
HM08616,P0634,2026-04-25,100/78,69.6,97.9,86
HM08617,P0741,2026-09-16,147/70,131.0,99.3,91
HM08618,P0225,2026-04-13,130/72,90.9,97.4,77
HM08619,P0144,2026-05-09,108/88,123.0,98.4,55
HM08620,P0628,2026-08-29,125/74,190.8,97.0,75
HM08621,P0218,2026-08-22,132/68,182.5,100.0,67
HM08622,P0419,2026-04-06,113/105,163.8,97.9,83
HM08623,P0684,2026-03-09,97/106,117.6,98.7,66
HM08624,P0690,2026-09-11,102/85,182.1,97.7,66
HM08625,P0391,2026-08-04,131/99,92.6,98.0,88
HM08626,P0347,2026-07-18,143/76,153.4,98.7,78
HM08627,P0964,2026-09-04,143/89,78.4,99.5,82
HM08628,P0872,2026-08-30,152/80,123.7,98.6,84
HM08629,P0684,2026-08-24,155/85,114.0,99.1,83
HM08630,P0620,2026-03-25,184/83,158.3,99.0,53
HM08631,P0919,2026-01-14,110/74,62.5,97.8,61
HM08632,P0146,2026-06-26,102/82,182.2,97.0,63
HM08633,P0222,2026-03-18,114/78,61.0,97.6,68
HM08634,P0340,2026-03-04,131/85,109.7,97.9,69
HM08635,P0194,2026-05-28,126/68,169.2,96.9,70
HM08636,P0310,2026-01-11,142/75,138.5,99.7,87
HM08637,P0105,2026-01-27,100/66,108.4,98.6,92
HM08638,P0456,2026-01-10,109/74,106.2,98.0,95
HM08639,P0274,2026-01-06,122/81,146.9,99.6,77
HM08640,P0845,2026-06-11,150/101,111.1,97.7,104
HM08641,P0074,2026-08-16,147/80,137.7,97.3,91
HM08642,P0483,2026-01-21,90/92,89.7,96.7,53
HM08643,P0619,2026-01-04,115/88,66.4,97.1,72
HM08644,P0946,2026-02-08,141/91,119.9,99.1,86
HM08645,P0862,2026-09-23,116/90,70.1,98.6,64
HM08646,P0784,2026-03-12,127/94,122.5,98.2,80
HM08647,P0474,2026-06-23,138/105,137.8,97.7,75
HM08648,P0951,2026-01-26,106/65,60.0,97.8,61
HM08649,P0548,2026-09-11,126/73,77.0,96.3,73
HM08650,P0799,2026-08-22,90/88,123.9,98.0,95
HM08651,P0550,2026-03-30,125/84,139.1,97.7,71
HM08652,P0817,2026-03-13,125/63,177.5,98.3,75
HM08653,P0856,2026-09-03,166/66,168.8,98.9,91
HM08654,P0930,2026-02-14,121/80,103.0,99.1,82
HM08655,P0170,2026-01-08,113/73,114.5,97.9,95
HM08656,P0240,2026-01-26,141/89,123.2,97.5,86
HM08657,P0178,2026-05-01,90/82,86.6,97.4,72
HM08658,P0213,2026-05-19,123/79,142.7,98.0,76
HM08659,P0753,2026-01-04,97/64,125.0,98.8,74
HM08660,P0741,2026-08-13,143/63,128.9,97.4,66
HM08661,P0454,2026-09-13,109/79,130.4,98.5,74
HM08662,P0372,2026-09-17,137/100,110.8,98.3,70
HM08663,P0496,2026-05-31,117/94,159.1,98.0,83
HM08664,P0066,2026-02-02,143/74,69.3,98.8,88
HM08665,P0144,2026-04-17,139/75,168.3,98.5,64
HM08666,P0003,2026-05-22,93/76,122.9,97.9,101
HM08667,P0474,2026-08-13,133/68,60.0,98.4,89
HM08668,P0946,2026-07-14,162/77,175.3,97.0,73
HM08669,P0964,2026-08-12,104/89,69.5,98.6,63
HM08670,P0472,2026-07-21,160/75,128.2,96.6,60
HM08671,P0685,2026-04-22,109/90,138.1,99.2,59
HM08672,P0840,2026-04-04,135/73,86.7,97.7,76
HM08673,P0592,2026-06-28,138/93,133.2,98.8,99
HM08674,P0866,2026-05-10,138/77,135.3,99.7,67
HM08675,P0040,2026-07-29,116/97,104.8,98.9,93
HM08676,P0956,2026-03-09,99/75,157.2,98.1,53
HM08677,P0900,2026-09-20,114/89,159.7,98.2,83
HM08678,P0210,2026-01-25,117/90,164.9,98.9,76
HM08679,P0805,2026-05-12,133/91,116.0,98.9,82
HM08680,P0082,2026-07-01,153/88,97.6,99.5,83
HM08681,P0874,2026-02-10,122/63,123.1,99.9,45
HM08682,P0495,2026-03-14,90/89,123.3,98.8,71
HM08683,P0272,2026-06-12,90/70,169.6,97.8,72
HM08684,P0548,2026-05-08,90/58,153.9,98.0,89
HM08685,P0517,2026-01-16,109/62,105.9,97.7,68
HM08686,P0161,2026-09-06,108/78,97.8,97.4,99
HM08687,P0568,2026-05-10,134/81,112.7,98.8,84
HM08688,P0593,2026-03-18,104/61,60.0,99.8,72
HM08689,P0090,2026-05-12,136/82,146.9,98.1,62
HM08690,P0846,2026-05-07,104/75,60.0,97.4,63
HM08691,P0031,2026-07-21,118/74,119.2,99.0,75
HM08692,P0395,2026-05-25,94/55,120.7,97.6,76
HM08693,P0816,2026-04-13,131/97,60.0,97.3,76
HM08694,P0584,2026-06-10,102/62,160.8,97.3,62
HM08695,P0176,2026-02-09,102/93,90.7,97.0,67
HM08696,P0326,2026-06-29,124/90,143.3,97.5,71
HM08697,P0077,2026-09-20,167/91,106.2,96.1,72
HM08698,P0932,2026-01-28,98/69,81.2,98.0,78
HM08699,P0997,2026-03-07,110/64,108.7,97.8,55
HM08700,P0582,2026-07-11,137/71,105.6,98.0,77
HM08701,P0439,2026-08-05,127/64,125.9,97.9,91
HM08702,P0976,2026-03-14,141/95,82.2,99.4,79
HM08703,P0541,2026-04-07,138/88,131.1,97.2,89
HM08704,P0500,2026-05-15,132/62,98.1,97.1,60
HM08705,P0036,2026-01-28,142/62,68.8,100.0,72
HM08706,P0999,2026-08-03,138/93,142.1,98.3,77
HM08707,P0311,2026-02-12,135/77,139.3,98.0,76
HM08708,P0468,2026-09-14,162/74,115.7,98.6,83
HM08709,P0622,2026-01-11,130/64,120.7,98.4,91
HM08710,P0816,2026-07-20,139/94,79.9,97.3,81
HM08711,P0417,2026-09-20,147/77,89.1,96.8,82
HM08712,P0782,2026-01-23,122/74,146.7,98.1,78
HM08713,P0920,2026-03-22,142/106,99.4,97.4,66
HM08714,P0290,2026-03-31,134/66,101.9,97.9,96
HM08715,P0273,2026-03-27,148/61,170.5,97.1,79
HM08716,P0560,2026-01-24,108/75,80.7,99.7,76
HM08717,P0247,2026-07-24,129/67,65.5,97.8,84
HM08718,P0098,2026-08-11,122/91,119.3,98.2,84
HM08719,P0742,2026-08-24,127/91,134.4,99.0,86
HM08720,P0594,2026-08-31,152/89,176.2,97.7,88
HM08721,P0919,2026-01-28,97/91,117.0,99.0,98
HM08722,P0023,2026-02-27,141/75,76.9,98.7,74
HM08723,P0432,2026-01-08,138/73,82.5,98.0,84
HM08724,P0815,2026-08-06,127/70,178.0,98.1,50
HM08725,P0546,2026-06-14,143/79,109.0,98.0,75
HM08726,P0320,2026-07-28,158/85,124.1,98.0,98
HM08727,P0470,2026-02-20,141/91,124.7,99.1,82
HM08728,P0191,2026-07-22,117/84,188.4,98.4,93
HM08729,P0504,2026-03-27,148/86,173.0,96.2,55
HM08730,P0511,2026-01-06,159/72,118.9,99.8,80
HM08731,P0291,2026-04-27,158/75,136.6,98.3,95
HM08732,P0632,2026-09-11,119/68,98.6,97.8,70
HM08733,P0893,2026-02-21,111/93,164.3,98.6,70
HM08734,P0408,2026-03-27,113/55,128.3,97.6,95
HM08735,P0246,2026-05-25,97/72,111.7,98.6,99
HM08736,P0460,2026-05-02,97/76,65.0,98.9,70
HM08737,P0072,2026-01-21,122/77,119.1,98.1,66
HM08738,P0097,2026-05-03,126/70,143.5,98.3,65
HM08739,P0766,2026-05-07,173/99,200.5,97.9,67
HM08740,P0655,2026-07-06,141/93,121.9,96.3,66
HM08741,P0154,2026-05-29,133/72,67.2,98.0,45
HM08742,P0171,2026-01-14,112/74,125.9,98.7,82
HM08743,P0622,2026-09-18,142/77,64.1,98.2,67
HM08744,P0431,2026-03-15,97/86,65.5,98.8,62
HM08745,P0145,2026-07-12,119/73,154.8,98.7,68
HM08746,P0873,2026-09-03,121/95,167.3,97.0,93
HM08747,P0066,2026-07-13,149/82,111.8,97.7,62
HM08748,P0463,2026-06-11,131/77,130.2,98.6,108
HM08749,P0607,2026-01-20,148/86,60.0,98.6,96
HM08750,P0225,2026-07-13,116/106,134.0,98.5,66
HM08751,P0533,2026-09-08,155/70,95.2,96.5,88
HM08752,P0529,2026-06-10,136/80,140.9,98.8,73
HM08753,P0777,2026-07-18,109/59,108.8,97.0,79
HM08754,P0031,2026-07-01,121/75,151.6,97.3,55
HM08755,P0950,2026-02-16,120/71,119.3,97.4,83
HM08756,P0579,2026-09-12,105/68,136.6,98.2,63
HM08757,P0215,2026-04-04,105/75,75.0,97.9,74
HM08758,P0146,2026-07-02,106/87,79.3,99.3,75
HM08759,P0599,2026-09-19,111/86,116.2,98.9,53
HM08760,P0310,2026-04-18,135/73,116.3,98.1,94
HM08761,P0701,2026-07-27,90/99,139.7,98.3,60
HM08762,P0199,2026-03-21,91/73,137.2,98.2,84
HM08763,P0555,2026-07-19,95/80,153.3,99.5,62
HM08764,P0604,2026-04-14,117/75,93.1,99.0,112
HM08765,P0601,2026-05-31,102/85,125.3,98.5,93
HM08766,P0299,2026-01-12,132/55,64.7,97.2,69
HM08767,P0775,2026-03-03,122/77,60.0,96.8,52
HM08768,P0778,2026-03-25,93/91,105.5,97.3,54
HM08769,P0472,2026-03-24,104/87,131.6,98.0,74
HM08770,P0016,2026-06-29,90/70,134.4,97.6,97
HM08771,P0308,2026-06-16,149/74,105.7,100.2,88
HM08772,P0054,2026-03-30,126/82,120.2,98.2,65
HM08773,P0193,2026-08-12,116/62,140.4,98.1,87
HM08774,P0112,2026-05-19,99/97,160.4,96.8,71
HM08775,P0489,2026-08-29,117/62,105.9,98.7,72
HM08776,P0208,2026-06-17,90/89,87.3,97.6,98
HM08777,P0297,2026-06-17,132/70,73.4,99.1,88
HM08778,P0472,2026-02-16,114/64,128.5,98.7,73
HM08779,P0328,2026-05-06,102/80,131.2,97.8,81
HM08780,P0615,2026-06-20,132/93,100.3,97.2,77
HM08781,P0857,2026-06-11,158/58,60.0,98.1,73
HM08782,P0517,2026-03-14,120/77,150.2,98.2,87
HM08783,P0694,2026-02-25,90/73,86.5,96.1,79
HM08784,P0152,2026-01-29,122/74,110.6,98.3,90
HM08785,P0903,2026-07-30,137/83,195.8,97.6,61
HM08786,P0242,2026-01-07,148/102,92.8,99.4,71
HM08787,P0485,2026-03-21,136/87,92.9,99.9,101
HM08788,P0818,2026-03-07,104/82,147.0,96.5,78
HM08789,P0566,2026-01-04,91/88,118.0,97.9,59
HM08790,P0830,2026-06-10,113/86,113.6,99.3,91
HM08791,P0389,2026-03-16,146/73,125.3,97.3,62
HM08792,P0171,2026-05-03,148/65,69.7,98.3,74
HM08793,P0120,2026-01-20,121/107,80.2,98.6,79
HM08794,P0925,2026-04-09,145/70,107.1,98.3,60
HM08795,P0377,2026-05-28,90/79,161.8,97.9,75
HM08796,P0357,2026-06-25,148/78,142.2,100.6,71
HM08797,P0118,2026-03-07,121/84,167.2,98.1,86
HM08798,P0193,2026-01-19,131/79,100.3,97.7,114
HM08799,P0018,2026-07-27,94/62,123.6,98.4,83
HM08800,P0381,2026-03-03,107/67,105.0,99.0,65
HM08801,P0892,2026-02-25,128/73,61.6,97.0,88
HM08802,P0527,2026-02-15,112/94,113.7,97.0,83
HM08803,P0087,2026-01-11,108/75,154.6,97.0,72
HM08804,P0207,2026-04-21,103/65,98.4,97.4,74
HM08805,P0814,2026-09-24,137/70,63.6,98.8,68
HM08806,P0611,2026-03-30,161/75,110.2,96.1,64
HM08807,P0848,2026-03-27,90/83,112.1,98.8,87
HM08808,P0181,2026-04-13,144/77,118.0,98.7,68
HM08809,P0730,2026-08-14,106/98,60.0,98.7,82
HM08810,P0334,2026-04-14,102/71,102.5,98.4,82
HM08811,P0223,2026-06-02,124/82,138.1,98.8,96
HM08812,P0248,2026-02-15,145/80,137.4,98.6,79
HM08813,P0198,2026-03-28,107/81,60.0,99.2,82
HM08814,P0074,2026-07-31,121/74,137.9,99.9,82
HM08815,P0135,2026-05-04,163/89,86.8,98.6,82
HM08816,P0404,2026-04-06,108/75,100.0,98.3,74
HM08817,P0275,2026-06-11,130/85,159.4,98.7,69
HM08818,P0636,2026-09-17,167/71,101.4,98.7,112
HM08819,P0053,2026-02-25,133/72,60.0,96.7,78
HM08820,P0886,2026-01-10,135/62,122.8,97.0,66
HM08821,P0143,2026-08-25,137/71,160.9,97.7,91
HM08822,P0752,2026-02-06,170/71,201.3,98.2,70
HM08823,P0831,2026-05-23,119/75,164.1,99.4,93
HM08824,P0688,2026-02-08,99/82,60.8,99.1,72
HM08825,P0440,2026-05-09,135/73,60.0,99.0,89
HM08826,P0466,2026-07-02,127/55,141.3,97.5,84
HM08827,P0966,2026-02-14,115/75,132.4,97.5,75
HM08828,P0395,2026-02-24,135/105,112.4,99.0,63
HM08829,P0519,2026-04-02,158/70,110.4,98.7,68
HM08830,P0458,2026-06-13,146/72,144.1,99.2,84
HM08831,P0506,2026-04-19,139/110,129.6,98.3,82
HM08832,P0129,2026-06-06,150/107,109.2,97.4,91
HM08833,P0540,2026-07-06,97/83,125.7,98.1,77
HM08834,P0851,2026-05-24,91/69,147.8,96.4,76
HM08835,P0986,2026-06-25,118/56,174.2,97.3,84
HM08836,P0750,2026-04-17,115/69,106.7,97.9,75
HM08837,P0715,2026-03-02,109/67,150.2,98.2,77
HM08838,P0149,2026-01-16,107/98,111.9,96.5,81
HM08839,P0331,2026-09-21,109/90,151.3,99.0,72
HM08840,P0015,2026-09-19,122/82,146.2,97.3,79
HM08841,P0840,2026-01-14,162/73,114.1,100.6,75
HM08842,P0401,2026-06-02,94/79,173.6,99.2,66
HM08843,P0059,2026-01-27,133/77,143.4,97.6,83
HM08844,P0806,2026-03-13,163/55,135.8,99.4,59
HM08845,P0706,2026-01-24,110/75,89.4,97.5,73
HM08846,P0578,2026-07-17,142/97,160.6,99.1,99
HM08847,P0013,2026-04-19,165/81,165.1,98.6,75
HM08848,P0092,2026-01-19,124/92,166.3,98.7,73
HM08849,P0574,2026-09-27,115/57,127.6,98.5,65
HM08850,P0069,2026-01-06,134/85,63.1,97.9,94
HM08851,P0010,2026-08-08,112/80,120.6,98.2,86
HM08852,P0228,2026-05-26,143/95,104.0,98.7,88
HM08853,P0345,2026-09-26,122/71,120.0,97.7,69
HM08854,P0721,2026-01-26,129/77,121.1,96.8,75
HM08855,P0261,2026-06-05,90/67,111.9,99.3,84
HM08856,P0725,2026-03-28,126/75,106.2,99.4,64
HM08857,P0351,2026-03-28,110/92,103.0,99.9,86
HM08858,P0197,2026-03-16,148/60,152.1,97.4,86
HM08859,P0337,2026-07-09,117/82,76.3,96.7,79
HM08860,P0366,2026-07-14,119/69,60.0,96.0,84
HM08861,P0675,2026-03-23,119/72,122.4,99.1,81
HM08862,P0289,2026-06-08,116/105,92.7,96.9,79
HM08863,P0026,2026-08-13,119/91,96.6,98.1,67
HM08864,P0341,2026-09-18,141/81,105.4,98.1,77
HM08865,P0755,2026-05-30,96/93,153.6,98.2,77
HM08866,P0311,2026-09-13,105/100,167.0,98.6,87
HM08867,P0543,2026-04-02,149/92,85.0,97.9,83
HM08868,P0102,2026-04-25,129/89,137.5,98.4,46
HM08869,P0510,2026-01-26,148/90,187.4,97.8,55
HM08870,P0235,2026-03-14,121/85,99.5,99.4,70
HM08871,P0027,2026-03-30,122/77,212.1,97.4,85
HM08872,P0716,2026-05-22,100/84,81.6,99.2,88
HM08873,P0666,2026-04-06,130/63,113.1,97.9,87
HM08874,P0088,2026-03-05,106/93,148.9,97.0,75
HM08875,P0630,2026-02-23,123/92,91.0,98.4,91
HM08876,P0815,2026-08-01,130/57,97.7,99.0,87
HM08877,P0063,2026-01-15,90/82,148.1,98.7,85
HM08878,P0313,2026-08-29,166/79,125.7,97.4,70
HM08879,P0683,2026-01-15,118/90,88.8,99.3,64
HM08880,P0886,2026-05-18,137/86,124.0,99.1,69
HM08881,P0579,2026-07-15,115/68,115.3,98.1,88
HM08882,P0237,2026-08-03,132/88,108.1,98.6,99
HM08883,P0573,2026-06-08,98/57,137.3,97.4,61
HM08884,P0096,2026-06-27,135/67,168.9,98.3,75
HM08885,P0068,2026-02-14,108/82,60.0,96.0,59
HM08886,P0679,2026-06-11,147/68,64.8,98.1,104
HM08887,P0010,2026-06-04,146/70,86.4,97.5,67
HM08888,P0932,2026-07-19,135/75,76.0,97.0,105
HM08889,P0570,2026-04-22,139/69,157.4,97.2,76
HM08890,P0917,2026-09-11,120/82,82.0,98.3,57
HM08891,P0398,2026-06-13,117/96,150.9,97.6,59
HM08892,P0648,2026-04-30,90/87,124.7,98.5,98
HM08893,P0309,2026-06-08,128/82,66.1,99.7,76
HM08894,P0454,2026-04-14,108/82,185.0,100.1,66
HM08895,P0831,2026-07-15,148/84,149.6,98.4,85
HM08896,P0982,2026-05-03,151/59,127.6,97.1,72
HM08897,P0825,2026-02-11,125/67,94.7,96.9,70
HM08898,P0518,2026-01-27,135/90,88.1,99.4,84
HM08899,P0333,2026-04-17,153/58,125.9,98.8,57
HM08900,P0474,2026-05-20,173/72,134.0,99.0,79
HM08901,P0792,2026-08-27,152/103,76.2,98.3,88
HM08902,P0228,2026-09-28,92/92,174.7,99.4,83
HM08903,P0610,2026-09-11,155/84,68.8,97.7,74
HM08904,P0514,2026-02-08,123/78,103.2,98.4,96
HM08905,P0416,2026-07-07,129/87,60.0,98.3,91
HM08906,P0450,2026-03-19,149/93,125.6,98.6,69
HM08907,P0451,2026-04-28,141/71,138.8,98.2,78
HM08908,P0669,2026-02-16,145/86,124.9,97.8,97
HM08909,P0127,2026-06-05,131/88,117.8,97.6,82
HM08910,P0605,2026-04-24,113/85,60.0,97.8,77
HM08911,P0440,2026-06-03,105/84,100.2,98.2,71
HM08912,P0528,2026-08-25,144/86,125.4,98.3,108
HM08913,P0455,2026-05-22,121/71,73.9,99.0,97
HM08914,P0742,2026-08-02,108/76,102.4,98.1,56
HM08915,P0456,2026-05-03,141/94,60.0,99.8,97
HM08916,P0651,2026-07-08,90/55,110.3,99.4,81
HM08917,P0773,2026-07-20,125/86,86.7,99.3,76
HM08918,P0100,2026-03-19,92/70,127.9,97.9,73
HM08919,P0535,2026-06-14,129/84,71.9,99.3,76
HM08920,P0545,2026-02-21,133/81,100.6,99.0,78
HM08921,P0128,2026-04-17,126/55,143.7,98.0,87
HM08922,P0512,2026-05-08,157/89,116.9,97.9,108
HM08923,P0257,2026-02-20,134/82,108.6,97.4,54
HM08924,P0574,2026-02-07,155/70,108.3,98.1,95
HM08925,P0389,2026-03-21,109/83,132.9,97.0,60
HM08926,P0354,2026-01-18,110/82,119.1,98.1,85
HM08927,P0270,2026-04-19,107/77,111.0,97.5,105
HM08928,P0035,2026-01-06,90/94,143.0,98.9,79
HM08929,P0827,2026-08-22,151/74,128.7,98.3,75
HM08930,P0318,2026-09-28,127/68,91.8,99.6,112
HM08931,P0232,2026-04-21,135/90,123.8,98.6,84
HM08932,P0779,2026-07-31,145/98,84.0,100.7,79
HM08933,P0410,2026-02-23,127/75,100.7,98.8,85
HM08934,P0715,2026-04-01,136/74,60.0,96.6,78
HM08935,P0390,2026-07-10,131/74,90.7,98.5,76
HM08936,P0109,2026-07-13,115/60,85.5,99.0,66
HM08937,P0920,2026-07-03,138/96,87.3,97.8,89
HM08938,P0727,2026-06-11,149/72,60.0,99.3,85
HM08939,P0913,2026-04-14,133/90,73.5,98.6,74
HM08940,P0132,2026-01-29,137/89,149.2,98.7,81
HM08941,P0184,2026-02-03,130/84,93.1,97.9,82
HM08942,P0400,2026-05-08,138/72,77.3,96.7,62
HM08943,P0266,2026-06-24,114/74,105.1,97.1,56
HM08944,P0364,2026-07-23,127/81,136.7,98.9,82
HM08945,P0268,2026-09-22,127/90,164.8,97.6,87
HM08946,P0426,2026-09-01,112/82,152.4,98.0,66
HM08947,P0977,2026-08-14,115/68,77.4,99.3,84
HM08948,P0134,2026-05-07,110/68,83.0,97.6,91
HM08949,P0527,2026-08-06,122/105,113.6,97.7,89
HM08950,P0754,2026-07-27,91/82,72.6,96.2,76
HM08951,P0145,2026-07-07,141/82,118.3,96.0,76
HM08952,P0290,2026-07-01,122/87,78.0,98.9,71
HM08953,P0664,2026-03-20,119/86,73.4,98.9,61
HM08954,P0169,2026-09-09,138/77,109.6,96.0,70
HM08955,P0046,2026-02-07,120/98,113.7,97.6,88
HM08956,P0825,2026-03-25,114/92,124.1,97.4,89
HM08957,P0573,2026-07-10,137/90,108.6,98.7,101
HM08958,P0989,2026-06-14,128/75,169.0,98.8,72
HM08959,P0732,2026-04-09,159/65,133.5,99.2,90
HM08960,P0794,2026-07-23,107/65,123.0,98.8,65
HM08961,P0104,2026-03-10,131/62,152.1,97.7,76
HM08962,P0708,2026-08-21,142/89,131.6,99.1,82
HM08963,P0405,2026-04-06,153/59,112.9,98.1,75
HM08964,P0208,2026-04-29,134/82,143.9,97.1,105
HM08965,P0689,2026-09-04,117/83,107.8,98.3,71
HM08966,P0612,2026-06-28,129/86,60.0,97.9,73
HM08967,P0053,2026-03-09,171/90,167.5,98.7,78
HM08968,P0230,2026-06-13,132/93,176.3,98.5,70
HM08969,P0143,2026-07-26,143/69,128.7,98.8,76
HM08970,P0807,2026-01-06,106/74,103.9,97.3,73
HM08971,P0258,2026-01-23,95/87,126.7,98.4,73
HM08972,P0090,2026-04-16,119/70,132.7,97.0,79
HM08973,P0527,2026-08-26,112/101,133.4,98.2,64
HM08974,P0641,2026-06-01,97/85,178.0,98.6,80
HM08975,P0758,2026-07-18,128/81,122.1,97.6,66
HM08976,P0441,2026-03-30,127/97,142.2,97.1,74
HM08977,P0967,2026-06-13,139/98,177.7,98.0,87
HM08978,P0577,2026-04-24,129/78,117.2,98.3,92
HM08979,P0297,2026-01-24,96/85,168.9,99.5,84
HM08980,P0133,2026-05-04,109/89,161.4,97.7,82
HM08981,P0213,2026-08-08,120/72,104.0,98.3,66
HM08982,P0729,2026-01-19,103/69,126.5,96.9,51
HM08983,P0482,2026-08-16,152/67,108.2,99.0,60
HM08984,P0774,2026-03-16,96/72,148.6,98.2,77
HM08985,P0393,2026-05-08,119/86,165.1,100.9,76
HM08986,P0616,2026-09-03,155/91,124.3,96.2,73
HM08987,P0244,2026-07-21,118/84,108.1,97.7,102
HM08988,P0843,2026-06-27,151/55,105.2,98.8,93
HM08989,P0712,2026-04-02,116/77,118.3,98.8,59
HM08990,P0700,2026-04-10,90/95,80.3,100.1,67
HM08991,P0507,2026-06-10,121/84,60.0,100.8,73
HM08992,P0871,2026-05-29,108/66,127.7,98.5,64
HM08993,P0502,2026-04-29,97/92,92.1,96.7,76
HM08994,P0051,2026-08-24,116/103,96.7,97.9,80
HM08995,P0986,2026-05-11,113/85,79.4,98.0,82
HM08996,P0158,2026-05-30,147/72,94.1,99.6,71
HM08997,P0174,2026-03-28,123/100,117.4,98.0,75
HM08998,P0578,2026-06-14,110/85,82.7,98.9,78
HM08999,P0460,2026-08-26,129/100,64.3,98.2,85
HM09000,P0548,2026-06-22,112/91,95.9,98.5,76
HM09001,P0916,2026-02-22,128/80,113.9,97.8,70
HM09002,P0139,2026-03-14,131/80,90.8,98.5,72
HM09003,P0266,2026-02-02,156/109,163.6,99.4,87
HM09004,P0199,2026-05-23,120/57,79.1,97.6,92
HM09005,P0788,2026-03-11,130/72,60.0,100.3,84
HM09006,P0381,2026-02-26,143/73,110.1,97.9,78
HM09007,P0906,2026-06-24,161/65,113.6,98.5,76
HM09008,P0827,2026-02-15,144/59,180.9,97.0,64
HM09009,P0086,2026-05-10,116/72,129.9,98.5,79
HM09010,P0025,2026-05-26,96/78,115.7,99.3,80
HM09011,P0240,2026-01-21,132/103,74.4,97.9,64
HM09012,P0003,2026-01-23,157/100,168.5,98.7,82
HM09013,P0359,2026-02-24,115/89,70.2,97.0,72
HM09014,P0786,2026-09-06,162/73,101.8,98.5,88
HM09015,P0870,2026-04-28,150/66,111.6,98.4,81
HM09016,P0643,2026-06-11,142/89,115.9,99.2,89
HM09017,P0905,2026-03-17,142/73,140.0,99.3,71
HM09018,P0010,2026-02-26,127/98,128.9,98.1,95
HM09019,P0791,2026-03-11,115/59,87.7,99.2,84
HM09020,P0802,2026-04-17,126/92,120.8,98.0,88
HM09021,P0646,2026-08-28,117/85,87.2,97.3,67
HM09022,P0871,2026-08-27,124/72,93.3,98.1,77
HM09023,P0513,2026-06-23,93/55,129.0,98.3,61
HM09024,P0811,2026-06-01,133/85,104.4,100.0,93
HM09025,P0524,2026-07-04,117/75,64.0,99.3,80
HM09026,P0146,2026-08-03,141/55,142.2,97.7,85
HM09027,P0821,2026-04-06,135/79,90.6,98.6,67
HM09028,P0687,2026-04-05,146/71,115.8,97.5,79
HM09029,P0828,2026-01-23,104/70,195.3,99.0,82
HM09030,P0973,2026-05-06,135/83,111.9,98.9,68
HM09031,P0790,2026-06-28,156/81,143.1,99.6,83
HM09032,P0759,2026-01-10,108/94,174.4,96.4,76
HM09033,P0845,2026-06-05,130/76,71.4,97.4,55
HM09034,P0017,2026-01-18,144/96,162.6,98.2,81
HM09035,P0309,2026-03-21,146/77,81.8,97.7,80
HM09036,P0173,2026-04-05,110/85,67.6,98.0,82
HM09037,P0406,2026-08-19,127/71,140.7,98.4,52
HM09038,P0816,2026-02-16,134/74,96.6,97.5,65
HM09039,P0500,2026-08-18,129/86,120.4,99.1,84
HM09040,P0882,2026-03-13,90/69,156.6,97.1,45
HM09041,P0032,2026-02-15,161/83,91.1,97.4,85
HM09042,P0787,2026-03-26,134/83,108.4,97.0,77
HM09043,P0377,2026-07-14,146/73,136.0,97.8,87
HM09044,P0361,2026-03-02,105/80,131.0,97.6,82
HM09045,P0544,2026-03-29,124/79,91.3,99.1,66
HM09046,P0751,2026-05-08,130/69,112.7,98.8,74
HM09047,P0648,2026-08-29,90/63,60.0,98.3,77
HM09048,P0605,2026-04-11,117/72,122.7,96.9,89
HM09049,P0462,2026-04-20,126/68,100.4,98.1,61
HM09050,P0595,2026-09-04,138/91,119.1,99.0,109
HM09051,P0941,2026-07-10,90/80,68.0,99.6,80
HM09052,P0112,2026-01-26,111/76,161.8,98.6,84
HM09053,P0451,2026-04-11,154/91,154.3,98.1,50
HM09054,P0881,2026-01-15,127/72,142.6,96.6,87
HM09055,P0426,2026-03-17,128/84,136.7,98.2,74
HM09056,P0919,2026-04-16,147/87,139.1,98.1,79
HM09057,P0615,2026-05-21,124/59,66.7,98.1,55
HM09058,P0447,2026-08-05,122/69,112.3,98.4,55
HM09059,P0821,2026-03-03,131/74,60.0,97.8,82
HM09060,P0637,2026-06-28,116/74,120.4,97.8,74
HM09061,P0131,2026-07-20,98/73,180.9,98.4,81
HM09062,P0074,2026-04-25,112/75,107.0,99.0,92
HM09063,P0164,2026-06-30,115/79,106.8,98.9,83
HM09064,P0222,2026-03-04,123/92,133.1,97.5,78
HM09065,P0542,2026-05-02,121/68,107.1,99.2,91
HM09066,P0453,2026-09-25,143/89,122.3,97.7,84
HM09067,P0634,2026-01-14,92/71,153.7,97.8,85
HM09068,P0264,2026-07-19,117/86,61.1,99.3,64
HM09069,P0154,2026-09-11,97/94,114.9,97.9,96
HM09070,P0048,2026-08-07,139/74,110.3,99.2,66
HM09071,P0780,2026-03-01,153/74,84.5,99.2,86
HM09072,P0715,2026-04-18,90/78,76.3,98.9,98
HM09073,P0742,2026-03-11,135/70,146.1,98.2,77
HM09074,P0874,2026-03-24,115/81,112.5,96.0,78
HM09075,P0659,2026-01-21,122/84,60.0,98.7,78
HM09076,P0759,2026-05-10,134/60,71.8,96.5,79
HM09077,P0012,2026-01-05,118/78,66.3,97.1,48
HM09078,P0457,2026-02-06,98/72,94.1,98.1,87
HM09079,P0558,2026-06-07,111/85,142.2,99.2,83
HM09080,P0523,2026-07-27,126/67,124.5,97.9,94
HM09081,P0861,2026-02-07,126/78,164.6,97.8,77
HM09082,P0350,2026-08-30,165/83,154.4,99.6,71
HM09083,P0199,2026-08-23,143/76,186.4,99.5,86
HM09084,P0023,2026-08-06,145/71,175.1,97.4,82
HM09085,P0435,2026-04-09,110/90,176.1,98.6,81
HM09086,P0187,2026-03-29,122/81,103.2,99.7,87
HM09087,P0544,2026-09-05,118/80,217.1,98.4,95
HM09088,P0119,2026-01-03,113/85,93.1,97.7,87
HM09089,P0880,2026-07-09,107/65,139.0,97.8,74
HM09090,P0191,2026-07-12,90/64,122.7,98.0,88
HM09091,P0054,2026-07-27,107/78,116.6,98.0,85
HM09092,P0980,2026-02-03,103/86,154.9,97.5,82
HM09093,P0042,2026-06-03,132/87,115.1,99.5,103
HM09094,P0482,2026-03-10,137/83,115.5,97.0,60
HM09095,P0429,2026-06-19,101/83,108.3,99.6,47
HM09096,P0230,2026-05-15,125/85,146.4,98.3,82
HM09097,P0125,2026-04-19,128/85,114.3,100.1,84
HM09098,P0821,2026-04-13,128/71,103.0,99.6,48
HM09099,P0160,2026-09-07,126/79,132.5,98.4,96
HM09100,P0486,2026-01-28,126/79,148.3,99.6,86
HM09101,P0677,2026-06-30,145/77,119.4,99.5,84
HM09102,P0705,2026-07-26,120/80,151.3,99.2,67
HM09103,P0415,2026-03-17,132/79,112.7,99.4,75
HM09104,P0466,2026-09-03,113/70,108.9,97.5,67
HM09105,P0799,2026-03-02,107/70,88.4,98.6,54
HM09106,P0270,2026-09-26,110/78,155.2,98.0,76
HM09107,P0492,2026-06-20,123/58,138.1,98.8,87
HM09108,P0295,2026-04-16,175/64,62.9,98.8,73
HM09109,P0679,2026-09-14,105/76,93.4,99.8,105
HM09110,P0733,2026-02-12,92/62,88.4,97.6,68
HM09111,P0287,2026-07-23,121/74,67.6,97.3,96
HM09112,P0421,2026-04-30,117/75,61.8,97.8,89
HM09113,P0991,2026-04-30,136/89,72.9,97.1,91
HM09114,P0434,2026-08-07,141/76,144.9,97.1,63
HM09115,P0996,2026-04-18,92/84,122.6,97.7,68
HM09116,P0048,2026-06-30,173/76,163.6,98.1,71
HM09117,P0228,2026-01-18,153/89,114.2,99.2,108
HM09118,P0462,2026-08-08,110/85,100.7,97.4,66
HM09119,P0613,2026-04-30,156/58,132.8,97.5,99
HM09120,P0759,2026-04-01,119/75,169.9,99.0,84
HM09121,P0729,2026-02-28,141/67,141.0,98.0,82
HM09122,P0980,2026-06-15,134/66,135.8,98.0,63
HM09123,P0887,2026-05-26,122/80,135.8,96.1,82
HM09124,P0091,2026-07-13,114/89,114.9,97.9,75
HM09125,P0769,2026-05-20,131/90,83.8,97.9,95
HM09126,P0620,2026-02-10,117/84,71.8,96.7,65
HM09127,P0534,2026-06-17,111/92,155.2,96.5,71
HM09128,P0927,2026-09-18,138/78,167.7,98.8,74
HM09129,P0572,2026-01-19,121/79,85.4,99.0,86
HM09130,P0648,2026-07-22,134/82,79.4,98.7,79
HM09131,P0584,2026-05-15,165/64,89.7,96.8,75
HM09132,P0543,2026-09-08,90/94,153.2,98.1,65
HM09133,P0063,2026-07-25,94/71,136.9,97.5,100
HM09134,P0013,2026-06-01,154/80,98.8,97.7,97
HM09135,P0610,2026-01-07,111/91,115.8,98.8,68
HM09136,P0658,2026-04-12,118/79,92.9,99.3,68
HM09137,P0912,2026-02-04,113/96,155.8,99.6,55
HM09138,P0381,2026-04-10,129/81,95.3,98.5,74
HM09139,P0853,2026-04-23,128/120,126.1,98.5,87
HM09140,P0052,2026-08-21,128/66,60.0,98.2,74
HM09141,P0986,2026-04-28,90/99,118.7,99.5,51
HM09142,P0870,2026-09-12,154/74,159.1,98.4,83
HM09143,P0412,2026-08-30,134/74,92.4,97.9,60
HM09144,P0425,2026-07-10,115/71,62.6,98.6,78
HM09145,P0349,2026-01-20,129/88,106.7,97.4,81
HM09146,P0128,2026-08-08,90/78,141.8,99.1,71
HM09147,P0832,2026-02-13,90/55,137.3,97.9,102
HM09148,P0618,2026-07-24,96/84,173.2,98.4,58
HM09149,P0675,2026-07-19,180/98,107.0,98.9,87
HM09150,P0617,2026-09-09,137/63,126.3,99.5,84
HM09151,P0064,2026-08-06,132/73,83.4,96.8,87
HM09152,P0165,2026-01-06,120/63,149.2,97.7,67
HM09153,P0446,2026-05-08,115/77,131.0,97.4,90
HM09154,P0547,2026-08-21,134/73,109.4,97.8,78
HM09155,P0962,2026-06-02,155/74,121.6,97.6,84
HM09156,P0881,2026-09-04,130/95,86.0,98.8,93
HM09157,P0197,2026-08-05,116/78,121.7,98.0,80
HM09158,P0856,2026-05-29,138/78,110.7,98.4,73
HM09159,P0025,2026-05-09,118/69,113.5,98.6,74
HM09160,P0486,2026-07-09,109/78,128.9,98.3,104
HM09161,P0523,2026-01-29,111/78,142.3,97.6,101
HM09162,P0440,2026-06-02,125/86,115.7,99.1,65
HM09163,P0252,2026-03-03,156/82,138.0,97.5,82
HM09164,P0523,2026-01-21,105/94,69.9,98.3,73
HM09165,P0712,2026-01-18,93/68,130.7,97.4,69
HM09166,P0241,2026-03-30,132/90,138.1,98.2,80
HM09167,P0249,2026-08-29,127/67,124.8,97.3,85
HM09168,P0687,2026-05-31,127/55,149.3,97.7,70
HM09169,P0683,2026-05-03,144/78,135.9,97.6,87
HM09170,P0229,2026-08-20,128/84,108.8,99.7,100
HM09171,P0654,2026-01-22,90/91,77.2,98.7,56
HM09172,P0077,2026-06-16,133/69,98.9,97.8,69
HM09173,P0666,2026-09-12,110/75,109.6,98.5,100
HM09174,P0980,2026-04-12,106/81,142.0,97.6,50
HM09175,P0190,2026-07-30,90/55,168.9,98.8,87
HM09176,P0787,2026-03-21,144/73,195.6,98.5,77
HM09177,P0389,2026-06-08,147/88,161.7,99.5,73
HM09178,P0723,2026-01-02,128/69,60.0,99.0,89
HM09179,P0422,2026-03-22,90/71,117.0,98.3,102
HM09180,P0310,2026-05-28,112/77,137.7,97.9,71
HM09181,P0325,2026-03-07,113/82,108.9,98.8,82
HM09182,P0794,2026-02-08,90/58,97.5,99.1,70
HM09183,P0412,2026-05-14,132/87,133.9,97.7,64
HM09184,P0375,2026-01-23,98/115,130.9,99.9,68
HM09185,P0098,2026-03-22,149/74,114.0,97.9,67
HM09186,P0142,2026-09-09,107/79,94.5,98.3,67
HM09187,P0717,2026-01-22,139/74,172.3,98.2,76
HM09188,P0047,2026-05-18,157/74,100.8,97.6,80
HM09189,P0771,2026-04-21,110/89,113.4,99.0,86
HM09190,P0977,2026-09-05,114/71,103.5,98.2,82
HM09191,P0760,2026-09-01,133/79,91.2,97.7,84
HM09192,P0645,2026-01-04,111/86,135.8,99.6,72
HM09193,P0641,2026-05-31,118/55,82.0,97.3,84
HM09194,P0927,2026-08-27,161/86,149.7,97.6,63
HM09195,P0902,2026-06-05,120/72,84.9,98.4,63
HM09196,P0955,2026-05-07,141/75,113.4,98.3,72
HM09197,P0674,2026-08-30,150/60,159.9,97.9,89
HM09198,P0689,2026-08-04,129/90,110.9,98.4,91
HM09199,P0703,2026-03-16,126/95,127.3,97.5,73
HM09200,P0406,2026-07-11,142/65,142.8,97.9,62
HM09201,P0931,2026-09-06,129/71,95.0,97.6,79
HM09202,P0698,2026-02-06,117/84,150.4,98.7,99
HM09203,P0325,2026-03-25,166/76,74.7,97.9,79
HM09204,P0626,2026-06-21,169/75,124.7,97.6,73
HM09205,P0141,2026-08-12,100/62,162.6,99.2,73
HM09206,P0579,2026-01-11,146/64,108.9,98.4,93
HM09207,P0790,2026-04-18,128/86,98.6,98.4,93
HM09208,P0054,2026-01-20,92/93,107.7,96.9,74
HM09209,P0005,2026-09-16,150/74,125.5,96.7,56
HM09210,P0983,2026-05-17,103/92,113.2,99.2,91
HM09211,P0625,2026-05-19,109/98,95.9,99.1,89
HM09212,P0286,2026-06-24,126/80,126.2,98.3,73
HM09213,P0699,2026-03-16,115/75,157.6,96.8,72
HM09214,P0152,2026-05-23,118/77,125.4,97.0,90
HM09215,P0124,2026-06-06,142/88,107.7,97.5,74
HM09216,P0836,2026-04-26,126/87,112.2,98.5,72
HM09217,P0605,2026-06-16,130/77,124.4,96.6,83
HM09218,P0268,2026-01-18,135/86,80.4,97.6,67
HM09219,P0345,2026-06-17,131/87,90.6,99.4,93
HM09220,P0432,2026-02-05,127/84,60.0,97.7,62
HM09221,P0493,2026-09-17,106/86,141.5,98.9,80
HM09222,P0537,2026-06-02,135/60,69.9,98.0,85
HM09223,P0798,2026-07-05,116/63,90.8,97.4,57
HM09224,P0623,2026-03-29,169/94,60.0,96.5,68
HM09225,P0102,2026-03-09,95/108,86.9,98.5,71
HM09226,P0212,2026-05-08,101/92,137.9,98.1,106
HM09227,P0951,2026-05-10,129/74,182.0,98.6,97
HM09228,P0127,2026-09-21,124/55,60.4,99.2,70
HM09229,P0314,2026-08-09,130/93,121.3,97.4,77
HM09230,P0286,2026-04-27,127/75,66.5,97.9,76
HM09231,P0698,2026-02-27,96/68,89.9,96.5,79
HM09232,P0075,2026-01-16,129/73,67.1,98.6,84
HM09233,P0102,2026-07-16,126/80,135.8,98.1,66
HM09234,P0706,2026-09-21,123/75,112.5,99.0,63
HM09235,P0246,2026-09-22,128/64,82.9,99.6,83
HM09236,P0031,2026-02-06,128/60,106.7,96.3,78
HM09237,P0307,2026-03-19,100/86,120.6,97.1,82
HM09238,P0863,2026-04-07,166/77,145.8,96.3,83
HM09239,P0482,2026-05-16,113/76,135.8,98.0,58
HM09240,P0204,2026-03-10,155/62,85.6,98.3,79
HM09241,P0163,2026-04-08,133/81,155.2,98.6,63
HM09242,P0250,2026-01-17,90/81,166.3,97.1,65
HM09243,P0561,2026-09-12,132/85,154.3,99.7,80
HM09244,P0788,2026-03-11,106/69,96.0,99.1,71
HM09245,P0282,2026-08-20,144/61,125.1,97.5,84
HM09246,P0167,2026-03-01,119/89,99.8,98.2,87
HM09247,P0281,2026-07-07,122/80,141.6,98.1,58
HM09248,P0809,2026-01-28,113/56,106.3,98.6,79
HM09249,P0424,2026-02-20,152/95,124.0,96.0,86
HM09250,P0485,2026-05-16,109/90,125.9,98.8,84
HM09251,P0484,2026-07-13,172/86,70.2,99.2,72
HM09252,P0914,2026-06-17,151/98,136.8,97.1,72
HM09253,P0210,2026-04-12,151/103,117.2,98.0,63
HM09254,P0563,2026-01-20,101/82,139.5,96.9,87
HM09255,P0545,2026-09-25,152/87,172.9,98.5,82
HM09256,P0662,2026-03-31,131/96,133.8,97.7,83
HM09257,P0523,2026-04-17,133/77,150.8,98.3,86
HM09258,P0071,2026-01-06,135/71,80.7,97.6,77
HM09259,P0248,2026-07-30,156/79,128.1,99.0,73
HM09260,P0918,2026-07-29,116/92,134.9,97.7,73
HM09261,P0112,2026-05-05,126/83,158.5,98.7,66
HM09262,P0661,2026-07-21,109/83,120.0,97.4,90
HM09263,P0865,2026-04-04,90/84,60.9,99.0,74
HM09264,P0925,2026-09-22,139/75,161.4,96.5,88
HM09265,P0801,2026-09-04,112/84,129.6,96.9,89
HM09266,P0528,2026-05-07,132/81,128.5,98.3,88
HM09267,P0485,2026-07-08,115/90,135.0,98.0,100
HM09268,P0515,2026-04-11,134/82,135.1,98.1,92
HM09269,P0722,2026-09-04,124/89,77.6,96.6,82
HM09270,P0566,2026-01-29,117/77,60.0,99.7,79
HM09271,P0623,2026-04-25,151/63,118.5,98.6,79
HM09272,P0108,2026-04-16,129/63,126.1,97.4,70
HM09273,P0311,2026-03-22,125/75,104.7,99.2,76
HM09274,P0989,2026-03-27,117/78,76.1,98.3,86
HM09275,P0839,2026-01-29,131/80,136.1,97.7,78
HM09276,P0376,2026-01-13,152/76,136.3,98.8,68
HM09277,P0598,2026-05-24,138/72,130.0,97.6,81
HM09278,P0803,2026-08-08,127/81,124.5,97.7,64
HM09279,P0058,2026-02-07,126/93,135.4,98.6,71
HM09280,P0676,2026-08-26,128/70,100.2,98.5,56
HM09281,P0861,2026-07-29,159/63,181.1,97.4,67
HM09282,P0134,2026-08-22,117/74,93.8,97.9,79
HM09283,P0777,2026-09-10,107/90,164.4,96.4,100
HM09284,P0392,2026-07-11,140/83,94.9,98.3,88
HM09285,P0718,2026-08-20,177/106,61.5,98.0,78
HM09286,P0024,2026-04-04,151/78,88.6,98.2,73
HM09287,P0288,2026-04-27,144/108,146.9,99.1,92
HM09288,P0016,2026-01-16,134/75,104.5,99.2,81
HM09289,P0160,2026-03-17,105/95,87.9,97.2,67
HM09290,P0193,2026-03-20,131/91,123.9,97.7,68
HM09291,P0827,2026-02-25,140/78,126.9,98.1,81
HM09292,P0318,2026-06-15,132/109,129.1,97.9,80
HM09293,P0198,2026-04-13,106/68,158.7,98.5,91
HM09294,P0516,2026-07-04,92/68,125.4,97.5,60
HM09295,P0366,2026-01-07,103/76,129.5,99.7,65
HM09296,P0639,2026-06-07,104/62,135.1,98.3,66
HM09297,P0629,2026-05-08,108/78,112.6,97.3,80
HM09298,P0333,2026-08-13,97/80,108.8,98.6,92
HM09299,P0786,2026-03-06,117/80,60.0,100.0,55
HM09300,P0673,2026-09-02,123/55,86.1,99.8,91
HM09301,P0467,2026-07-25,144/77,172.8,98.4,86
HM09302,P0221,2026-05-10,177/93,112.7,98.7,94
HM09303,P0951,2026-09-02,137/89,160.1,100.5,66
HM09304,P0099,2026-07-24,139/85,101.5,97.6,97
HM09305,P0584,2026-08-08,104/63,95.3,96.6,67
HM09306,P0742,2026-01-20,103/81,165.6,97.7,88
HM09307,P0714,2026-04-21,140/55,95.7,97.9,82
HM09308,P0060,2026-06-09,136/83,83.7,97.6,59
HM09309,P0179,2026-08-06,126/75,133.6,98.8,73
HM09310,P0818,2026-01-03,130/77,76.0,97.5,50
HM09311,P0486,2026-04-10,117/72,76.7,98.9,84
HM09312,P0374,2026-05-08,136/88,114.9,98.2,87
HM09313,P0561,2026-05-09,138/92,113.5,97.3,80
HM09314,P0124,2026-08-11,113/87,125.1,98.2,73
HM09315,P0226,2026-06-24,145/91,95.4,97.1,80
HM09316,P0278,2026-03-27,148/64,131.5,97.5,65
HM09317,P0363,2026-01-19,143/87,109.7,98.9,86
HM09318,P0915,2026-03-27,95/81,164.4,98.6,46
HM09319,P0482,2026-05-13,103/91,95.5,99.2,102
HM09320,P0975,2026-05-08,120/72,79.8,98.9,70
HM09321,P0117,2026-01-09,116/66,99.9,97.6,54
HM09322,P0404,2026-04-30,108/88,162.2,98.1,78
HM09323,P0591,2026-09-02,130/103,79.7,97.1,77
HM09324,P0042,2026-02-20,132/79,67.2,99.0,76
HM09325,P0528,2026-06-13,136/98,63.8,96.7,84
HM09326,P0015,2026-08-10,90/75,95.0,98.5,70
HM09327,P0866,2026-01-09,134/67,71.5,98.2,79
HM09328,P0144,2026-01-27,130/97,159.8,98.6,87
HM09329,P0534,2026-02-19,130/94,127.7,97.7,68
HM09330,P0384,2026-02-25,148/77,182.1,97.2,93
HM09331,P0371,2026-09-10,116/84,69.4,96.5,95
HM09332,P0198,2026-03-08,116/91,92.0,99.1,72
HM09333,P0352,2026-07-02,100/87,148.1,98.8,76
HM09334,P0266,2026-09-27,90/67,90.4,98.0,91
HM09335,P0895,2026-02-21,122/55,60.0,97.6,71
HM09336,P0889,2026-01-08,132/62,66.6,98.6,94
HM09337,P0604,2026-04-18,90/70,153.9,99.0,66
HM09338,P0856,2026-08-27,148/80,138.1,97.6,81
HM09339,P0944,2026-07-18,101/73,104.6,98.3,106
HM09340,P0618,2026-08-29,176/75,166.8,97.2,82
HM09341,P0796,2026-07-25,111/74,208.1,97.9,70
HM09342,P0456,2026-09-20,104/70,65.2,98.4,80
HM09343,P0386,2026-07-05,131/79,95.1,97.6,79
HM09344,P0065,2026-09-27,123/72,105.0,99.6,101
HM09345,P0360,2026-02-12,120/71,113.5,99.2,77
HM09346,P0660,2026-02-03,132/72,74.2,98.9,80
HM09347,P0409,2026-02-24,138/59,179.1,98.4,56
HM09348,P0694,2026-07-30,144/75,116.1,97.8,76
HM09349,P0174,2026-05-17,124/59,145.3,98.3,83
HM09350,P0046,2026-06-12,141/81,126.6,96.9,68
HM09351,P0205,2026-04-08,126/82,129.0,99.5,76
HM09352,P0858,2026-09-26,132/80,106.3,98.0,68
HM09353,P0406,2026-09-02,122/77,109.7,96.6,76
HM09354,P0974,2026-08-16,107/79,76.7,98.2,74
HM09355,P0312,2026-08-15,112/83,128.1,98.2,84
HM09356,P0384,2026-07-27,116/84,113.5,97.3,68
HM09357,P0003,2026-02-27,148/98,140.0,97.7,95
HM09358,P0219,2026-08-05,137/84,179.5,97.4,87
HM09359,P0313,2026-01-18,108/72,206.1,98.7,100
HM09360,P0110,2026-07-12,135/84,93.1,99.1,78
HM09361,P0932,2026-03-01,126/76,111.5,98.2,79
HM09362,P0419,2026-03-10,123/61,134.0,98.1,45
HM09363,P0381,2026-01-05,93/74,159.8,98.7,69
HM09364,P0173,2026-02-23,121/93,93.4,97.2,88
HM09365,P0780,2026-08-25,147/72,132.1,98.2,70
HM09366,P0317,2026-07-29,148/72,141.5,98.3,75
HM09367,P0069,2026-01-21,113/68,106.3,97.7,79
HM09368,P0603,2026-04-21,101/78,129.2,97.6,86
HM09369,P0049,2026-01-23,141/65,88.5,97.0,83
HM09370,P0258,2026-08-25,127/60,92.2,98.5,79
HM09371,P0110,2026-08-25,149/66,114.7,97.3,79
HM09372,P0348,2026-06-22,121/83,100.7,98.9,69
HM09373,P0536,2026-02-01,104/82,179.9,96.8,64
HM09374,P0906,2026-07-27,129/93,125.7,97.7,83
HM09375,P0065,2026-03-02,135/71,143.9,98.2,57
HM09376,P0381,2026-01-03,122/73,160.7,97.0,72
HM09377,P0244,2026-09-14,130/109,183.4,98.2,82
HM09378,P0349,2026-09-18,137/67,115.4,99.4,79
HM09379,P0890,2026-06-06,163/74,111.9,98.1,62
HM09380,P0395,2026-09-22,147/75,124.0,97.7,98
HM09381,P0269,2026-04-30,149/80,72.2,98.9,90
HM09382,P0569,2026-02-26,106/78,117.7,99.2,76
HM09383,P0070,2026-01-01,144/70,78.1,99.8,62
HM09384,P0940,2026-01-03,109/89,96.4,97.7,75
HM09385,P0380,2026-04-20,90/93,121.2,97.5,57
HM09386,P0950,2026-07-02,97/60,123.0,98.4,85
HM09387,P0774,2026-02-25,139/87,168.8,99.3,89
HM09388,P0841,2026-02-25,129/88,100.6,98.0,98
HM09389,P0059,2026-07-19,113/72,102.3,97.7,72
HM09390,P0857,2026-06-29,129/83,146.9,100.2,73
HM09391,P0918,2026-07-16,123/57,69.8,98.1,83
HM09392,P0734,2026-08-08,134/87,159.0,99.7,75
HM09393,P0454,2026-06-26,108/87,147.7,98.3,75
HM09394,P0796,2026-09-26,114/79,139.2,97.6,68
HM09395,P0478,2026-09-10,136/69,120.3,98.3,78
HM09396,P0684,2026-06-30,112/100,128.9,97.7,81
HM09397,P0535,2026-07-01,161/81,168.7,97.2,67
HM09398,P0909,2026-05-04,90/103,60.0,98.4,98
HM09399,P0016,2026-07-29,144/84,159.9,97.6,84
HM09400,P0984,2026-03-17,122/78,121.7,99.3,96
HM09401,P0765,2026-01-26,119/66,86.3,100.0,95
HM09402,P0775,2026-09-10,103/99,90.1,98.8,69
HM09403,P0160,2026-03-28,168/73,78.3,97.8,109
HM09404,P0456,2026-01-27,130/67,87.4,96.6,84
HM09405,P0521,2026-05-26,99/93,142.7,98.1,92
HM09406,P0149,2026-01-23,143/81,88.1,98.6,82
HM09407,P0325,2026-03-22,134/80,126.5,98.5,94
HM09408,P0404,2026-01-02,99/67,117.6,97.5,80
HM09409,P0283,2026-04-11,102/68,187.1,98.0,63
HM09410,P0535,2026-01-03,122/92,157.2,96.9,68
HM09411,P0441,2026-02-20,129/79,60.0,96.9,65
HM09412,P0574,2026-02-23,90/74,156.8,97.6,90
HM09413,P0819,2026-05-10,125/77,60.0,99.3,79
HM09414,P0730,2026-04-20,93/84,94.4,98.3,80
HM09415,P0924,2026-08-12,149/66,135.0,99.4,108
HM09416,P0873,2026-04-13,145/84,124.6,99.6,74
HM09417,P0079,2026-03-15,140/106,111.2,96.4,67
HM09418,P0363,2026-07-22,130/69,102.8,97.9,84
HM09419,P0531,2026-04-23,106/72,164.2,97.8,86
HM09420,P0800,2026-04-25,125/79,140.8,96.5,83
HM09421,P0091,2026-08-12,136/90,101.9,98.2,48
HM09422,P0445,2026-05-02,111/82,166.5,99.9,73
HM09423,P0355,2026-01-12,142/78,60.0,98.7,99
HM09424,P0946,2026-08-30,117/69,117.4,98.1,109
HM09425,P0170,2026-07-07,145/81,60.0,98.1,100
HM09426,P0584,2026-04-03,126/89,128.7,97.8,98
HM09427,P0272,2026-05-27,128/71,115.8,99.5,60
HM09428,P0269,2026-03-20,130/80,61.1,98.9,81
HM09429,P0510,2026-01-04,142/93,113.1,97.7,60
HM09430,P0584,2026-07-29,112/80,81.3,98.7,67
HM09431,P0758,2026-09-19,90/73,121.4,97.1,67
HM09432,P0628,2026-07-31,112/74,125.4,98.8,72
HM09433,P0682,2026-09-18,104/81,133.1,99.7,91
HM09434,P0651,2026-04-02,99/78,131.0,97.4,73
HM09435,P0161,2026-04-05,138/82,115.1,97.6,60
HM09436,P0849,2026-09-12,118/78,63.6,98.2,82
HM09437,P0835,2026-04-19,111/84,124.6,97.9,73
HM09438,P0817,2026-02-15,118/69,127.1,97.4,68
HM09439,P0135,2026-09-12,134/77,117.2,96.7,71
HM09440,P0759,2026-02-18,158/58,176.2,98.4,71
HM09441,P0823,2026-07-06,120/94,60.0,99.5,81
HM09442,P0867,2026-07-15,145/59,107.0,96.1,92
HM09443,P0427,2026-03-16,105/68,60.0,98.6,78
HM09444,P0845,2026-04-13,110/83,87.7,96.6,73
HM09445,P0279,2026-05-06,157/91,130.9,98.4,73
HM09446,P0084,2026-01-09,139/86,112.1,98.4,58
HM09447,P0423,2026-02-16,115/65,72.6,98.6,62
HM09448,P0962,2026-04-15,140/92,112.8,97.7,90
HM09449,P0943,2026-09-24,136/94,77.1,98.0,75
HM09450,P0245,2026-07-31,129/87,119.8,99.4,73
HM09451,P0195,2026-08-08,104/72,87.3,97.8,74
HM09452,P0366,2026-01-17,120/82,98.9,99.1,54
HM09453,P0318,2026-06-16,90/92,147.3,99.3,85
HM09454,P0189,2026-07-29,125/76,60.0,98.3,60
HM09455,P0999,2026-02-16,174/67,112.4,99.6,73
HM09456,P0654,2026-09-25,117/55,69.2,98.7,98
HM09457,P0840,2026-03-26,107/82,209.8,98.7,89
HM09458,P0987,2026-03-06,109/98,90.8,97.4,95
HM09459,P0959,2026-08-06,112/79,171.9,97.4,75
HM09460,P0224,2026-08-17,112/76,116.4,99.4,97
HM09461,P0525,2026-05-26,128/71,138.7,98.2,78
HM09462,P0240,2026-06-15,104/60,114.3,97.2,71
HM09463,P0308,2026-09-18,154/79,153.7,98.5,85
HM09464,P0459,2026-07-21,113/93,125.9,98.0,81
HM09465,P0729,2026-03-15,110/76,113.1,97.7,96
HM09466,P0873,2026-07-25,116/104,117.4,98.0,71
HM09467,P0204,2026-06-04,133/90,60.0,98.2,54
HM09468,P0439,2026-02-16,144/91,116.4,98.4,60
HM09469,P0721,2026-09-13,114/72,99.3,99.0,93
HM09470,P0635,2026-01-27,137/76,88.9,98.3,81
HM09471,P0750,2026-06-05,120/72,136.5,98.8,62
HM09472,P0062,2026-06-03,117/89,149.6,98.3,82
HM09473,P0497,2026-03-14,130/91,76.2,98.4,67
HM09474,P0903,2026-09-06,146/67,129.3,97.4,87
HM09475,P0923,2026-01-16,133/82,183.6,97.6,89
HM09476,P0503,2026-03-20,148/91,91.3,98.0,70
HM09477,P0815,2026-02-19,119/69,102.3,99.5,74
HM09478,P0069,2026-07-28,127/71,114.5,98.9,83
HM09479,P0144,2026-03-25,153/65,88.5,97.8,96
HM09480,P0800,2026-09-02,130/62,153.2,98.3,88
HM09481,P0550,2026-09-23,156/68,170.4,98.1,73
HM09482,P0665,2026-04-22,128/65,114.3,98.0,66
HM09483,P0239,2026-05-08,112/93,108.8,97.3,83
HM09484,P0470,2026-05-28,140/79,71.8,96.0,67
HM09485,P0976,2026-01-27,146/91,87.1,98.0,86
HM09486,P0117,2026-05-06,122/91,111.6,98.6,74
HM09487,P0449,2026-07-12,109/93,62.4,97.7,76
HM09488,P0505,2026-01-29,142/69,119.4,97.0,83
HM09489,P0240,2026-03-15,161/56,89.5,99.0,113
HM09490,P0695,2026-03-30,136/71,109.8,97.1,87
HM09491,P0418,2026-06-18,145/96,103.4,97.5,95
HM09492,P0442,2026-02-10,152/68,101.9,98.9,74
HM09493,P0113,2026-03-23,125/62,75.7,98.1,69
HM09494,P0450,2026-06-03,102/76,84.3,98.2,89
HM09495,P0017,2026-07-12,118/74,152.6,98.9,87
HM09496,P0074,2026-06-11,90/74,95.0,97.5,90
HM09497,P0634,2026-05-10,114/63,123.6,98.2,66
HM09498,P0457,2026-02-16,145/86,133.5,98.6,91
HM09499,P0543,2026-06-30,121/65,107.7,96.7,65
HM09500,P0547,2026-08-23,157/66,73.9,98.8,88
HM09501,P0711,2026-08-30,91/82,95.8,98.5,74
HM09502,P0378,2026-04-09,97/74,136.9,99.9,82
HM09503,P0273,2026-07-17,117/65,109.5,97.9,81
HM09504,P0779,2026-08-26,123/85,102.4,99.7,85
HM09505,P0849,2026-08-26,110/92,74.5,97.4,68
HM09506,P0706,2026-05-26,151/77,93.0,98.3,84
HM09507,P0072,2026-02-18,156/62,159.2,96.3,88
HM09508,P0308,2026-04-11,148/94,134.9,97.2,86
HM09509,P0461,2026-05-15,103/68,99.0,97.9,80
HM09510,P0549,2026-02-11,111/83,67.0,98.2,74
HM09511,P0383,2026-04-12,145/93,109.1,96.4,60
HM09512,P0236,2026-09-09,147/78,176.2,99.0,81
HM09513,P1000,2026-06-21,127/66,92.9,98.6,73
HM09514,P0381,2026-01-30,134/92,108.7,97.8,67
HM09515,P0320,2026-03-11,141/89,191.5,98.4,76
HM09516,P0249,2026-08-23,134/76,84.0,98.3,83
HM09517,P0579,2026-07-29,135/85,152.2,98.7,81
HM09518,P0640,2026-06-13,99/82,109.0,97.2,84
HM09519,P0596,2026-09-17,135/85,134.4,98.3,75
HM09520,P0601,2026-05-28,160/81,60.0,96.0,92
HM09521,P0618,2026-01-02,90/73,72.4,97.9,82
HM09522,P0936,2026-01-16,111/70,140.5,100.6,84
HM09523,P0613,2026-05-02,106/90,176.0,99.2,59
HM09524,P0002,2026-02-16,135/74,116.8,97.9,86
HM09525,P0141,2026-02-18,117/97,114.9,98.0,84
HM09526,P0896,2026-08-19,132/87,110.3,99.4,89
HM09527,P0364,2026-01-07,124/89,105.8,98.7,87
HM09528,P0140,2026-06-29,129/70,73.2,98.5,69
HM09529,P0174,2026-02-28,146/61,161.1,98.2,67
HM09530,P0025,2026-04-03,115/77,131.9,97.1,66
HM09531,P0783,2026-03-10,118/79,140.1,98.4,73
HM09532,P0978,2026-05-24,129/81,106.2,98.3,52
HM09533,P0675,2026-03-11,143/86,167.4,97.5,84
HM09534,P0061,2026-03-02,90/58,106.7,97.7,90
HM09535,P0283,2026-08-19,148/95,135.9,98.8,62
HM09536,P0326,2026-07-09,152/95,66.7,98.6,71
HM09537,P0872,2026-08-21,161/68,118.2,98.4,77
HM09538,P0930,2026-04-26,167/100,60.0,98.6,77
HM09539,P0420,2026-06-26,141/82,86.6,97.3,73
HM09540,P0055,2026-05-07,122/82,95.0,99.7,84
HM09541,P0714,2026-06-02,142/78,78.7,99.0,66
HM09542,P0529,2026-04-28,90/86,88.6,97.9,86
HM09543,P0924,2026-09-16,106/60,157.7,98.1,93
HM09544,P0937,2026-08-31,137/87,120.7,98.3,91
HM09545,P0910,2026-01-29,141/72,132.3,97.6,74
HM09546,P0194,2026-09-22,136/72,120.2,98.5,73
HM09547,P0318,2026-08-18,139/74,148.0,98.3,80
HM09548,P0300,2026-02-16,107/77,121.8,99.1,74
HM09549,P0248,2026-05-20,145/70,126.7,97.7,96
HM09550,P0926,2026-08-25,152/83,96.3,96.8,82
HM09551,P0193,2026-06-14,129/90,63.7,98.3,83
HM09552,P0049,2026-09-23,106/81,89.6,97.5,71
HM09553,P0436,2026-03-01,119/94,103.7,97.4,87
HM09554,P0231,2026-01-27,145/89,162.9,98.4,79
HM09555,P0810,2026-09-12,110/96,111.8,97.9,73
HM09556,P0971,2026-06-09,137/81,121.6,97.9,75
HM09557,P0477,2026-04-08,122/97,60.0,98.6,91
HM09558,P0461,2026-01-21,90/79,149.4,97.5,81
HM09559,P0982,2026-04-06,106/80,159.7,99.7,81
HM09560,P0921,2026-05-28,99/76,60.0,97.9,89
HM09561,P0005,2026-07-02,97/77,86.4,99.8,82
HM09562,P0255,2026-04-30,142/83,141.6,99.2,78
HM09563,P0111,2026-07-03,114/68,176.6,98.9,51
HM09564,P0294,2026-07-23,120/84,173.5,97.2,83
HM09565,P0638,2026-06-25,117/65,162.1,97.3,89
HM09566,P0641,2026-04-24,93/74,135.0,98.8,83
HM09567,P0779,2026-07-30,144/76,163.7,98.5,86
HM09568,P0303,2026-02-20,132/85,80.0,97.4,71
HM09569,P0191,2026-04-08,135/72,104.6,98.1,95
HM09570,P0449,2026-08-05,137/62,120.6,97.9,75
HM09571,P0208,2026-06-27,125/93,86.5,98.4,81
HM09572,P0955,2026-03-07,120/72,88.6,97.8,86
HM09573,P0587,2026-04-24,117/78,74.5,97.8,80
HM09574,P0967,2026-07-15,91/92,94.2,99.8,83
HM09575,P0345,2026-06-24,90/83,103.9,98.5,97
HM09576,P0837,2026-08-05,139/77,66.1,99.0,84
HM09577,P0602,2026-06-27,148/78,125.3,98.0,79
HM09578,P0541,2026-05-22,94/83,128.4,97.7,85
HM09579,P0883,2026-04-06,142/96,79.3,98.8,94
HM09580,P1000,2026-06-06,117/96,89.6,98.3,57
HM09581,P0830,2026-08-06,90/61,164.7,97.5,68
HM09582,P0151,2026-01-19,133/71,157.2,99.9,51
HM09583,P0636,2026-09-12,135/55,67.4,98.6,66
HM09584,P0235,2026-03-07,130/80,60.0,98.8,81
HM09585,P0924,2026-09-09,125/72,128.6,97.0,65
HM09586,P0934,2026-06-20,131/92,98.3,98.6,80
HM09587,P0914,2026-09-28,133/71,109.8,98.2,95
HM09588,P0155,2026-06-21,102/63,220.0,98.5,84
HM09589,P0125,2026-05-24,137/89,146.5,98.9,91
HM09590,P0919,2026-05-01,128/92,181.2,98.4,83
HM09591,P0260,2026-02-21,113/78,127.3,97.8,79
HM09592,P0910,2026-07-14,131/98,84.8,98.6,70
HM09593,P0208,2026-04-24,140/90,173.7,97.8,79
HM09594,P0936,2026-06-12,141/87,60.0,97.6,84
HM09595,P0811,2026-01-11,120/89,151.5,98.0,85
HM09596,P0083,2026-09-27,154/92,88.0,98.0,78
HM09597,P0200,2026-08-06,106/92,92.4,98.1,90
HM09598,P0016,2026-07-11,115/75,126.8,97.8,96
HM09599,P0893,2026-01-30,106/55,144.5,97.9,68
HM09600,P0384,2026-05-01,132/85,88.3,99.3,88
HM09601,P0341,2026-08-23,164/74,120.5,98.4,74
HM09602,P0235,2026-08-07,133/85,131.8,97.9,75
HM09603,P0842,2026-07-30,113/70,112.8,99.6,102
HM09604,P0516,2026-08-15,151/74,129.3,96.4,76
HM09605,P0723,2026-03-29,117/102,124.1,98.2,77
HM09606,P0495,2026-06-01,119/86,91.8,98.7,95
HM09607,P0453,2026-06-30,127/76,112.4,99.3,79
HM09608,P0943,2026-06-05,112/89,90.1,98.0,80
HM09609,P0516,2026-09-13,108/58,130.7,96.2,66
HM09610,P0713,2026-08-02,140/85,109.5,97.4,72
HM09611,P0847,2026-02-14,136/78,71.8,97.4,72
HM09612,P0076,2026-03-21,132/81,71.4,99.4,69
HM09613,P0643,2026-09-02,133/68,201.9,99.4,68
HM09614,P0636,2026-06-01,126/67,102.5,98.6,88
HM09615,P0213,2026-03-29,100/71,148.0,99.4,68
HM09616,P0971,2026-07-07,144/65,104.6,97.2,73
HM09617,P0321,2026-06-05,163/79,105.1,97.7,74
HM09618,P0319,2026-01-06,108/81,113.9,97.8,71
HM09619,P0320,2026-03-28,128/71,106.6,97.8,51
HM09620,P0408,2026-01-30,142/58,60.0,99.0,64
HM09621,P0760,2026-04-20,90/96,92.7,99.3,67
HM09622,P0299,2026-05-20,92/76,72.7,98.6,86
HM09623,P0529,2026-04-15,143/76,163.3,97.4,79
HM09624,P0520,2026-09-13,122/103,157.3,98.2,80
HM09625,P0818,2026-02-12,155/70,60.0,97.3,73
HM09626,P0817,2026-09-04,152/92,113.5,98.6,69
HM09627,P0435,2026-01-11,166/94,116.9,98.1,86
HM09628,P0152,2026-09-07,123/58,168.7,99.3,82
HM09629,P0627,2026-04-08,116/80,60.0,97.2,99
HM09630,P0746,2026-07-04,135/56,86.0,96.5,68
HM09631,P0107,2026-08-06,121/99,142.5,97.9,74
HM09632,P0278,2026-02-16,108/93,157.3,97.0,57
HM09633,P0879,2026-04-12,118/77,124.1,96.7,69
HM09634,P0094,2026-08-26,123/70,145.0,99.9,71
HM09635,P0692,2026-02-09,142/75,82.4,97.6,87
HM09636,P0881,2026-02-07,112/74,75.0,98.8,83
HM09637,P0092,2026-09-18,154/87,129.5,98.7,74
HM09638,P0339,2026-06-13,127/91,86.3,99.7,85
HM09639,P0709,2026-02-26,165/65,73.9,98.5,79
HM09640,P0301,2026-07-23,115/64,105.6,98.4,62
HM09641,P0237,2026-03-22,116/84,142.6,97.9,68
HM09642,P0600,2026-02-20,127/77,63.7,97.8,70
HM09643,P0285,2026-07-15,125/71,95.8,98.0,85
HM09644,P0220,2026-07-27,126/111,70.7,99.0,77
HM09645,P0142,2026-02-17,97/75,62.0,98.3,74
HM09646,P0245,2026-01-06,111/67,150.6,98.1,80
HM09647,P0351,2026-07-05,128/81,103.6,99.6,104
HM09648,P0760,2026-09-04,153/80,113.3,99.2,68
HM09649,P0522,2026-04-01,159/89,105.2,98.5,85
HM09650,P0869,2026-07-27,116/92,159.5,98.0,72
HM09651,P0189,2026-09-06,122/66,60.0,97.8,66
HM09652,P0967,2026-06-13,160/74,130.9,97.6,99
HM09653,P0621,2026-08-24,121/65,138.5,98.4,92
HM09654,P0582,2026-08-04,121/81,62.2,99.0,78
HM09655,P0090,2026-04-28,122/77,105.1,99.0,66
HM09656,P0097,2026-06-19,139/60,60.0,99.5,65
HM09657,P0420,2026-04-04,127/76,127.0,98.2,90
HM09658,P0100,2026-05-15,96/88,113.2,96.8,71
HM09659,P0937,2026-09-04,92/59,99.7,99.3,81
HM09660,P0343,2026-09-10,150/80,169.2,99.5,66
HM09661,P0301,2026-03-06,126/71,109.9,99.7,70
HM09662,P0363,2026-07-17,101/66,101.2,101.6,95
HM09663,P0040,2026-05-08,90/79,93.0,99.1,63
HM09664,P0504,2026-06-15,104/73,90.8,98.8,73
HM09665,P0811,2026-03-03,145/70,145.3,97.2,85
HM09666,P0283,2026-03-25,115/90,60.0,97.5,92
HM09667,P0060,2026-07-08,120/59,90.3,98.5,68
HM09668,P0647,2026-08-07,148/93,138.4,99.1,71
HM09669,P0876,2026-09-10,154/92,110.5,96.7,49
HM09670,P0221,2026-07-10,144/60,82.8,98.6,62
HM09671,P0190,2026-07-19,173/82,166.7,99.1,47
HM09672,P0426,2026-05-28,139/79,112.8,98.2,90
HM09673,P0211,2026-02-15,157/65,117.7,99.5,75
HM09674,P0741,2026-05-13,129/82,189.0,98.9,102
HM09675,P0447,2026-01-23,159/77,125.5,100.0,64
HM09676,P0237,2026-08-06,140/89,105.3,97.9,75
HM09677,P0382,2026-05-11,139/97,140.9,97.1,96
HM09678,P0293,2026-09-23,148/77,92.1,97.4,90
HM09679,P0260,2026-05-06,90/93,99.2,98.5,45
HM09680,P0361,2026-06-23,90/71,83.1,98.9,81
HM09681,P0595,2026-09-21,163/86,92.2,99.3,72
HM09682,P0063,2026-08-30,114/80,171.7,99.1,90
HM09683,P0123,2026-03-08,164/91,72.0,98.7,97
HM09684,P0224,2026-08-01,94/79,77.6,98.3,91
HM09685,P0030,2026-09-26,151/77,138.1,96.8,57
HM09686,P0870,2026-07-06,147/55,90.9,98.8,80
HM09687,P0876,2026-09-18,90/86,84.9,98.3,70
HM09688,P0094,2026-05-06,111/58,102.4,99.3,72
HM09689,P0767,2026-05-05,117/71,70.0,97.3,80
HM09690,P0784,2026-05-04,174/91,136.7,100.0,83
HM09691,P0730,2026-05-16,146/82,130.8,96.9,74
HM09692,P0580,2026-04-07,113/72,91.4,99.5,73
HM09693,P0182,2026-03-06,122/107,142.1,98.2,90
HM09694,P0796,2026-01-22,111/74,102.3,98.4,83
HM09695,P0440,2026-01-10,106/84,136.2,97.8,76
HM09696,P0538,2026-01-03,102/61,74.9,98.8,84
HM09697,P0622,2026-02-10,163/80,116.8,98.5,65
HM09698,P0611,2026-07-29,143/84,81.8,98.5,87
HM09699,P0318,2026-07-04,98/92,99.2,96.0,89
HM09700,P0744,2026-05-19,151/66,60.0,99.4,70
HM09701,P0426,2026-05-08,151/58,164.2,99.2,84
HM09702,P0803,2026-09-18,90/75,150.3,96.7,71
HM09703,P0175,2026-03-26,132/66,160.5,99.2,80
HM09704,P0112,2026-04-26,133/73,135.6,97.7,75
HM09705,P0423,2026-02-12,115/97,157.2,97.3,94
HM09706,P0074,2026-01-18,109/102,170.0,100.2,81
HM09707,P0056,2026-05-30,119/76,128.1,97.3,49
HM09708,P0929,2026-03-04,117/80,134.4,98.6,79
HM09709,P0770,2026-06-03,148/69,91.5,100.1,45
HM09710,P0824,2026-02-01,147/86,115.0,99.0,86
HM09711,P0807,2026-09-04,95/68,98.2,96.3,77
HM09712,P0807,2026-09-01,137/93,117.7,97.5,80
HM09713,P0751,2026-07-14,123/89,113.4,99.0,74
HM09714,P0042,2026-04-08,150/82,94.1,97.9,86
HM09715,P0961,2026-04-09,99/78,152.4,98.7,64
HM09716,P0194,2026-08-31,131/63,121.5,99.4,78
HM09717,P0438,2026-02-06,102/77,121.8,99.2,90
HM09718,P0248,2026-08-02,103/76,128.8,97.7,83
HM09719,P0484,2026-03-01,98/83,151.0,98.2,80
HM09720,P0336,2026-01-11,141/74,136.8,98.2,67
HM09721,P0532,2026-04-29,143/96,155.5,99.0,84
HM09722,P0778,2026-04-01,132/78,91.8,96.3,59
HM09723,P0822,2026-03-03,125/64,129.5,99.8,45
HM09724,P0289,2026-04-16,105/106,144.2,98.1,71
HM09725,P0725,2026-02-11,136/91,70.6,99.5,82
HM09726,P0720,2026-01-01,143/92,125.9,98.6,84
HM09727,P0449,2026-06-19,117/87,105.9,98.2,96
HM09728,P0860,2026-04-23,124/84,108.9,97.9,101
HM09729,P0764,2026-06-20,95/80,72.9,99.3,77
HM09730,P0484,2026-08-19,115/57,170.2,97.0,83
HM09731,P0281,2026-08-15,143/106,95.7,97.4,72
HM09732,P0379,2026-06-19,113/57,172.2,97.8,76
HM09733,P0681,2026-09-24,137/96,74.4,98.5,63
HM09734,P0337,2026-09-21,131/83,98.4,98.4,81
HM09735,P0175,2026-06-30,123/77,67.2,97.2,70
HM09736,P0741,2026-09-21,104/73,112.3,98.3,84
HM09737,P0669,2026-04-04,128/81,133.8,97.4,68
HM09738,P0220,2026-08-20,117/71,60.0,98.7,66
HM09739,P0461,2026-03-07,161/81,62.4,98.8,78
HM09740,P0105,2026-05-23,130/74,82.4,96.9,62
HM09741,P0585,2026-01-12,97/75,113.2,96.8,88
HM09742,P0155,2026-02-01,127/109,100.8,100.2,86
HM09743,P0788,2026-04-20,90/65,126.1,96.6,67
HM09744,P0561,2026-03-16,93/105,153.5,97.9,96
HM09745,P0555,2026-09-23,150/95,95.4,97.9,64
HM09746,P0616,2026-08-02,122/70,77.4,99.2,86
HM09747,P0693,2026-02-13,107/91,125.8,97.9,97
HM09748,P0168,2026-06-07,131/101,134.8,98.8,65
HM09749,P0136,2026-02-21,113/97,155.7,97.9,61
HM09750,P0964,2026-08-02,158/92,74.9,97.2,100
HM09751,P0791,2026-06-21,114/74,91.2,98.5,61
HM09752,P0877,2026-07-04,129/63,66.0,97.0,62
HM09753,P0069,2026-02-28,139/88,109.3,97.6,94
HM09754,P0430,2026-03-29,138/65,127.3,98.5,86
HM09755,P0790,2026-01-22,179/70,134.4,99.5,98
HM09756,P0751,2026-01-24,128/64,60.0,98.9,82
HM09757,P0589,2026-06-15,127/83,149.2,98.7,82
HM09758,P0952,2026-07-18,113/92,94.8,99.1,73
HM09759,P0492,2026-06-09,136/101,138.1,99.5,73
HM09760,P0050,2026-06-06,126/75,60.0,99.2,84
HM09761,P0154,2026-05-28,134/94,75.3,97.0,92
HM09762,P0907,2026-05-25,123/82,63.7,99.5,86
HM09763,P0670,2026-04-07,113/105,67.3,97.9,89
HM09764,P0101,2026-05-06,148/62,105.1,98.9,95
HM09765,P0949,2026-05-25,152/88,118.1,98.0,83
HM09766,P0465,2026-07-07,153/77,105.4,99.2,90
HM09767,P0658,2026-06-24,115/64,60.0,98.3,64
HM09768,P0105,2026-04-21,142/59,171.5,97.9,68
HM09769,P0660,2026-02-17,114/69,168.0,98.8,79
HM09770,P0911,2026-03-29,100/79,88.0,96.0,69
HM09771,P0127,2026-01-15,137/74,109.9,99.1,88
HM09772,P0925,2026-01-31,164/55,85.5,99.0,83
HM09773,P0025,2026-09-18,126/72,122.9,98.4,55
HM09774,P0165,2026-01-06,129/73,144.4,98.5,101
HM09775,P0505,2026-05-22,124/66,60.0,97.4,82
HM09776,P0651,2026-06-02,137/72,99.9,98.3,82
HM09777,P0035,2026-08-19,145/72,89.0,100.0,99
HM09778,P0969,2026-08-30,114/93,192.2,99.4,68
HM09779,P0749,2026-07-20,127/58,81.2,98.2,80
HM09780,P0927,2026-03-09,111/55,121.8,98.9,87
HM09781,P0128,2026-08-15,120/78,123.6,98.6,76
HM09782,P0890,2026-07-27,90/96,98.7,97.1,73
HM09783,P0382,2026-02-26,127/72,96.1,97.9,82
HM09784,P0503,2026-05-30,109/84,66.7,100.0,90
HM09785,P0477,2026-09-16,119/84,74.1,98.7,88
HM09786,P0658,2026-05-28,130/90,114.8,98.1,70
HM09787,P0484,2026-07-09,136/69,129.5,98.5,94
HM09788,P0094,2026-08-15,136/58,91.8,97.6,69
HM09789,P0949,2026-09-02,144/55,164.9,99.1,80
HM09790,P0245,2026-06-27,131/80,120.6,99.2,75
HM09791,P0168,2026-03-20,137/69,133.6,98.0,83
HM09792,P0343,2026-03-15,107/85,113.4,99.6,81
HM09793,P0742,2026-02-28,134/74,125.9,98.6,73
HM09794,P0250,2026-06-24,116/70,112.3,97.6,81
HM09795,P0076,2026-04-07,109/78,81.9,99.2,78
HM09796,P0217,2026-02-01,125/87,177.1,98.3,60
HM09797,P0021,2026-07-03,148/63,97.6,99.3,73
HM09798,P0340,2026-02-07,113/83,115.3,97.6,88
HM09799,P0740,2026-07-20,149/96,134.3,97.6,62
HM09800,P0926,2026-05-17,90/92,121.8,97.8,54
HM09801,P0125,2026-03-13,101/58,165.5,98.8,62
HM09802,P0453,2026-05-06,157/71,127.2,98.5,76
HM09803,P0199,2026-04-18,118/80,105.2,98.4,81
HM09804,P0285,2026-07-14,114/93,85.7,98.6,73
HM09805,P0553,2026-01-10,107/76,91.9,98.8,76
HM09806,P0911,2026-04-17,152/68,60.0,98.6,98
HM09807,P0676,2026-07-16,134/68,79.2,100.0,73
HM09808,P0632,2026-03-25,104/94,109.8,96.4,102
HM09809,P0585,2026-03-29,136/61,163.9,97.3,64
HM09810,P0600,2026-01-15,107/103,186.6,97.7,98
HM09811,P0406,2026-07-09,90/90,162.7,99.6,78
HM09812,P0321,2026-08-20,136/71,115.9,98.1,75
HM09813,P0988,2026-02-09,147/82,174.3,98.4,104
HM09814,P0004,2026-09-01,149/78,121.1,97.4,79
HM09815,P0761,2026-08-10,105/95,103.0,98.5,50
HM09816,P0879,2026-02-08,119/75,147.2,98.7,90
HM09817,P0929,2026-06-27,133/94,129.7,97.0,76
HM09818,P0300,2026-04-21,124/55,79.4,100.0,74
HM09819,P0961,2026-02-12,122/55,67.8,98.6,72
HM09820,P0917,2026-09-05,102/95,90.5,97.0,78
HM09821,P0290,2026-07-21,108/70,112.9,97.6,57
HM09822,P0538,2026-05-28,136/90,106.2,98.8,73
HM09823,P0062,2026-06-15,90/90,111.5,98.3,76
HM09824,P0166,2026-08-10,121/81,120.6,99.3,83
HM09825,P0268,2026-01-30,148/98,60.0,99.3,85
HM09826,P0036,2026-06-14,134/91,105.7,98.7,65
HM09827,P0805,2026-06-30,96/86,112.6,98.2,68
HM09828,P0922,2026-03-27,132/74,113.4,97.8,68
HM09829,P0618,2026-06-27,120/94,98.4,98.1,74
HM09830,P0864,2026-02-01,112/94,67.3,98.1,67
HM09831,P0699,2026-04-17,136/81,156.4,98.9,78
HM09832,P0951,2026-02-04,139/90,83.1,98.9,81
HM09833,P0052,2026-08-09,134/75,85.1,97.3,45
HM09834,P0322,2026-02-07,110/109,143.8,98.5,89
HM09835,P0713,2026-09-04,119/75,104.8,97.5,70
HM09836,P0134,2026-06-16,124/80,161.4,99.1,60
HM09837,P0697,2026-08-21,119/66,60.0,98.3,84
HM09838,P0145,2026-04-20,126/85,103.3,97.3,73
HM09839,P0729,2026-08-06,152/84,61.8,98.3,93
HM09840,P0703,2026-05-18,140/95,62.9,98.3,73
HM09841,P0608,2026-09-09,136/69,84.7,98.2,66
HM09842,P0673,2026-07-28,130/55,156.2,96.0,88
HM09843,P0929,2026-06-24,113/62,120.9,99.0,91
HM09844,P0851,2026-03-30,147/69,122.2,96.6,78
HM09845,P0941,2026-06-02,131/75,60.0,97.7,100
HM09846,P0688,2026-01-06,132/74,109.4,98.5,59
HM09847,P0992,2026-04-29,95/71,97.1,99.8,78
HM09848,P0281,2026-09-06,114/80,60.0,97.4,69
HM09849,P0223,2026-09-01,104/94,138.1,97.1,62
HM09850,P0323,2026-04-29,99/77,122.0,98.6,65
HM09851,P0968,2026-07-24,121/79,156.9,98.9,60
HM09852,P0513,2026-05-01,90/78,92.7,97.3,68
HM09853,P0650,2026-08-29,136/61,179.7,97.6,85
HM09854,P0159,2026-01-02,111/61,109.9,97.1,79
HM09855,P0841,2026-07-04,124/71,120.3,99.1,76
HM09856,P0129,2026-07-06,110/84,130.5,97.9,94
HM09857,P0123,2026-02-03,119/97,92.1,99.0,75
HM09858,P0515,2026-03-17,130/55,190.9,98.5,90
HM09859,P0777,2026-09-28,97/82,108.7,97.2,93
HM09860,P0700,2026-01-19,127/79,136.9,97.4,79
HM09861,P0959,2026-02-12,126/81,151.0,97.8,71
HM09862,P0012,2026-06-13,112/72,153.6,98.1,90
HM09863,P0469,2026-03-21,130/69,62.3,96.9,67
HM09864,P0662,2026-06-02,145/95,118.3,99.0,71
HM09865,P0957,2026-02-07,112/89,120.8,98.9,78
HM09866,P0548,2026-08-16,117/77,125.7,98.4,66
HM09867,P0480,2026-06-07,122/61,102.8,97.4,45
HM09868,P0427,2026-05-11,169/70,82.1,99.7,63
HM09869,P0795,2026-02-25,95/77,97.7,97.6,66
HM09870,P0117,2026-09-03,121/99,60.0,99.0,96
HM09871,P0510,2026-02-15,112/84,110.7,96.7,92
HM09872,P0236,2026-06-03,125/73,61.7,98.7,79
HM09873,P0307,2026-04-19,137/86,86.5,96.0,76
HM09874,P0365,2026-02-26,121/81,168.1,98.2,86
HM09875,P0988,2026-04-27,132/63,69.8,99.2,67
HM09876,P0285,2026-09-04,132/67,141.1,98.4,74
HM09877,P0129,2026-01-15,138/83,89.7,98.2,86
HM09878,P0890,2026-01-01,147/78,177.5,97.5,59
HM09879,P0040,2026-03-22,96/79,115.4,98.3,69
HM09880,P0566,2026-04-05,169/98,74.9,98.1,78
HM09881,P0162,2026-05-30,138/61,60.0,97.1,96
HM09882,P0024,2026-07-05,111/89,135.6,98.0,87
HM09883,P0100,2026-08-04,100/74,60.0,98.3,68
HM09884,P0274,2026-08-22,168/80,143.7,98.8,77
HM09885,P0690,2026-07-12,144/80,131.6,100.3,80
HM09886,P0887,2026-05-26,114/71,112.1,98.3,78
HM09887,P0178,2026-01-28,93/55,81.1,98.3,78
HM09888,P0251,2026-08-29,134/84,97.5,97.3,84
HM09889,P0165,2026-03-29,129/66,136.9,99.1,87
HM09890,P0365,2026-06-05,144/70,144.8,98.1,102
HM09891,P0014,2026-09-10,142/85,175.1,97.7,84
HM09892,P0582,2026-06-17,169/89,120.3,98.0,66
HM09893,P0323,2026-09-12,119/70,106.9,98.1,89
HM09894,P0735,2026-02-27,116/72,146.1,98.8,75
HM09895,P0453,2026-07-03,137/76,107.5,99.6,76
HM09896,P0898,2026-07-28,116/80,60.0,98.0,81
HM09897,P0547,2026-08-18,164/81,130.3,98.5,105
HM09898,P0535,2026-08-18,145/62,158.0,97.3,70
HM09899,P0805,2026-09-08,99/101,156.5,99.3,90
HM09900,P0588,2026-02-05,138/76,122.2,97.7,67
HM09901,P0231,2026-05-24,112/108,101.6,99.1,102
HM09902,P0100,2026-03-02,140/70,89.2,98.3,105
HM09903,P0831,2026-06-16,153/86,107.9,98.5,80
HM09904,P0819,2026-03-13,128/69,83.7,98.5,64
HM09905,P0303,2026-03-11,112/80,126.6,99.2,62
HM09906,P0955,2026-02-23,99/95,173.7,97.3,67
HM09907,P0162,2026-03-21,135/80,117.0,97.5,86
HM09908,P0627,2026-08-31,120/76,75.4,98.9,73
HM09909,P0330,2026-01-16,124/94,78.4,98.1,59
HM09910,P0989,2026-06-20,114/95,61.1,98.4,97
HM09911,P0623,2026-03-04,135/72,76.1,96.5,96
HM09912,P0215,2026-02-04,116/58,79.3,97.2,72
HM09913,P0878,2026-07-06,172/91,132.0,99.3,100
HM09914,P0230,2026-08-13,135/97,92.6,97.4,65
HM09915,P0629,2026-03-28,130/55,161.4,97.8,87
HM09916,P0614,2026-06-09,97/93,163.4,98.3,84
HM09917,P0303,2026-09-25,104/80,149.0,97.9,96
HM09918,P0203,2026-04-15,90/76,60.0,98.5,75
HM09919,P0238,2026-08-16,121/88,105.1,100.7,87
HM09920,P0666,2026-08-28,125/71,83.1,98.6,71
HM09921,P0267,2026-09-08,144/79,112.2,98.3,76
HM09922,P0930,2026-03-18,130/104,133.9,98.6,87
HM09923,P0683,2026-07-04,122/68,60.0,96.4,86
HM09924,P0423,2026-03-02,132/78,197.7,98.2,49
HM09925,P0268,2026-02-08,140/93,140.2,99.3,56
HM09926,P0863,2026-07-16,126/70,133.3,99.6,73
HM09927,P0888,2026-04-25,138/69,114.4,97.7,99
HM09928,P0987,2026-09-08,103/81,162.9,96.4,83
HM09929,P0115,2026-02-25,127/71,157.6,99.7,85
HM09930,P0784,2026-04-11,119/62,121.3,98.1,76
HM09931,P0277,2026-06-28,115/72,116.0,97.1,90
HM09932,P0854,2026-05-12,109/81,103.7,98.8,85
HM09933,P0278,2026-09-28,135/65,108.3,99.6,73
HM09934,P0032,2026-09-12,145/79,104.2,98.4,68
HM09935,P0948,2026-04-10,142/69,134.4,99.2,83
HM09936,P0036,2026-02-22,113/82,89.3,98.0,71
HM09937,P0928,2026-01-18,109/87,149.4,99.1,80
HM09938,P0294,2026-09-27,154/71,160.0,99.0,78
HM09939,P0458,2026-07-25,129/92,138.2,98.4,72
HM09940,P0837,2026-06-30,106/81,74.9,98.9,56
HM09941,P0884,2026-09-05,131/76,99.6,98.0,45
HM09942,P0042,2026-06-15,116/69,85.1,101.0,61
HM09943,P0917,2026-05-08,132/70,83.1,97.0,91
HM09944,P0810,2026-06-30,149/72,146.9,97.3,73
HM09945,P0775,2026-07-22,138/67,89.1,98.2,78
HM09946,P0248,2026-03-09,103/106,85.5,99.1,85
HM09947,P0973,2026-06-15,108/85,85.6,98.3,87
HM09948,P0139,2026-07-10,113/84,94.8,98.4,79
HM09949,P0898,2026-02-19,117/58,142.3,100.0,79
HM09950,P0079,2026-09-18,112/82,155.1,99.4,88
HM09951,P0466,2026-02-11,133/88,119.1,97.3,73
HM09952,P0973,2026-07-23,118/83,60.0,98.7,53
HM09953,P0381,2026-01-06,133/94,146.3,97.4,85
HM09954,P0906,2026-03-03,139/100,127.8,99.1,72
HM09955,P0572,2026-04-30,107/90,145.7,97.6,63
HM09956,P0762,2026-08-15,127/80,123.2,99.0,90
HM09957,P0331,2026-05-13,125/68,89.6,97.7,76
HM09958,P0040,2026-01-03,114/77,117.6,97.6,81
HM09959,P0497,2026-05-23,161/77,91.1,98.5,68
HM09960,P0255,2026-04-24,122/71,77.6,97.4,70
HM09961,P0118,2026-04-18,104/95,130.1,99.0,61
HM09962,P0036,2026-04-12,119/85,172.8,97.5,62
HM09963,P0431,2026-02-26,128/71,174.7,98.7,74
HM09964,P0517,2026-03-04,119/78,60.0,98.2,72
HM09965,P0357,2026-06-21,137/69,138.9,98.7,79
HM09966,P0778,2026-02-18,150/57,130.5,98.2,77
HM09967,P0183,2026-09-09,105/62,146.2,98.9,99
HM09968,P0523,2026-06-20,164/61,109.6,98.4,89
HM09969,P0533,2026-08-17,153/67,96.1,99.4,57
HM09970,P0585,2026-06-27,103/85,186.9,96.7,78
HM09971,P0590,2026-09-12,136/97,130.6,96.5,62
HM09972,P0020,2026-06-04,152/85,75.6,98.6,81
HM09973,P0346,2026-03-26,90/55,125.9,100.0,81
HM09974,P0397,2026-01-27,90/60,136.9,98.9,75
HM09975,P0869,2026-08-31,115/89,153.7,98.8,66
HM09976,P0344,2026-01-14,142/75,93.9,97.6,78
HM09977,P0738,2026-06-10,136/55,89.4,97.8,90
HM09978,P0561,2026-01-27,107/76,143.3,98.2,96
HM09979,P0118,2026-07-07,121/102,187.2,98.6,83
HM09980,P0137,2026-09-27,136/89,119.3,99.3,84
HM09981,P0195,2026-05-05,152/62,122.6,99.1,64
HM09982,P0091,2026-02-19,133/87,175.5,97.9,80
HM09983,P0741,2026-08-07,113/78,171.7,98.2,69
HM09984,P0869,2026-01-03,121/73,99.6,97.7,72
HM09985,P0625,2026-01-30,101/80,80.7,99.2,74
HM09986,P0594,2026-02-04,133/84,60.0,98.0,98
HM09987,P0404,2026-03-06,109/107,134.1,98.7,80
HM09988,P0944,2026-06-11,145/93,114.3,97.8,60
HM09989,P0726,2026-02-01,141/80,85.5,97.7,77
HM09990,P0658,2026-01-23,105/80,60.0,97.7,64
HM09991,P0700,2026-01-15,129/68,95.4,100.2,88
HM09992,P0015,2026-08-20,137/95,132.9,96.9,62
HM09993,P0292,2026-08-08,90/82,77.9,97.7,74
HM09994,P0345,2026-06-04,112/79,105.1,97.9,59
HM09995,P0424,2026-09-18,129/106,124.7,100.2,71
HM09996,P0226,2026-03-12,119/79,109.1,99.2,51
HM09997,P0506,2026-06-25,115/99,97.6,99.0,85
HM09998,P0910,2026-01-07,123/83,112.0,96.3,83
HM09999,P0751,2026-01-04,112/63,128.5,98.5,89
HM10000,P0637,2026-08-11,119/90,115.7,98.5,83
